ISO-10303-21;
HEADER;
FILE_DESCRIPTION((''),'2;1');
FILE_NAME('15EDGVC-3_81-03P-1Y-00A_H_','2020-05-23T',('Administrator'),(''),
'CREO PARAMETRIC BY PTC INC, 2015200','CREO PARAMETRIC BY PTC INC, 2015200','');
FILE_SCHEMA(('AUTOMOTIVE_DESIGN { 1 0 10303 214 1 1 1 1 }'));
ENDSEC;
DATA;
#15=DIRECTION('',(1.E0,1.920685832603E-13,8.659739592081E-14));
#16=VECTOR('',#15,3.999999999998E-1);
#17=CARTESIAN_POINT('',(1.122999999994E1,2.850000000001E0,-7.599999999760E0));
#18=LINE('',#17,#16);
#19=DIRECTION('',(-8.881784197010E-14,1.E0,-5.107025913281E-14));
#20=VECTOR('',#19,3.999999999996E-1);
#21=CARTESIAN_POINT('',(1.162999999994E1,2.850000000001E0,-7.599999999760E0));
#22=LINE('',#21,#20);
#23=DIRECTION('',(-1.E0,-5.551115123129E-13,-9.103828801932E-14));
#24=VECTOR('',#23,3.999999999997E-1);
#25=CARTESIAN_POINT('',(1.162999999994E1,3.250000000001E0,-7.599999999760E0));
#26=LINE('',#25,#24);
#27=DIRECTION('',(-3.552713678805E-14,-1.E0,4.440892098507E-14));
#28=VECTOR('',#27,3.999999999995E-1);
#29=CARTESIAN_POINT('',(1.122999999994E1,3.250000000001E0,-7.599999999760E0));
#30=LINE('',#29,#28);
#31=DIRECTION('',(3.015113445785E-1,3.015113445793E-1,-9.045340337325E-1));
#32=VECTOR('',#31,6.633249580707E-1);
#33=CARTESIAN_POINT('',(1.102999999994E1,2.65E0,-6.999999999761E0));
#34=LINE('',#33,#32);
#35=DIRECTION('',(-3.015113445791E-1,3.015113445783E-1,9.045340337327E-1));
#36=VECTOR('',#35,6.633249580689E-1);
#37=CARTESIAN_POINT('',(1.122999999994E1,3.250000000001E0,-7.599999999760E0));
#38=LINE('',#37,#36);
#39=DIRECTION('',(2.553512956638E-13,1.E0,-1.992850329202E-12));
#40=VECTOR('',#39,8.000000000001E-1);
#41=CARTESIAN_POINT('',(1.102999999994E1,2.65E0,-6.999999999761E0));
#42=LINE('',#41,#40);
#43=DIRECTION('',(1.370332419153E-14,-7.371880884517E-14,1.E0));
#44=VECTOR('',#43,3.499999999522E0);
#45=CARTESIAN_POINT('',(1.102999999994E1,3.45E0,-6.999999999762E0));
#46=LINE('',#45,#44);
#47=DIRECTION('',(1.E0,1.698641227676E-13,-1.176836406103E-13));
#48=VECTOR('',#47,8.E-1);
#49=CARTESIAN_POINT('',(1.102999999994E1,3.45E0,-6.999999999762E0));
#50=LINE('',#49,#48);
#51=DIRECTION('',(-1.065814103786E-14,-1.126717766859E-13,1.E0));
#52=VECTOR('',#51,3.499999999522E0);
#53=CARTESIAN_POINT('',(1.182999999994E1,3.45E0,-6.999999999762E0));
#54=LINE('',#53,#52);
#55=DIRECTION('',(3.015113445781E-1,-3.015113445795E-1,9.045340337326E-1));
#56=VECTOR('',#55,6.633249580705E-1);
#57=CARTESIAN_POINT('',(1.162999999994E1,2.850000000001E0,-7.599999999760E0));
#58=LINE('',#57,#56);
#59=DIRECTION('',(-3.015113445789E-1,-3.015113445783E-1,-9.045340337327E-1));
#60=VECTOR('',#59,6.633249580687E-1);
#61=CARTESIAN_POINT('',(1.182999999994E1,3.45E0,-6.999999999762E0));
#62=LINE('',#61,#60);
#63=DIRECTION('',(6.661338147749E-14,-1.E0,1.992850329202E-12));
#64=VECTOR('',#63,8.000000000002E-1);
#65=CARTESIAN_POINT('',(1.182999999994E1,3.45E0,-6.999999999762E0));
#66=LINE('',#65,#64);
#67=DIRECTION('',(0.E0,-5.861977570823E-14,1.E0));
#68=VECTOR('',#67,3.499999999521E0);
#69=CARTESIAN_POINT('',(1.182999999994E1,2.65E0,-6.999999999761E0));
#70=LINE('',#69,#68);
#71=CARTESIAN_POINT('',(1.143E1,3.05E0,-3.500000000240E0));
#72=DIRECTION('',(0.E0,0.E0,1.E0));
#73=DIRECTION('',(1.E0,0.E0,0.E0));
#74=AXIS2_PLACEMENT_3D('',#71,#72,#73);
#76=CARTESIAN_POINT('',(1.143E1,3.05E0,-3.500000000240E0));
#77=DIRECTION('',(0.E0,0.E0,1.E0));
#78=DIRECTION('',(-1.E0,0.E0,0.E0));
#79=AXIS2_PLACEMENT_3D('',#76,#77,#78);
#81=DIRECTION('',(1.E0,0.E0,0.E0));
#82=VECTOR('',#81,7.999999999999E-1);
#83=CARTESIAN_POINT('',(1.102999999994E1,3.45E0,-3.500000000240E0));
#84=LINE('',#83,#82);
#85=DIRECTION('',(1.065814103640E-13,-1.E0,0.E0));
#86=VECTOR('',#85,8.E-1);
#87=CARTESIAN_POINT('',(1.182999999994E1,3.45E0,-3.500000000240E0));
#88=LINE('',#87,#86);
#89=DIRECTION('',(-1.E0,0.E0,0.E0));
#90=VECTOR('',#89,8.000000000001E-1);
#91=CARTESIAN_POINT('',(1.182999999994E1,2.65E0,-3.500000000240E0));
#92=LINE('',#91,#90);
#93=DIRECTION('',(1.065814103640E-13,1.E0,0.E0));
#94=VECTOR('',#93,8.E-1);
#95=CARTESIAN_POINT('',(1.102999999994E1,2.65E0,-3.500000000240E0));
#96=LINE('',#95,#94);
#97=DIRECTION('',(0.E0,0.E0,-1.E0));
#98=VECTOR('',#97,1.099999999640E0);
#99=CARTESIAN_POINT('',(1.048000000008E1,3.05E0,-2.400000000600E0));
#100=LINE('',#99,#98);
#101=DIRECTION('',(0.E0,0.E0,-1.E0));
#102=VECTOR('',#101,1.099999999640E0);
#103=CARTESIAN_POINT('',(1.237999999992E1,3.05E0,-2.400000000600E0));
#104=LINE('',#103,#102);
#105=DIRECTION('',(0.E0,-1.E0,0.E0));
#106=VECTOR('',#105,4.549999792766E0);
#107=CARTESIAN_POINT('',(9.914342710143E0,5.199776767840E0,-2.400000000600E0));
#108=LINE('',#107,#106);
#109=DIRECTION('',(9.999999999999E-1,3.773164142236E-7,0.E0));
#110=VECTOR('',#109,7.406591070288E-1);
#111=CARTESIAN_POINT('',(9.914342710143E0,6.497769750742E-1,-2.400000000600E0));
#112=LINE('',#111,#110);
#113=CARTESIAN_POINT('',(1.143E1,-7.499999990800E-1,-2.400000000600E0));
#114=DIRECTION('',(0.E0,0.E0,-1.E0));
#115=DIRECTION('',(-4.843746785787E-1,8.748606579060E-1,0.E0));
#116=AXIS2_PLACEMENT_3D('',#113,#114,#115);
#118=DIRECTION('',(1.E0,-4.309988785347E-8,0.E0));
#119=VECTOR('',#118,7.410609392568E-1);
#120=CARTESIAN_POINT('',(1.220459636048E1,6.500001231616E-1,-2.400000000600E0));
#121=LINE('',#120,#119);
#122=DIRECTION('',(1.327452682458E-13,1.E0,0.E0));
#123=VECTOR('',#122,4.549776676618E0);
#124=CARTESIAN_POINT('',(1.294565729974E1,6.500000912219E-1,-2.400000000600E0));
#125=LINE('',#124,#123);
#126=DIRECTION('',(-1.E0,0.E0,0.E0));
#127=VECTOR('',#126,7.656573011391E-1);
#128=CARTESIAN_POINT('',(1.294565729974E1,5.199776767840E0,-2.400000000600E0));
#129=LINE('',#128,#127);
#130=DIRECTION('',(0.E0,1.E0,0.E0));
#131=VECTOR('',#130,4.499999991600E-1);
#132=CARTESIAN_POINT('',(1.217999999860E1,5.199776767840E0,-2.400000000600E0));
#133=LINE('',#132,#131);
#134=DIRECTION('',(1.E0,0.E0,0.E0));
#135=VECTOR('',#134,3.000000019800E-1);
#136=CARTESIAN_POINT('',(1.217999999860E1,5.649776767E0,-2.400000000600E0));
#137=LINE('',#136,#135);
#138=DIRECTION('',(3.624462595049E-1,9.320046721830E-1,0.E0));
#139=VECTOR('',#138,9.656603960493E-1);
#140=CARTESIAN_POINT('',(1.248000000058E1,5.649776767E0,-2.400000000600E0));
#141=LINE('',#140,#139);
#142=DIRECTION('',(-1.E0,2.131628209454E-14,0.E0));
#143=VECTOR('',#142,9.999999989801E-1);
#144=CARTESIAN_POINT('',(1.282999999908E1,6.549776767860E0,-2.400000000600E0));
#145=LINE('',#144,#143);
#146=DIRECTION('',(-1.E0,0.E0,0.E0));
#147=VECTOR('',#146,1.000000001520E0);
#148=CARTESIAN_POINT('',(1.102999999990E1,6.549776767860E0,-2.400000000600E0));
#149=LINE('',#148,#147);
#150=DIRECTION('',(3.624462617895E-1,-9.320046712945E-1,0.E0));
#151=VECTOR('',#150,9.656603969699E-1);
#152=CARTESIAN_POINT('',(1.002999999838E1,6.549776767860E0,-2.400000000600E0));
#153=LINE('',#152,#151);
#154=DIRECTION('',(1.E0,4.144832633003E-14,0.E0));
#155=VECTOR('',#154,2.999999994401E-1);
#156=CARTESIAN_POINT('',(1.037999999942E1,5.649776767E0,-2.400000000600E0));
#157=LINE('',#156,#155);
#158=DIRECTION('',(0.E0,-1.E0,0.E0));
#159=VECTOR('',#158,4.499999991600E-1);
#160=CARTESIAN_POINT('',(1.067999999886E1,5.649776767E0,-2.400000000600E0));
#161=LINE('',#160,#159);
#162=DIRECTION('',(-1.E0,0.E0,0.E0));
#163=VECTOR('',#162,7.656572887171E-1);
#164=CARTESIAN_POINT('',(1.067999999886E1,5.199776767840E0,-2.400000000600E0));
#165=LINE('',#164,#163);
#166=CARTESIAN_POINT('',(1.143E1,3.05E0,-2.400000000600E0));
#167=DIRECTION('',(0.E0,0.E0,-1.E0));
#168=DIRECTION('',(-1.E0,0.E0,0.E0));
#169=AXIS2_PLACEMENT_3D('',#166,#167,#168);
#171=CARTESIAN_POINT('',(1.143E1,3.05E0,-2.400000000600E0));
#172=DIRECTION('',(0.E0,0.E0,-1.E0));
#173=DIRECTION('',(1.E0,0.E0,0.E0));
#174=AXIS2_PLACEMENT_3D('',#171,#172,#173);
#176=DIRECTION('',(8.466004089923E-3,2.425263094462E-1,9.701078888460E-1));
#177=VECTOR('',#176,8.246560607882E-1);
#178=CARTESIAN_POINT('',(9.855000008800E0,4.497765705208E-1,-9.200000048036E0));
#179=LINE('',#178,#177);
#180=DIRECTION('',(-1.E0,0.E0,-6.704827752529E-9));
#181=VECTOR('',#180,8.249999897836E-1);
#182=CARTESIAN_POINT('',(1.067999999886E1,5.199776767840E0,-9.199999999760E0));
#183=LINE('',#182,#181);
#184=DIRECTION('',(8.726535505481E-3,0.E0,9.999619230641E-1));
#185=VECTOR('',#184,6.800258937715E0);
#186=CARTESIAN_POINT('',(9.855000009076E0,5.199776767840E0,-9.200000005292E0));
#187=LINE('',#186,#185);
#188=DIRECTION('',(0.E0,-1.E0,3.157967720384E-14));
#189=VECTOR('',#188,4.499999991600E-1);
#190=CARTESIAN_POINT('',(1.067999999886E1,5.649776767E0,-9.199999999760E0));
#191=LINE('',#190,#189);
#192=DIRECTION('',(0.E0,0.E0,1.E0));
#193=VECTOR('',#192,6.799999999160E0);
#194=CARTESIAN_POINT('',(1.067999999886E1,5.199776767840E0,-9.199999999760E0));
#195=LINE('',#194,#193);
#196=DIRECTION('',(1.E0,4.144832633004E-14,0.E0));
#197=VECTOR('',#196,2.999999994400E-1);
#198=CARTESIAN_POINT('',(1.037999999942E1,5.649776767E0,-9.199999999760E0));
#199=LINE('',#198,#197);
#200=DIRECTION('',(0.E0,0.E0,1.E0));
#201=VECTOR('',#200,6.799999999160E0);
#202=CARTESIAN_POINT('',(1.067999999886E1,5.649776767E0,-9.199999999760E0));
#203=LINE('',#202,#201);
#204=DIRECTION('',(0.E0,0.E0,1.E0));
#205=VECTOR('',#204,6.799999999160E0);
#206=CARTESIAN_POINT('',(1.037999999942E1,5.649776767E0,-9.199999999760E0));
#207=LINE('',#206,#205);
#208=DIRECTION('',(-1.E0,0.E0,0.E0));
#209=VECTOR('',#208,2.800000000700E0);
#210=CARTESIAN_POINT('',(1.282999999908E1,6.549776767860E0,-9.199999999760E0));
#211=LINE('',#210,#209);
#212=DIRECTION('',(0.E0,0.E0,1.E0));
#213=VECTOR('',#212,6.799999999160E0);
#214=CARTESIAN_POINT('',(1.002999999838E1,6.549776767860E0,-9.199999999760E0));
#215=LINE('',#214,#213);
#216=DIRECTION('',(0.E0,0.E0,-1.E0));
#217=VECTOR('',#216,1.200000000300E0);
#218=CARTESIAN_POINT('',(1.102999999990E1,6.549776767860E0,-2.400000000600E0));
#219=LINE('',#218,#217);
#220=DIRECTION('',(0.E0,0.E0,1.E0));
#221=VECTOR('',#220,6.799999999160E0);
#222=CARTESIAN_POINT('',(1.282999999908E1,6.549776767860E0,-9.199999999760E0));
#223=LINE('',#222,#221);
#224=DIRECTION('',(1.E0,0.E0,1.184237885118E-14));
#225=VECTOR('',#224,3.000000019800E-1);
#226=CARTESIAN_POINT('',(1.217999999860E1,5.649776767E0,-9.199999999760E0));
#227=LINE('',#226,#225);
#228=DIRECTION('',(0.E0,0.E0,1.E0));
#229=VECTOR('',#228,6.799999999160E0);
#230=CARTESIAN_POINT('',(1.248000000058E1,5.649776767E0,-9.199999999760E0));
#231=LINE('',#230,#229);
#232=DIRECTION('',(0.E0,1.E0,-1.973729825240E-14));
#233=VECTOR('',#232,4.499999991600E-1);
#234=CARTESIAN_POINT('',(1.217999999860E1,5.199776767840E0,-9.199999999760E0));
#235=LINE('',#234,#233);
#236=DIRECTION('',(0.E0,0.E0,1.E0));
#237=VECTOR('',#236,6.799999999160E0);
#238=CARTESIAN_POINT('',(1.217999999860E1,5.649776767E0,-9.199999999760E0));
#239=LINE('',#238,#237);
#240=DIRECTION('',(8.726535498441E-3,0.E0,-9.999619230642E-1));
#241=VECTOR('',#240,6.800258932183E0);
#242=CARTESIAN_POINT('',(1.294565729974E1,5.199776767840E0,-2.400000000600E0));
#243=LINE('',#242,#241);
#244=DIRECTION('',(-1.E0,0.E0,1.291895879897E-14));
#245=VECTOR('',#244,8.250000021093E-1);
#246=CARTESIAN_POINT('',(1.300500000071E1,5.199776767840E0,-9.199999999760E0));
#247=LINE('',#246,#245);
#248=DIRECTION('',(0.E0,0.E0,1.E0));
#249=VECTOR('',#248,6.799999999160E0);
#250=CARTESIAN_POINT('',(1.217999999860E1,5.199776767840E0,-9.199999999760E0));
#251=LINE('',#250,#249);
#252=DIRECTION('',(8.466003204968E-3,-2.425265106333E-1,-9.701078385570E-1));
#253=VECTOR('',#252,8.246543363397E-1);
#254=CARTESIAN_POINT('',(1.299801847468E1,6.500004208699E-1,-8.399996392869E0));
#255=LINE('',#254,#253);
#256=DIRECTION('',(5.269858618518E-13,1.E0,-1.973729819670E-14));
#257=VECTOR('',#256,1.800000001720E0);
#258=CARTESIAN_POINT('',(1.299103701224E1,2.849999999281E0,-7.599999999760E0));
#259=LINE('',#258,#257);
#260=DIRECTION('',(-8.726535444917E-3,-5.493927022677E-8,9.999619230646E-1));
#261=VECTOR('',#260,6.000224862443E0);
#262=CARTESIAN_POINT('',(1.299801847468E1,6.500004208699E-1,-8.399996392869E0));
#263=LINE('',#262,#261);
#264=DIRECTION('',(-6.621836047436E-8,-1.978432426603E-7,1.E0));
#265=VECTOR('',#264,5.999993436597E0);
#266=CARTESIAN_POINT('',(1.220459675779E1,6.500013102197E-1,-8.399993437197E0));
#267=LINE('',#266,#265);
#268=DIRECTION('',(3.287609497906E-7,-1.505241976475E-7,-9.999999999999E-1));
#269=VECTOR('',#268,5.999992655836E0);
#270=CARTESIAN_POINT('',(1.065500181717E1,6.497772545371E-1,-2.400000000600E0));
#271=LINE('',#270,#269);
#272=DIRECTION('',(-8.726535380227E-3,6.440292959720E-8,-9.999619230652E-1));
#273=VECTOR('',#272,6.000223167387E0);
#274=CARTESIAN_POINT('',(9.914342710143E0,6.497769750742E-1,-2.400000000600E0));
#275=LINE('',#274,#273);
#276=DIRECTION('',(-9.999999999959E-1,1.273751405931E-6,-2.574260262831E-6));
#277=VECTOR('',#276,7.930222393548E-1);
#278=CARTESIAN_POINT('',(1.065500378973E1,6.497763513930E-1,-8.399992656435E0));
#279=LINE('',#278,#277);
#280=DIRECTION('',(0.E0,1.E0,-4.144832621307E-14));
#281=VECTOR('',#280,1.800000001720E0);
#282=CARTESIAN_POINT('',(5.619999999940E0,2.849999999281E0,-9.199999999760E0));
#283=LINE('',#282,#281);
#284=DIRECTION('',(1.E0,0.E0,0.E0));
#285=VECTOR('',#284,8.250000021059E-1);
#286=CARTESIAN_POINT('',(6.044999999174E0,5.199776767840E0,-9.199999999760E0));
#287=LINE('',#286,#285);
#288=DIRECTION('',(0.E0,1.E0,-1.973729825240E-14));
#289=VECTOR('',#288,4.499999991600E-1);
#290=CARTESIAN_POINT('',(6.870000001280E0,5.199776767840E0,-9.199999999760E0));
#291=LINE('',#290,#289);
#292=DIRECTION('',(-1.E0,0.E0,-1.776356827676E-14));
#293=VECTOR('',#292,3.000000019800E-1);
#294=CARTESIAN_POINT('',(6.870000001280E0,5.649776767E0,-9.199999999760E0));
#295=LINE('',#294,#293);
#296=DIRECTION('',(-3.624462595049E-1,9.320046721830E-1,-1.839525413559E-14));
#297=VECTOR('',#296,9.656603960493E-1);
#298=CARTESIAN_POINT('',(6.569999999300E0,5.649776767E0,-9.199999999760E0));
#299=LINE('',#298,#297);
#300=DIRECTION('',(1.E0,0.E0,0.E0));
#301=VECTOR('',#300,2.800000000700E0);
#302=CARTESIAN_POINT('',(6.220000000800E0,6.549776767860E0,-9.199999999760E0));
#303=LINE('',#302,#301);
#304=DIRECTION('',(-3.624462617895E-1,-9.320046712945E-1,2.023477952986E-14));
#305=VECTOR('',#304,9.656603969699E-1);
#306=CARTESIAN_POINT('',(9.020000001500E0,6.549776767860E0,-9.199999999760E0));
#307=LINE('',#306,#305);
#308=DIRECTION('',(-1.E0,4.144832633003E-14,-2.960594737859E-14));
#309=VECTOR('',#308,2.999999994401E-1);
#310=CARTESIAN_POINT('',(8.670000000460E0,5.649776767E0,-9.199999999760E0));
#311=LINE('',#310,#309);
#312=DIRECTION('',(0.E0,-1.E0,3.157967720384E-14));
#313=VECTOR('',#312,4.499999991600E-1);
#314=CARTESIAN_POINT('',(8.370000001020E0,5.649776767E0,-9.199999999760E0));
#315=LINE('',#314,#313);
#316=DIRECTION('',(1.E0,0.E0,-6.704793301972E-9));
#317=VECTOR('',#316,8.249999897835E-1);
#318=CARTESIAN_POINT('',(8.370000001020E0,5.199776767840E0,-9.199999999760E0));
#319=LINE('',#318,#317);
#320=CARTESIAN_POINT('',(7.619988910541E0,-7.499856582499E-1,
-9.199999999760E0));
#321=DIRECTION('',(0.E0,6.471014200670E-14,1.E0));
#322=DIRECTION('',(5.153434468466E-1,8.569837406814E-1,-5.582906657894E-14));
#323=AXIS2_PLACEMENT_3D('',#320,#321,#322);
#325=DIRECTION('',(-1.E0,0.E0,-7.661473039498E-9));
#326=VECTOR('',#325,4.249999991751E-1);
#327=CARTESIAN_POINT('',(1.342999999994E1,2.849999999281E0,-9.199999999760E0));
#328=LINE('',#327,#326);
#329=DIRECTION('',(6.984042632864E-11,-1.E0,-1.068147074195E-8));
#330=VECTOR('',#329,2.400000117082E0);
#331=CARTESIAN_POINT('',(1.300500000076E1,2.849999999281E0,-9.200000003016E0));
#332=LINE('',#331,#330);
#333=DIRECTION('',(-9.999999999999E-1,-3.751917751538E-7,3.813234267185E-9));
#334=VECTOR('',#333,8.538878791525E-1);
#335=CARTESIAN_POINT('',(1.300500000093E1,4.499998821988E-1,-9.200000028652E0));
#336=LINE('',#335,#334);
#337=CARTESIAN_POINT('',(1.143001108934E1,-7.499856582499E-1,
-9.199999999760E0));
#338=DIRECTION('',(0.E0,6.471014200670E-14,1.E0));
#339=DIRECTION('',(5.150779788283E-1,8.571433227449E-1,-5.582906657894E-14));
#340=AXIS2_PLACEMENT_3D('',#337,#338,#339);
#342=DIRECTION('',(-9.999999999999E-1,3.904089913686E-7,-6.480623375041E-9));
#343=VECTOR('',#342,8.535384932811E-1);
#344=CARTESIAN_POINT('',(1.070853850208E1,4.497762372917E-1,-9.200000042505E0));
#345=LINE('',#344,#343);
#346=DIRECTION('',(5.818970794289E-11,1.E0,8.998854340204E-9));
#347=VECTOR('',#346,4.750000197319E0);
#348=CARTESIAN_POINT('',(9.855000008800E0,4.497765705208E-1,-9.200000048036E0));
#349=LINE('',#348,#347);
#350=DIRECTION('',(-3.624462617895E-1,9.320046712945E-1,-1.839525411806E-14));
#351=VECTOR('',#350,9.656603969699E-1);
#352=CARTESIAN_POINT('',(1.037999999942E1,5.649776767E0,-9.199999999760E0));
#353=LINE('',#352,#351);
#354=DIRECTION('',(-3.624462595049E-1,-9.320046721830E-1,1.655572872203E-14));
#355=VECTOR('',#354,9.656603960493E-1);
#356=CARTESIAN_POINT('',(1.282999999908E1,6.549776767860E0,-9.199999999760E0));
#357=LINE('',#356,#355);
#358=DIRECTION('',(-2.164804251808E-13,-1.E0,2.907946009891E-14));
#359=VECTOR('',#358,5.497767668390E-1);
#360=CARTESIAN_POINT('',(1.300500000071E1,5.199776767840E0,-9.199999999760E0));
#361=LINE('',#360,#359);
#362=DIRECTION('',(1.E0,-5.851528422733E-14,0.E0));
#363=VECTOR('',#362,4.249999992308E-1);
#364=CARTESIAN_POINT('',(1.300500000071E1,4.650000001001E0,-9.199999999760E0));
#365=LINE('',#364,#363);
#366=DIRECTION('',(0.E0,1.E0,1.951454871258E-13));
#367=VECTOR('',#366,6.999999998042E0);
#368=CARTESIAN_POINT('',(1.372999999994E1,5.000000000018E-2,-9.199999999760E0));
#369=LINE('',#368,#367);
#370=DIRECTION('',(0.E0,-3.286260152891E-14,-1.E0));
#371=VECTOR('',#370,4.999999999999E-1);
#372=CARTESIAN_POINT('',(5.804999999940E0,2.849999999281E0,-7.599999999760E0));
#373=LINE('',#372,#371);
#374=DIRECTION('',(-1.658525933538E-1,-4.339575587899E-14,-9.861505550766E-1));
#375=VECTOR('',#374,1.115448340355E0);
#376=CARTESIAN_POINT('',(5.804999999940E0,2.849999999281E0,-8.099999999760E0));
#377=LINE('',#376,#375);
#378=DIRECTION('',(1.E0,5.642545265485E-14,-7.661443781813E-9));
#379=VECTOR('',#378,4.249999991775E-1);
#380=CARTESIAN_POINT('',(5.619999999940E0,2.849999999281E0,-9.199999999760E0));
#381=LINE('',#380,#379);
#382=DIRECTION('',(8.726535516244E-3,2.386888609221E-14,9.999619230640E-1));
#383=VECTOR('',#382,1.600060928674E0);
#384=CARTESIAN_POINT('',(6.044999999117E0,2.849999999281E0,-9.200000003016E0));
#385=LINE('',#384,#383);
#386=DIRECTION('',(0.E0,0.E0,-1.E0));
#387=VECTOR('',#386,4.999999999999E-1);
#388=CARTESIAN_POINT('',(5.804999999940E0,4.650000001001E0,-7.599999999760E0));
#389=LINE('',#388,#387);
#390=DIRECTION('',(0.E0,1.E0,-4.144832621307E-14));
#391=VECTOR('',#390,1.800000001720E0);
#392=CARTESIAN_POINT('',(5.804999999940E0,2.849999999281E0,-7.599999999760E0));
#393=LINE('',#392,#391);
#394=DIRECTION('',(-1.E0,0.E0,-1.253898947718E-14));
#395=VECTOR('',#394,4.249999992343E-1);
#396=CARTESIAN_POINT('',(6.044999999174E0,4.650000001001E0,-9.199999999760E0));
#397=LINE('',#396,#395);
#398=DIRECTION('',(1.658525933538E-1,3.742386286812E-14,9.861505550766E-1));
#399=VECTOR('',#398,1.115448340355E0);
#400=CARTESIAN_POINT('',(5.619999999940E0,4.650000001001E0,-9.199999999760E0));
#401=LINE('',#400,#399);
#402=DIRECTION('',(-8.726535498606E-3,-2.053834388858E-14,-9.999619230642E-1));
#403=VECTOR('',#402,1.600060925417E0);
#404=CARTESIAN_POINT('',(6.058962987640E0,4.650000001001E0,-7.599999999760E0));
#405=LINE('',#404,#403);
#406=DIRECTION('',(0.E0,1.E0,-5.230384022125E-14));
#407=VECTOR('',#406,1.800000001720E0);
#408=CARTESIAN_POINT('',(5.804999999940E0,2.849999999281E0,-8.099999999760E0));
#409=LINE('',#408,#407);
#410=DIRECTION('',(-1.E0,4.546457560874E-14,-5.245912570239E-14));
#411=VECTOR('',#410,2.539629876999E-1);
#412=CARTESIAN_POINT('',(6.058962987640E0,4.650000001001E0,-7.599999999760E0));
#413=LINE('',#412,#411);
#414=DIRECTION('',(1.E0,-1.049182514048E-14,-9.792370131118E-14));
#415=VECTOR('',#414,2.539629876997E-1);
#416=CARTESIAN_POINT('',(5.804999999940E0,2.849999999281E0,-7.599999999760E0));
#417=LINE('',#416,#415);
#418=DIRECTION('',(8.092292260646E-14,1.E0,-2.023073065162E-14));
#419=VECTOR('',#418,1.800000001720E0);
#420=CARTESIAN_POINT('',(6.058962987640E0,2.849999999281E0,-7.599999999760E0));
#421=LINE('',#420,#419);
#422=DIRECTION('',(2.762548709396E-13,-1.E0,3.231051122101E-14));
#423=VECTOR('',#422,5.497767668390E-1);
#424=CARTESIAN_POINT('',(6.044999999174E0,5.199776767840E0,-9.199999999760E0));
#425=LINE('',#424,#423);
#426=DIRECTION('',(-6.602347987351E-11,-1.E0,-1.028657037083E-8));
#427=VECTOR('',#426,2.400000112817E0);
#428=CARTESIAN_POINT('',(6.044999999117E0,2.849999999281E0,-9.200000003016E0));
#429=LINE('',#428,#427);
#430=DIRECTION('',(1.522591645977E-14,1.E0,0.E0));
#431=VECTOR('',#430,4.549999792765E0);
#432=CARTESIAN_POINT('',(9.135657289737E0,6.497769750747E-1,-2.400000000600E0));
#433=LINE('',#432,#431);
#434=DIRECTION('',(3.624462617895E-1,9.320046712945E-1,0.E0));
#435=VECTOR('',#434,9.656603969699E-1);
#436=CARTESIAN_POINT('',(8.670000000460E0,5.649776767E0,-2.400000000600E0));
#437=LINE('',#436,#435);
#438=DIRECTION('',(0.E0,-1.E0,0.E0));
#439=VECTOR('',#438,1.999999987800E-1);
#440=CARTESIAN_POINT('',(8.019999999980E0,6.549776767860E0,-2.400000000600E0));
#441=LINE('',#440,#439);
#442=DIRECTION('',(-1.E0,0.E0,0.E0));
#443=VECTOR('',#442,8.000000002E-1);
#444=CARTESIAN_POINT('',(8.019999999980E0,6.349776769080E0,-2.400000000600E0));
#445=LINE('',#444,#443);
#446=DIRECTION('',(0.E0,1.E0,0.E0));
#447=VECTOR('',#446,1.999999987800E-1);
#448=CARTESIAN_POINT('',(7.219999999780E0,6.349776769080E0,-2.400000000600E0));
#449=LINE('',#448,#447);
#450=DIRECTION('',(3.624462595049E-1,-9.320046721830E-1,0.E0));
#451=VECTOR('',#450,9.656603960493E-1);
#452=CARTESIAN_POINT('',(6.220000000800E0,6.549776767860E0,-2.400000000600E0));
#453=LINE('',#452,#451);
#454=DIRECTION('',(0.E0,-1.E0,0.E0));
#455=VECTOR('',#454,4.549776676617E0);
#456=CARTESIAN_POINT('',(6.104342700144E0,5.199776767840E0,-2.400000000600E0));
#457=LINE('',#456,#455);
#458=DIRECTION('',(1.E0,7.293076240268E-8,0.E0));
#459=VECTOR('',#458,7.410610252573E-1);
#460=CARTESIAN_POINT('',(6.104342700144E0,6.500000912226E-1,-2.400000000600E0));
#461=LINE('',#460,#459);
#462=CARTESIAN_POINT('',(7.619999999880E0,-7.499999990800E-1,
-2.400000000600E0));
#463=DIRECTION('',(0.E0,0.E0,-1.E0));
#464=DIRECTION('',(-4.841228164453E-1,8.750000563412E-1,0.E0));
#465=AXIS2_PLACEMENT_3D('',#462,#463,#464);
#467=DIRECTION('',(9.999999999999E-1,-3.295177883646E-7,0.E0));
#468=VECTOR('',#467,7.406589693751E-1);
#469=CARTESIAN_POINT('',(8.394998320362E0,6.497772191350E-1,-2.400000000600E0));
#470=LINE('',#469,#468);
#471=CARTESIAN_POINT('',(7.619999999880E0,3.05E0,-2.400000000600E0));
#472=DIRECTION('',(0.E0,0.E0,-1.E0));
#473=DIRECTION('',(-1.E0,0.E0,0.E0));
#474=AXIS2_PLACEMENT_3D('',#471,#472,#473);
#476=CARTESIAN_POINT('',(7.619999999880E0,3.05E0,-2.400000000600E0));
#477=DIRECTION('',(0.E0,0.E0,-1.E0));
#478=DIRECTION('',(1.E0,0.E0,0.E0));
#479=AXIS2_PLACEMENT_3D('',#476,#477,#478);
#481=DIRECTION('',(-6.099186390636E-11,1.E0,9.319680065352E-9));
#482=VECTOR('',#481,4.750000204177E0);
#483=CARTESIAN_POINT('',(9.194999991093E0,4.497765636634E-1,-9.200000049560E0));
#484=LINE('',#483,#482);
#485=DIRECTION('',(9.999999999957E-1,1.407052804642E-6,-2.575578460869E-6));
#486=VECTOR('',#485,7.930218203211E-1);
#487=CARTESIAN_POINT('',(8.394996629215E0,6.497762446381E-1,-8.399992659569E0));
#488=LINE('',#487,#486);
#489=DIRECTION('',(-8.726535380227E-3,-6.422877218017E-8,9.999619230652E-1));
#490=VECTOR('',#489,6.000223171565E0);
#491=CARTESIAN_POINT('',(9.188018449533E0,6.497773604617E-1,-8.399994702059E0));
#492=LINE('',#491,#490);
#493=DIRECTION('',(-3.745486555930E-8,2.051364419969E-7,-1.E0));
#494=VECTOR('',#493,5.999993434639E0);
#495=CARTESIAN_POINT('',(6.845403725401E0,6.500001452687E-1,-2.400000000600E0));
#496=LINE('',#495,#494);
#497=DIRECTION('',(2.818581284862E-7,1.624163511888E-7,9.999999999999E-1));
#498=VECTOR('',#497,5.999992658969E0);
#499=CARTESIAN_POINT('',(8.394996629215E0,6.497762446381E-1,-8.399992659569E0));
#500=LINE('',#499,#498);
#501=DIRECTION('',(-8.726535445112E-3,5.504795490223E-8,-9.999619230646E-1));
#502=VECTOR('',#501,6.000224859831E0);
#503=CARTESIAN_POINT('',(6.104342700144E0,6.500000912226E-1,-2.400000000600E0));
#504=LINE('',#503,#502);
#505=DIRECTION('',(9.999999999923E-1,1.203096678148E-6,3.724396884085E-6));
#506=VECTOR('',#505,7.934219754524E-1);
#507=CARTESIAN_POINT('',(6.051981525226E0,6.500004215227E-1,-8.399996390257E0));
#508=LINE('',#507,#506);
#509=DIRECTION('',(-8.466003212743E-3,-2.425265060363E-1,-9.701078397062E-1));
#510=VECTOR('',#509,8.246543370776E-1);
#511=CARTESIAN_POINT('',(6.051981525226E0,6.500004215227E-1,-8.399996390257E0));
#512=LINE('',#511,#510);
#513=DIRECTION('',(1.E0,-2.271494166585E-7,3.813215506768E-9));
#514=VECTOR('',#513,8.538883534080E-1);
#515=CARTESIAN_POINT('',(6.044999998959E0,4.499998864636E-1,-9.200000027704E0));
#516=LINE('',#515,#514);
#517=CARTESIAN_POINT('',(6.845403500672E0,6.500013760860E-1,-8.399993435239E0));
#518=CARTESIAN_POINT('',(6.851257291470E0,6.273311160293E-1,-8.490674475466E0));
#519=CARTESIAN_POINT('',(6.863007850307E0,5.822884735228E-1,-8.670846439713E0));
#520=CARTESIAN_POINT('',(6.880849853459E0,5.156216364145E-1,-8.937513875219E0));
#521=CARTESIAN_POINT('',(6.892848949033E0,4.717738312027E-1,-9.112903469651E0));
#522=CARTESIAN_POINT('',(6.898888352367E0,4.499996925034E-1,-9.200000024448E0));
#524=CARTESIAN_POINT('',(7.619988910541E0,-7.499856582499E-1,
-8.399991221762E0));
#525=DIRECTION('',(0.E0,6.471014200670E-14,1.E0));
#526=DIRECTION('',(4.843828853757E-1,8.748561140868E-1,-5.662186739476E-14));
#527=AXIS2_PLACEMENT_3D('',#524,#525,#526);
#529=CARTESIAN_POINT('',(7.619988910541E0,-7.499856582499E-1,
-8.399991221762E0));
#530=DIRECTION('',(0.E0,6.471014200670E-14,1.E0));
#531=DIRECTION('',(5.417380430446E-12,1.E0,-6.439349625287E-14));
#532=AXIS2_PLACEMENT_3D('',#529,#530,#531);
#534=CARTESIAN_POINT('',(8.394996629215E0,6.497762446381E-1,-8.399992659569E0));
#535=CARTESIAN_POINT('',(8.389254131074E0,6.275507334288E-1,-8.488894704406E0));
#536=CARTESIAN_POINT('',(8.377633588412E0,5.831045360888E-1,-8.666692931148E0));
#537=CARTESIAN_POINT('',(8.359782134097E0,5.164364898572E-1,-8.933361226179E0));
#538=CARTESIAN_POINT('',(8.347628783915E0,4.719949506409E-1,-9.111124318717E0));
#539=CARTESIAN_POINT('',(8.341462289094E0,4.497760193130E-1,-9.200000044029E0));
#541=DIRECTION('',(9.999999999998E-1,6.377578957247E-7,-6.480600246599E-9));
#542=VECTOR('',#541,8.535377019994E-1);
#543=CARTESIAN_POINT('',(8.341462289094E0,4.497760193130E-1,-9.200000044029E0));
#544=LINE('',#543,#542);
#545=DIRECTION('',(-8.466004073865E-3,2.425263168376E-1,9.701078869982E-1));
#546=VECTOR('',#545,8.246560596232E-1);
#547=CARTESIAN_POINT('',(9.194999991093E0,4.497765636634E-1,-9.200000049560E0));
#548=LINE('',#547,#546);
#549=DIRECTION('',(1.E0,0.E0,0.E0));
#550=VECTOR('',#549,7.656572887171E-1);
#551=CARTESIAN_POINT('',(8.370000001020E0,5.199776767840E0,-2.400000000600E0));
#552=LINE('',#551,#550);
#553=DIRECTION('',(8.726535505483E-3,0.E0,-9.999619230641E-1));
#554=VECTOR('',#553,6.800258937715E0);
#555=CARTESIAN_POINT('',(9.135657289737E0,5.199776767840E0,-2.400000000600E0));
#556=LINE('',#555,#554);
#557=DIRECTION('',(0.E0,0.E0,1.E0));
#558=VECTOR('',#557,6.799999999160E0);
#559=CARTESIAN_POINT('',(8.370000001020E0,5.199776767840E0,-9.199999999760E0));
#560=LINE('',#559,#558);
#561=DIRECTION('',(0.E0,-1.E0,0.E0));
#562=VECTOR('',#561,4.499999991600E-1);
#563=CARTESIAN_POINT('',(8.370000001020E0,5.649776767E0,-2.400000000600E0));
#564=LINE('',#563,#562);
#565=DIRECTION('',(0.E0,0.E0,1.E0));
#566=VECTOR('',#565,6.799999999160E0);
#567=CARTESIAN_POINT('',(8.370000001020E0,5.649776767E0,-9.199999999760E0));
#568=LINE('',#567,#566);
#569=DIRECTION('',(-1.E0,3.848773159218E-14,0.E0));
#570=VECTOR('',#569,2.999999994400E-1);
#571=CARTESIAN_POINT('',(8.670000000460E0,5.649776767E0,-2.400000000600E0));
#572=LINE('',#571,#570);
#573=DIRECTION('',(0.E0,0.E0,1.E0));
#574=VECTOR('',#573,6.799999999160E0);
#575=CARTESIAN_POINT('',(8.670000000460E0,5.649776767E0,-9.199999999760E0));
#576=LINE('',#575,#574);
#577=DIRECTION('',(0.E0,0.E0,1.E0));
#578=VECTOR('',#577,6.799999999160E0);
#579=CARTESIAN_POINT('',(9.020000001500E0,6.549776767860E0,-9.199999999760E0));
#580=LINE('',#579,#578);
#581=DIRECTION('',(1.E0,1.953992525333E-14,0.E0));
#582=VECTOR('',#581,9.999999989801E-1);
#583=CARTESIAN_POINT('',(6.220000000800E0,6.549776767860E0,-2.400000000600E0));
#584=LINE('',#583,#582);
#585=DIRECTION('',(0.E0,0.E0,-1.E0));
#586=VECTOR('',#585,1.200000000300E0);
#587=CARTESIAN_POINT('',(7.219999999780E0,6.549776767860E0,-2.400000000600E0));
#588=LINE('',#587,#586);
#589=DIRECTION('',(1.E0,0.E0,0.E0));
#590=VECTOR('',#589,8.000000002E-1);
#591=CARTESIAN_POINT('',(7.219999999780E0,6.549776767860E0,-3.600000000900E0));
#592=LINE('',#591,#590);
#593=DIRECTION('',(1.E0,0.E0,0.E0));
#594=VECTOR('',#593,1.000000001520E0);
#595=CARTESIAN_POINT('',(8.019999999980E0,6.549776767860E0,-2.400000000600E0));
#596=LINE('',#595,#594);
#597=DIRECTION('',(0.E0,0.E0,1.E0));
#598=VECTOR('',#597,6.799999999160E0);
#599=CARTESIAN_POINT('',(6.220000000800E0,6.549776767860E0,-9.199999999760E0));
#600=LINE('',#599,#598);
#601=DIRECTION('',(0.E0,0.E0,-1.E0));
#602=VECTOR('',#601,1.200000000300E0);
#603=CARTESIAN_POINT('',(7.219999999780E0,6.349776769080E0,-2.400000000600E0));
#604=LINE('',#603,#602);
#605=DIRECTION('',(0.E0,1.E0,0.E0));
#606=VECTOR('',#605,1.999999987800E-1);
#607=CARTESIAN_POINT('',(7.219999999780E0,6.349776769080E0,-3.600000000900E0));
#608=LINE('',#607,#606);
#609=DIRECTION('',(0.E0,0.E0,-1.E0));
#610=VECTOR('',#609,1.200000000300E0);
#611=CARTESIAN_POINT('',(8.019999999980E0,6.349776769080E0,-2.400000000600E0));
#612=LINE('',#611,#610);
#613=DIRECTION('',(-1.E0,0.E0,0.E0));
#614=VECTOR('',#613,8.000000002E-1);
#615=CARTESIAN_POINT('',(8.019999999980E0,6.349776769080E0,-3.600000000900E0));
#616=LINE('',#615,#614);
#617=DIRECTION('',(0.E0,0.E0,-1.E0));
#618=VECTOR('',#617,1.200000000300E0);
#619=CARTESIAN_POINT('',(8.019999999980E0,6.549776767860E0,-2.400000000600E0));
#620=LINE('',#619,#618);
#621=DIRECTION('',(0.E0,-1.E0,0.E0));
#622=VECTOR('',#621,1.999999987800E-1);
#623=CARTESIAN_POINT('',(8.019999999980E0,6.549776767860E0,-3.600000000900E0));
#624=LINE('',#623,#622);
#625=DIRECTION('',(0.E0,0.E0,1.E0));
#626=VECTOR('',#625,6.799999999160E0);
#627=CARTESIAN_POINT('',(6.569999999300E0,5.649776767E0,-9.199999999760E0));
#628=LINE('',#627,#626);
#629=DIRECTION('',(-1.E0,0.E0,0.E0));
#630=VECTOR('',#629,3.000000019800E-1);
#631=CARTESIAN_POINT('',(6.870000001280E0,5.649776767E0,-2.400000000600E0));
#632=LINE('',#631,#630);
#633=DIRECTION('',(0.E0,0.E0,1.E0));
#634=VECTOR('',#633,6.799999999160E0);
#635=CARTESIAN_POINT('',(6.870000001280E0,5.649776767E0,-9.199999999760E0));
#636=LINE('',#635,#634);
#637=DIRECTION('',(0.E0,1.E0,0.E0));
#638=VECTOR('',#637,4.499999991600E-1);
#639=CARTESIAN_POINT('',(6.870000001280E0,5.199776767840E0,-2.400000000600E0));
#640=LINE('',#639,#638);
#641=DIRECTION('',(0.E0,0.E0,1.E0));
#642=VECTOR('',#641,6.799999999160E0);
#643=CARTESIAN_POINT('',(6.870000001280E0,5.199776767840E0,-9.199999999760E0));
#644=LINE('',#643,#642);
#645=DIRECTION('',(1.E0,0.E0,0.E0));
#646=VECTOR('',#645,7.656573011359E-1);
#647=CARTESIAN_POINT('',(6.104342700144E0,5.199776767840E0,-2.400000000600E0));
#648=LINE('',#647,#646);
#649=DIRECTION('',(8.726535498393E-3,0.E0,9.999619230642E-1));
#650=VECTOR('',#649,6.800258932183E0);
#651=CARTESIAN_POINT('',(6.044999999174E0,5.199776767840E0,-9.199999999760E0));
#652=LINE('',#651,#650);
#653=DIRECTION('',(0.E0,0.E0,-1.E0));
#654=VECTOR('',#653,1.099999999640E0);
#655=CARTESIAN_POINT('',(6.669999999960E0,3.05E0,-2.400000000600E0));
#656=LINE('',#655,#654);
#657=CARTESIAN_POINT('',(7.619999999880E0,3.05E0,-3.500000000240E0));
#658=DIRECTION('',(0.E0,0.E0,1.E0));
#659=DIRECTION('',(1.E0,0.E0,0.E0));
#660=AXIS2_PLACEMENT_3D('',#657,#658,#659);
#662=CARTESIAN_POINT('',(7.619999999880E0,3.05E0,-3.500000000240E0));
#663=DIRECTION('',(0.E0,0.E0,1.E0));
#664=DIRECTION('',(-1.E0,0.E0,0.E0));
#665=AXIS2_PLACEMENT_3D('',#662,#663,#664);
#667=DIRECTION('',(1.E0,0.E0,0.E0));
#668=VECTOR('',#667,7.999999999999E-1);
#669=CARTESIAN_POINT('',(7.219999999820E0,3.45E0,-3.500000000240E0));
#670=LINE('',#669,#668);
#671=DIRECTION('',(1.065814103640E-13,-1.E0,0.E0));
#672=VECTOR('',#671,8.E-1);
#673=CARTESIAN_POINT('',(8.019999999820E0,3.45E0,-3.500000000240E0));
#674=LINE('',#673,#672);
#675=DIRECTION('',(-1.E0,0.E0,0.E0));
#676=VECTOR('',#675,8.000000000001E-1);
#677=CARTESIAN_POINT('',(8.019999999820E0,2.65E0,-3.500000000240E0));
#678=LINE('',#677,#676);
#679=DIRECTION('',(1.054711873394E-13,1.E0,0.E0));
#680=VECTOR('',#679,8.E-1);
#681=CARTESIAN_POINT('',(7.219999999820E0,2.65E0,-3.500000000240E0));
#682=LINE('',#681,#680);
#683=DIRECTION('',(0.E0,0.E0,-1.E0));
#684=VECTOR('',#683,1.099999999640E0);
#685=CARTESIAN_POINT('',(8.569999999800E0,3.05E0,-2.400000000600E0));
#686=LINE('',#685,#684);
#687=DIRECTION('',(1.E0,1.698641227676E-13,-1.176836406103E-13));
#688=VECTOR('',#687,8.E-1);
#689=CARTESIAN_POINT('',(7.219999999820E0,3.45E0,-6.999999999762E0));
#690=LINE('',#689,#688);
#691=DIRECTION('',(-1.065814103786E-14,-1.126717766859E-13,1.E0));
#692=VECTOR('',#691,3.499999999522E0);
#693=CARTESIAN_POINT('',(8.019999999820E0,3.45E0,-6.999999999762E0));
#694=LINE('',#693,#692);
#695=DIRECTION('',(3.015113445786E-1,-3.015113445794E-1,9.045340337325E-1));
#696=VECTOR('',#695,6.633249580707E-1);
#697=CARTESIAN_POINT('',(7.819999999820E0,2.850000000001E0,-7.599999999760E0));
#698=LINE('',#697,#696);
#699=DIRECTION('',(-3.015113445791E-1,-3.015113445783E-1,-9.045340337327E-1));
#700=VECTOR('',#699,6.633249580688E-1);
#701=CARTESIAN_POINT('',(8.019999999820E0,3.45E0,-6.999999999762E0));
#702=LINE('',#701,#700);
#703=DIRECTION('',(-3.015113445786E-1,-3.015113445793E-1,9.045340337325E-1));
#704=VECTOR('',#703,6.633249580708E-1);
#705=CARTESIAN_POINT('',(7.419999999820E0,2.850000000001E0,-7.599999999760E0));
#706=LINE('',#705,#704);
#707=DIRECTION('',(-3.015113445791E-1,3.015113445783E-1,9.045340337327E-1));
#708=VECTOR('',#707,6.633249580689E-1);
#709=CARTESIAN_POINT('',(7.419999999820E0,3.250000000001E0,-7.599999999760E0));
#710=LINE('',#709,#708);
#711=DIRECTION('',(8.104628079763E-14,1.E0,-1.992850329202E-12));
#712=VECTOR('',#711,8.000000000001E-1);
#713=CARTESIAN_POINT('',(7.219999999820E0,2.65E0,-6.999999999761E0));
#714=LINE('',#713,#712);
#715=DIRECTION('',(1.395708945434E-14,-7.384569147658E-14,1.E0));
#716=VECTOR('',#715,3.499999999522E0);
#717=CARTESIAN_POINT('',(7.219999999820E0,3.45E0,-6.999999999762E0));
#718=LINE('',#717,#716);
#719=DIRECTION('',(-1.E0,-2.720046410331E-14,1.187938636349E-13));
#720=VECTOR('',#719,8.000000000001E-1);
#721=CARTESIAN_POINT('',(8.019999999820E0,2.65E0,-6.999999999761E0));
#722=LINE('',#721,#720);
#723=DIRECTION('',(0.E0,-5.240252676948E-14,1.E0));
#724=VECTOR('',#723,3.499999999521E0);
#725=CARTESIAN_POINT('',(7.219999999820E0,2.65E0,-6.999999999761E0));
#726=LINE('',#725,#724);
#727=DIRECTION('',(6.661338147749E-14,-1.E0,1.992850329202E-12));
#728=VECTOR('',#727,8.000000000002E-1);
#729=CARTESIAN_POINT('',(8.019999999820E0,3.45E0,-6.999999999762E0));
#730=LINE('',#729,#728);
#731=DIRECTION('',(0.E0,-5.861977570823E-14,1.E0));
#732=VECTOR('',#731,3.499999999521E0);
#733=CARTESIAN_POINT('',(8.019999999820E0,2.65E0,-6.999999999761E0));
#734=LINE('',#733,#732);
#735=DIRECTION('',(1.E0,5.329070518211E-14,0.E0));
#736=VECTOR('',#735,3.999999999993E-1);
#737=CARTESIAN_POINT('',(7.419999999820E0,2.850000000001E0,-7.599999999760E0));
#738=LINE('',#737,#736);
#739=DIRECTION('',(4.596323321953E-13,1.E0,-3.774758283729E-14));
#740=VECTOR('',#739,3.999999999996E-1);
#741=CARTESIAN_POINT('',(7.819999999820E0,2.850000000001E0,-7.599999999760E0));
#742=LINE('',#741,#740);
#743=DIRECTION('',(-1.E0,-5.284661597221E-13,0.E0));
#744=VECTOR('',#743,3.999999999996E-1);
#745=CARTESIAN_POINT('',(7.819999999820E0,3.250000000001E0,-7.599999999760E0));
#746=LINE('',#745,#744);
#747=DIRECTION('',(4.285460875059E-13,-1.E0,3.774758283731E-14));
#748=VECTOR('',#747,3.999999999994E-1);
#749=CARTESIAN_POINT('',(7.419999999820E0,3.250000000001E0,-7.599999999760E0));
#750=LINE('',#749,#748);
#751=DIRECTION('',(-1.E0,-4.196730056199E-14,-7.344277598348E-14));
#752=VECTOR('',#751,2.539629876994E-1);
#753=CARTESIAN_POINT('',(1.324499999994E1,2.849999999281E0,-7.599999999760E0));
#754=LINE('',#753,#752);
#755=DIRECTION('',(8.726535517522E-3,-2.275870534373E-14,-9.999619230640E-1));
#756=VECTOR('',#755,1.600060928674E0);
#757=CARTESIAN_POINT('',(1.299103701224E1,2.849999999281E0,-7.599999999760E0));
#758=LINE('',#757,#756);
#759=DIRECTION('',(-1.658525933538E-1,3.822011526957E-14,9.861505550766E-1));
#760=VECTOR('',#759,1.115448340355E0);
#761=CARTESIAN_POINT('',(1.342999999994E1,2.849999999281E0,-9.199999999760E0));
#762=LINE('',#761,#760);
#763=DIRECTION('',(-1.065814103640E-14,0.E0,-1.E0));
#764=VECTOR('',#763,4.999999999999E-1);
#765=CARTESIAN_POINT('',(1.324499999994E1,2.849999999281E0,-7.599999999760E0));
#766=LINE('',#765,#764);
#767=DIRECTION('',(0.E0,1.E0,-3.355340693439E-14));
#768=VECTOR('',#767,1.800000001720E0);
#769=CARTESIAN_POINT('',(1.324499999994E1,2.849999999281E0,-8.099999999760E0));
#770=LINE('',#769,#768);
#771=DIRECTION('',(-8.726535499920E-3,1.942816313785E-14,9.999619230642E-1));
#772=VECTOR('',#771,1.600060925417E0);
#773=CARTESIAN_POINT('',(1.300500000071E1,4.650000001001E0,-9.199999999760E0));
#774=LINE('',#773,#772);
#775=DIRECTION('',(1.E0,0.E0,-8.743187617113E-14));
#776=VECTOR('',#775,2.539629876985E-1);
#777=CARTESIAN_POINT('',(1.299103701224E1,4.650000001001E0,-7.599999999760E0));
#778=LINE('',#777,#776);
#779=DIRECTION('',(-1.065814103640E-14,-3.907985046681E-14,-1.E0));
#780=VECTOR('',#779,4.999999999999E-1);
#781=CARTESIAN_POINT('',(1.324499999994E1,4.650000001001E0,-7.599999999760E0));
#782=LINE('',#781,#780);
#783=DIRECTION('',(1.658525933538E-1,-3.742386286812E-14,-9.861505550766E-1));
#784=VECTOR('',#783,1.115448340355E0);
#785=CARTESIAN_POINT('',(1.324499999994E1,4.650000001001E0,-8.099999999760E0));
#786=LINE('',#785,#784);
#787=DIRECTION('',(0.E0,1.E0,-4.095489375815E-14));
#788=VECTOR('',#787,1.800000001720E0);
#789=CARTESIAN_POINT('',(1.324499999994E1,2.849999999281E0,-7.599999999760E0));
#790=LINE('',#789,#788);
#791=DIRECTION('',(0.E0,1.E0,-4.144832621307E-14));
#792=VECTOR('',#791,1.800000001720E0);
#793=CARTESIAN_POINT('',(1.342999999994E1,2.849999999281E0,-9.199999999760E0));
#794=LINE('',#793,#792);
#795=DIRECTION('',(-9.999999999924E-1,1.120904314906E-6,3.725221072088E-6));
#796=VECTOR('',#795,7.934217168926E-1);
#797=CARTESIAN_POINT('',(1.299801847468E1,6.500004208699E-1,-8.399996392869E0));
#798=LINE('',#797,#796);
#799=CARTESIAN_POINT('',(1.220459675779E1,6.500013102197E-1,-8.399993437197E0));
#800=CARTESIAN_POINT('',(1.219885784259E1,6.277759460374E-1,-8.488894893926E0));
#801=CARTESIAN_POINT('',(1.218726584461E1,5.833264953978E-1,-8.666694404682E0));
#802=CARTESIAN_POINT('',(1.216942848045E1,5.166596205670E-1,-8.933362147228E0));
#803=CARTESIAN_POINT('',(1.215727489135E1,4.722184558027E-1,-9.111124449493E0));
#804=CARTESIAN_POINT('',(1.215111212178E1,4.499995618271E-1,-9.200000025396E0));
#806=CARTESIAN_POINT('',(1.143001108934E1,-7.499856582499E-1,
-8.399991221762E0));
#807=DIRECTION('',(0.E0,6.471014200670E-14,1.E0));
#808=DIRECTION('',(4.841210939264E-1,8.750010093797E-1,-5.662186739476E-14));
#809=AXIS2_PLACEMENT_3D('',#806,#807,#808);
#811=CARTESIAN_POINT('',(1.143001108934E1,-7.499856582499E-1,
-8.399991221762E0));
#812=DIRECTION('',(0.E0,6.471014200670E-14,1.E0));
#813=DIRECTION('',(-3.074234329727E-12,1.E0,-6.439349625287E-14));
#814=AXIS2_PLACEMENT_3D('',#811,#812,#813);
#816=CARTESIAN_POINT('',(1.065500378973E1,6.497763513930E-1,-8.399992656435E0));
#817=CARTESIAN_POINT('',(1.066086170006E1,6.271041347813E-1,-8.490681522882E0));
#818=CARTESIAN_POINT('',(1.067264207572E1,5.820622927314E-1,-8.670861822816E0));
#819=CARTESIAN_POINT('',(1.069049525673E1,5.153942090679E-1,-8.937529999671E0));
#820=CARTESIAN_POINT('',(1.070249595320E1,4.715486073633E-1,-9.112910562218E0));
#821=CARTESIAN_POINT('',(1.070853850208E1,4.497762372917E-1,-9.200000042505E0));
#823=DIRECTION('',(1.E0,0.E0,0.E0));
#824=VECTOR('',#823,8.41E0);
#825=CARTESIAN_POINT('',(5.319999999940E0,7.049999998042E0,-9.199999999758E0));
#826=LINE('',#825,#824);
#827=DIRECTION('',(0.E0,-1.E0,4.207160979702E-14));
#828=VECTOR('',#827,1.899999980002E-1);
#829=CARTESIAN_POINT('',(5.319999999940E0,7.289999998E0,-6.200000000280E0));
#830=LINE('',#829,#828);
#831=DIRECTION('',(1.E0,0.E0,0.E0));
#832=VECTOR('',#831,8.41E0);
#833=CARTESIAN_POINT('',(5.319999999940E0,7.1E0,-6.200000000280E0));
#834=LINE('',#833,#832);
#835=DIRECTION('',(0.E0,-2.220446034595E-14,-1.E0));
#836=VECTOR('',#835,2.000000013200E-1);
#837=CARTESIAN_POINT('',(5.319999999940E0,7.289999998E0,-5.999999998960E0));
#838=LINE('',#837,#836);
#839=DIRECTION('',(1.E0,0.E0,0.E0));
#840=VECTOR('',#839,8.41E0);
#841=CARTESIAN_POINT('',(5.319999999940E0,7.289999998E0,-6.200000000280E0));
#842=LINE('',#841,#840);
#843=DIRECTION('',(1.E0,0.E0,0.E0));
#844=VECTOR('',#843,8.41E0);
#845=CARTESIAN_POINT('',(5.319999999940E0,7.289999998E0,-5.999999998960E0));
#846=LINE('',#845,#844);
#847=DIRECTION('',(-4.440892218065E-14,1.E0,8.282263986692E-12));
#848=VECTOR('',#847,3.999999892306E-2);
#849=CARTESIAN_POINT('',(5.319999999940E0,7.050000000301E0,-5.800000000181E0));
#850=LINE('',#849,#848);
#851=DIRECTION('',(1.E0,1.306393228501E-13,0.E0));
#852=VECTOR('',#851,8.41E0);
#853=CARTESIAN_POINT('',(5.319999999940E0,7.089999999224E0,-5.800000000181E0));
#854=LINE('',#853,#852);
#855=DIRECTION('',(1.E0,0.E0,0.E0));
#856=VECTOR('',#855,8.41E0);
#857=CARTESIAN_POINT('',(5.319999999940E0,7.050000000301E0,-5.800000000181E0));
#858=LINE('',#857,#856);
#859=DIRECTION('',(0.E0,1.439621583423E-10,1.E0));
#860=VECTOR('',#859,5.300000015226E0);
#861=CARTESIAN_POINT('',(1.372999999994E1,7.050000000301E0,-5.800000000181E0));
#862=LINE('',#861,#860);
#863=DIRECTION('',(1.E0,0.E0,-1.199982120540E-9));
#864=VECTOR('',#863,8.41E0);
#865=CARTESIAN_POINT('',(5.319999999940E0,7.050000001064E0,-4.999999748635E-1));
#866=LINE('',#865,#864);
#867=DIRECTION('',(1.E0,0.E0,0.E0));
#868=VECTOR('',#867,8.E-1);
#869=CARTESIAN_POINT('',(7.219999999820E0,2.65E0,1.913369240826E-13));
#870=LINE('',#869,#868);
#871=DIRECTION('',(0.E0,1.E0,4.663263222868E-14));
#872=VECTOR('',#871,8.E-1);
#873=CARTESIAN_POINT('',(8.019999999820E0,2.65E0,1.913369240826E-13));
#874=LINE('',#873,#872);
#875=DIRECTION('',(-1.E0,0.E0,0.E0));
#876=VECTOR('',#875,8.E-1);
#877=CARTESIAN_POINT('',(8.019999999820E0,3.45E0,2.286430298655E-13));
#878=LINE('',#877,#876);
#879=DIRECTION('',(0.E0,-1.E0,-4.663263222868E-14));
#880=VECTOR('',#879,8.E-1);
#881=CARTESIAN_POINT('',(7.219999999820E0,3.45E0,2.286430298655E-13));
#882=LINE('',#881,#880);
#883=DIRECTION('',(1.E0,0.E0,0.E0));
#884=VECTOR('',#883,8.E-1);
#885=CARTESIAN_POINT('',(1.102999999994E1,2.65E0,1.913369240826E-13));
#886=LINE('',#885,#884);
#887=DIRECTION('',(0.E0,1.E0,4.663263222868E-14));
#888=VECTOR('',#887,8.E-1);
#889=CARTESIAN_POINT('',(1.182999999994E1,2.65E0,1.913369240826E-13));
#890=LINE('',#889,#888);
#891=DIRECTION('',(-1.E0,0.E0,0.E0));
#892=VECTOR('',#891,8.E-1);
#893=CARTESIAN_POINT('',(1.182999999994E1,3.45E0,2.286430298655E-13));
#894=LINE('',#893,#892);
#895=DIRECTION('',(0.E0,-1.E0,-4.663263222868E-14));
#896=VECTOR('',#895,8.E-1);
#897=CARTESIAN_POINT('',(1.102999999994E1,3.45E0,2.286430298655E-13));
#898=LINE('',#897,#896);
#899=DIRECTION('',(1.E0,2.326689508254E-12,0.E0));
#900=VECTOR('',#899,8.41E0);
#901=CARTESIAN_POINT('',(5.319999999940E0,6.550000001716E0,6.105412711134E-14));
#902=LINE('',#901,#900);
#903=DIRECTION('',(0.E0,-1.E0,0.E0));
#904=VECTOR('',#903,6.500000001735E0);
#905=CARTESIAN_POINT('',(1.372999999994E1,6.550000001736E0,6.105412711134E-14));
#906=LINE('',#905,#904);
#907=DIRECTION('',(-1.712915523560E-14,1.697055194638E-14,-1.E0));
#908=VECTOR('',#907,2.800000000241E0);
#909=CARTESIAN_POINT('',(8.019999999820E0,2.65E0,2.800000000241E0));
#910=LINE('',#909,#908);
#911=DIRECTION('',(-1.E0,4.940492459582E-14,0.E0));
#912=VECTOR('',#911,8.000000000001E-1);
#913=CARTESIAN_POINT('',(8.019999999820E0,2.65E0,2.800000000241E0));
#914=LINE('',#913,#912);
#915=DIRECTION('',(3.015113445784E-1,3.015113445784E-1,-9.045340337329E-1));
#916=VECTOR('',#915,6.633249580702E-1);
#917=CARTESIAN_POINT('',(7.819999999820E0,3.25E0,3.400000000240E0));
#918=LINE('',#917,#916);
#919=DIRECTION('',(4.884981308350E-14,-1.E0,0.E0));
#920=VECTOR('',#919,8.000000000001E-1);
#921=CARTESIAN_POINT('',(8.019999999820E0,3.45E0,2.800000000241E0));
#922=LINE('',#921,#920);
#923=DIRECTION('',(-3.015113445784E-1,3.015113445784E-1,9.045340337329E-1));
#924=VECTOR('',#923,6.633249580702E-1);
#925=CARTESIAN_POINT('',(8.019999999820E0,2.65E0,2.800000000241E0));
#926=LINE('',#925,#924);
#927=DIRECTION('',(-1.310063169059E-13,1.E0,0.E0));
#928=VECTOR('',#927,3.999999999997E-1);
#929=CARTESIAN_POINT('',(7.819999999820E0,2.85E0,3.400000000240E0));
#930=LINE('',#929,#928);
#931=DIRECTION('',(1.E0,-4.940492459582E-14,0.E0));
#932=VECTOR('',#931,8.000000000001E-1);
#933=CARTESIAN_POINT('',(7.219999999820E0,3.45E0,2.800000000241E0));
#934=LINE('',#933,#932);
#935=DIRECTION('',(-4.996003610813E-14,1.E0,0.E0));
#936=VECTOR('',#935,8.000000000001E-1);
#937=CARTESIAN_POINT('',(7.219999999820E0,2.65E0,2.800000000241E0));
#938=LINE('',#937,#936);
#939=DIRECTION('',(3.015113445784E-1,-3.015113445784E-1,9.045340337329E-1));
#940=VECTOR('',#939,6.633249580702E-1);
#941=CARTESIAN_POINT('',(7.219999999820E0,3.45E0,2.800000000241E0));
#942=LINE('',#941,#940);
#943=DIRECTION('',(-3.015113445784E-1,-3.015113445784E-1,-9.045340337329E-1));
#944=VECTOR('',#943,6.633249580702E-1);
#945=CARTESIAN_POINT('',(7.419999999820E0,2.85E0,3.400000000240E0));
#946=LINE('',#945,#944);
#947=DIRECTION('',(0.E0,0.E0,-1.E0));
#948=VECTOR('',#947,2.800000000241E0);
#949=CARTESIAN_POINT('',(7.219999999820E0,2.65E0,2.800000000241E0));
#950=LINE('',#949,#948);
#951=DIRECTION('',(1.649474207873E-14,-1.681194865716E-14,-1.E0));
#952=VECTOR('',#951,2.800000000241E0);
#953=CARTESIAN_POINT('',(7.219999999820E0,3.45E0,2.800000000241E0));
#954=LINE('',#953,#952);
#955=DIRECTION('',(0.E0,0.E0,-1.E0));
#956=VECTOR('',#955,2.800000000241E0);
#957=CARTESIAN_POINT('',(8.019999999820E0,3.45E0,2.800000000241E0));
#958=LINE('',#957,#956);
#959=DIRECTION('',(-1.E0,1.310063169059E-13,0.E0));
#960=VECTOR('',#959,3.999999999997E-1);
#961=CARTESIAN_POINT('',(7.819999999820E0,2.85E0,3.400000000240E0));
#962=LINE('',#961,#960);
#963=DIRECTION('',(-1.287858708566E-13,1.E0,0.E0));
#964=VECTOR('',#963,3.999999999997E-1);
#965=CARTESIAN_POINT('',(7.419999999820E0,2.85E0,3.400000000240E0));
#966=LINE('',#965,#964);
#967=DIRECTION('',(1.E0,-1.332267629551E-13,0.E0));
#968=VECTOR('',#967,3.999999999997E-1);
#969=CARTESIAN_POINT('',(7.419999999820E0,3.25E0,3.400000000240E0));
#970=LINE('',#969,#968);
#971=DIRECTION('',(4.123685519682E-14,3.061043481918E-14,-1.E0));
#972=VECTOR('',#971,2.800000000241E0);
#973=CARTESIAN_POINT('',(1.182999999994E1,2.65E0,2.800000000241E0));
#974=LINE('',#973,#972);
#975=DIRECTION('',(-1.E0,9.714451465471E-14,0.E0));
#976=VECTOR('',#975,7.999999999999E-1);
#977=CARTESIAN_POINT('',(1.182999999994E1,2.65E0,2.800000000241E0));
#978=LINE('',#977,#976);
#979=DIRECTION('',(3.015113445783E-1,3.015113445785E-1,-9.045340337329E-1));
#980=VECTOR('',#979,6.633249580701E-1);
#981=CARTESIAN_POINT('',(1.162999999994E1,3.25E0,3.400000000240E0));
#982=LINE('',#981,#980);
#983=DIRECTION('',(-1.509903313490E-13,-1.E0,0.E0));
#984=VECTOR('',#983,8.000000000001E-1);
#985=CARTESIAN_POINT('',(1.182999999994E1,3.45E0,2.800000000241E0));
#986=LINE('',#985,#984);
#987=DIRECTION('',(-3.015113445780E-1,3.015113445785E-1,9.045340337330E-1));
#988=VECTOR('',#987,6.633249580701E-1);
#989=CARTESIAN_POINT('',(1.182999999994E1,2.65E0,2.800000000241E0));
#990=LINE('',#989,#988);
#991=DIRECTION('',(-1.287858708566E-13,1.E0,0.E0));
#992=VECTOR('',#991,3.999999999997E-1);
#993=CARTESIAN_POINT('',(1.162999999994E1,2.85E0,3.400000000240E0));
#994=LINE('',#993,#992);
#995=DIRECTION('',(1.E0,-9.769962616703E-14,0.E0));
#996=VECTOR('',#995,7.999999999999E-1);
#997=CARTESIAN_POINT('',(1.102999999994E1,3.45E0,2.800000000241E0));
#998=LINE('',#997,#996);
#999=DIRECTION('',(1.532107773983E-13,1.E0,0.E0));
#1000=VECTOR('',#999,8.000000000001E-1);
#1001=CARTESIAN_POINT('',(1.102999999994E1,2.65E0,2.800000000241E0));
#1002=LINE('',#1001,#1000);
#1003=DIRECTION('',(3.015113445782E-1,-3.015113445785E-1,9.045340337329E-1));
#1004=VECTOR('',#1003,6.633249580702E-1);
#1005=CARTESIAN_POINT('',(1.102999999994E1,3.45E0,2.800000000241E0));
#1006=LINE('',#1005,#1004);
#1007=DIRECTION('',(-3.015113445781E-1,-3.015113445785E-1,-9.045340337329E-1));
#1008=VECTOR('',#1007,6.633249580702E-1);
#1009=CARTESIAN_POINT('',(1.122999999994E1,2.85E0,3.400000000240E0));
#1010=LINE('',#1009,#1008);
#1011=DIRECTION('',(0.E0,0.E0,-1.E0));
#1012=VECTOR('',#1011,2.800000000241E0);
#1013=CARTESIAN_POINT('',(1.102999999994E1,2.65E0,2.800000000241E0));
#1014=LINE('',#1013,#1012);
#1015=DIRECTION('',(-4.123685519682E-14,-3.061043481918E-14,-1.E0));
#1016=VECTOR('',#1015,2.800000000241E0);
#1017=CARTESIAN_POINT('',(1.102999999994E1,3.45E0,2.800000000241E0));
#1018=LINE('',#1017,#1016);
#1019=DIRECTION('',(0.E0,0.E0,-1.E0));
#1020=VECTOR('',#1019,2.800000000241E0);
#1021=CARTESIAN_POINT('',(1.182999999994E1,3.45E0,2.800000000241E0));
#1022=LINE('',#1021,#1020);
#1023=DIRECTION('',(-1.E0,2.853273173286E-13,7.993605777300E-14));
#1024=VECTOR('',#1023,4.000000000001E-1);
#1025=CARTESIAN_POINT('',(1.162999999994E1,2.85E0,3.400000000240E0));
#1026=LINE('',#1025,#1024);
#1027=DIRECTION('',(4.174438572594E-13,1.E0,1.110223024626E-14));
#1028=VECTOR('',#1027,3.999999999997E-1);
#1029=CARTESIAN_POINT('',(1.122999999994E1,2.85E0,3.400000000240E0));
#1030=LINE('',#1029,#1028);
#1031=DIRECTION('',(1.E0,-1.054711873394E-13,-8.104628079767E-14));
#1032=VECTOR('',#1031,3.999999999998E-1);
#1033=CARTESIAN_POINT('',(1.122999999994E1,3.25E0,3.400000000240E0));
#1034=LINE('',#1033,#1032);
#1035=CARTESIAN_POINT('',(1.198967353005E1,5.000000000018E-2,
-3.907877447592E0));
#1036=CARTESIAN_POINT('',(1.198977070563E1,5.000000000018E-2,
-3.891366781043E0));
#1037=CARTESIAN_POINT('',(1.198989753821E1,5.000000000018E-2,
-3.874856502129E0));
#1038=CARTESIAN_POINT('',(1.198999471379E1,5.000000000018E-2,
-3.858345835580E0));
#1040=DIRECTION('',(1.401162796193E-4,0.E0,9.999999901837E-1));
#1041=VECTOR('',#1040,2.018930749794E-1);
#1042=CARTESIAN_POINT('',(1.198999471379E1,5.000000000018E-2,
-3.858345835580E0));
#1043=LINE('',#1042,#1041);
#1044=DIRECTION('',(-9.522468432124E-1,0.E0,3.053292478489E-1));
#1045=VECTOR('',#1044,7.870292507697E-1);
#1046=CARTESIAN_POINT('',(1.199002300229E1,5.000000000018E-2,
-3.656452762583E0));
#1047=LINE('',#1046,#1045);
#1048=DIRECTION('',(3.542810481680E-4,0.E0,-9.999999372425E-1));
#1049=VECTOR('',#1048,2.641899251019E-1);
#1050=CARTESIAN_POINT('',(1.124057688273E1,5.000000000018E-2,
-3.416149713410E0));
#1051=LINE('',#1050,#1049);
#1052=CARTESIAN_POINT('',(1.124067048022E1,5.000000000018E-2,
-3.680339621932E0));
#1053=CARTESIAN_POINT('',(1.124107880867E1,5.000000000018E-2,
-3.700627376708E0));
#1054=CARTESIAN_POINT('',(1.124125750730E1,5.000000000018E-2,
-3.720923150181E0));
#1055=CARTESIAN_POINT('',(1.124166583576E1,5.000000000018E-2,
-3.741210904957E0));
#1057=CARTESIAN_POINT('',(1.124166583576E1,5.000000000018E-2,
-3.741210904957E0));
#1058=CARTESIAN_POINT('',(1.124290221861E1,5.000000000018E-2,
-3.757776595660E0));
#1059=CARTESIAN_POINT('',(1.124425574355E1,5.000000000018E-2,
-3.774316098314E0));
#1060=CARTESIAN_POINT('',(1.124549212640E1,5.000000000018E-2,
-3.790881789018E0));
#1062=DIRECTION('',(1.597785849380E-1,0.E0,-9.871528776209E-1));
#1063=VECTOR('',#1062,3.900583432448E-2);
#1064=CARTESIAN_POINT('',(1.124549212640E1,5.000000000018E-2,
-3.790881789018E0));
#1065=LINE('',#1064,#1063);
#1066=DIRECTION('',(2.835517996639E-1,0.E0,-9.589569212990E-1));
#1067=VECTOR('',#1066,5.725479398966E-2);
#1068=CARTESIAN_POINT('',(1.125172442341E1,5.000000000018E-2,
-3.829386510615E0));
#1069=LINE('',#1068,#1067);
#1070=DIRECTION('',(3.994956688832E-1,0.E0,-9.167350819858E-1));
#1071=VECTOR('',#1070,5.296448200799E-2);
#1072=CARTESIAN_POINT('',(1.126795912329E1,5.000000000018E-2,
-3.884291391589E0));
#1073=LINE('',#1072,#1071);
#1074=DIRECTION('',(5.266034245244E-1,0.E0,-8.501110711426E-1));
#1075=VECTOR('',#1074,4.959883857754E-2);
#1076=CARTESIAN_POINT('',(1.128911820445E1,5.000000000018E-2,
-3.932845790345E0));
#1077=LINE('',#1076,#1075);
#1078=DIRECTION('',(6.450933525259E-1,0.E0,-7.641037668582E-1));
#1079=VECTOR('',#1078,6.368860734272E-2);
#1080=CARTESIAN_POINT('',(1.131523712270E1,5.000000000018E-2,
-3.975010312135E0));
#1081=LINE('',#1080,#1079);
#1082=DIRECTION('',(7.460720798023E-1,0.E0,-6.658651903647E-1));
#1083=VECTOR('',#1082,6.655324878236E-2);
#1084=CARTESIAN_POINT('',(1.135632221993E1,5.000000000018E-2,
-4.023675016912E0));
#1085=LINE('',#1084,#1083);
#1086=DIRECTION('',(8.245520886204E-1,0.E0,-5.657860489194E-1));
#1087=VECTOR('',#1086,7.070116644921E-2);
#1088=CARTESIAN_POINT('',(1.140597574067E1,5.000000000018E-2,
-4.067990508582E0));
#1089=LINE('',#1088,#1087);
#1090=DIRECTION('',(8.935230390848E-1,0.E0,-4.490173477993E-1));
#1091=VECTOR('',#1090,7.334741465834E-2);
#1092=CARTESIAN_POINT('',(1.146427253513E1,5.000000000018E-2,
-4.107992242201E0));
#1093=LINE('',#1092,#1091);
#1094=DIRECTION('',(9.505576247808E-1,0.E0,-3.105482280919E-1));
#1095=VECTOR('',#1094,7.540348069697E-2);
#1096=CARTESIAN_POINT('',(1.152981013998E1,5.000000000018E-2,
-4.140926503799E0));
#1097=LINE('',#1096,#1095);
#1098=DIRECTION('',(9.842185254955E-1,0.E0,-1.769573227406E-1));
#1099=VECTOR('',#1098,8.024313163568E-2);
#1100=CARTESIAN_POINT('',(1.160148549350E1,5.000000000018E-2,
-4.164342921121E0));
#1101=LINE('',#1100,#1099);
#1102=CARTESIAN_POINT('',(1.168046227019E1,5.000000000018E-2,
-4.178542530864E0));
#1103=CARTESIAN_POINT('',(1.169179551801E1,5.000000000018E-2,
-4.179391912544E0));
#1104=CARTESIAN_POINT('',(1.170439605442E1,5.000000000018E-2,
-4.179767958545E0));
#1105=CARTESIAN_POINT('',(1.171572930224E1,5.000000000018E-2,
-4.180617340224E0));
#1107=DIRECTION('',(9.999932498324E-1,0.E0,3.674274037171E-3));
#1108=VECTOR('',#1107,3.447610276392E-2);
#1109=CARTESIAN_POINT('',(1.171572930224E1,5.000000000018E-2,
-4.180617340224E0));
#1110=LINE('',#1109,#1108);
#1111=CARTESIAN_POINT('',(1.175020517228E1,5.000000000018E-2,
-4.180490665575E0));
#1112=CARTESIAN_POINT('',(1.176022129169E1,5.000000000018E-2,
-4.179584410554E0));
#1113=CARTESIAN_POINT('',(1.177150952708E1,5.000000000018E-2,
-4.179142789601E0));
#1114=CARTESIAN_POINT('',(1.178152564649E1,5.000000000018E-2,
-4.178236534580E0));
#1116=DIRECTION('',(9.823209291593E-1,0.E0,1.872046797908E-1));
#1117=VECTOR('',#1116,3.208640088146E-2);
#1118=CARTESIAN_POINT('',(1.178152564649E1,5.000000000018E-2,
-4.178236534580E0));
#1119=LINE('',#1118,#1117);
#1120=DIRECTION('',(9.604342298225E-1,0.E0,2.785068943226E-1));
#1121=VECTOR('',#1120,2.898328840746E-2);
#1122=CARTESIAN_POINT('',(1.181304478962E1,5.000000000018E-2,
-4.172229810178E0));
#1123=LINE('',#1122,#1121);
#1124=DIRECTION('',(9.236222574444E-1,0.E0,3.833039597412E-1));
#1125=VECTOR('',#1124,2.752383375554E-2);
#1126=CARTESIAN_POINT('',(1.184088133190E1,5.000000000018E-2,
-4.164157764536E0));
#1127=LINE('',#1126,#1125);
#1128=DIRECTION('',(8.742559377997E-1,0.E0,4.854652976496E-1));
#1129=VECTOR('',#1128,2.636532725697E-2);
#1130=CARTESIAN_POINT('',(1.186630295737E1,5.000000000018E-2,
-4.153607770070E0));
#1131=LINE('',#1130,#1129);
#1132=DIRECTION('',(8.116603888696E-1,0.E0,5.841296201530E-1));
#1133=VECTOR('',#1132,2.548644825097E-2);
#1134=CARTESIAN_POINT('',(1.188935300127E1,5.000000000018E-2,
-4.140808318626E0));
#1135=LINE('',#1134,#1133);
#1136=DIRECTION('',(7.335315204577E-1,0.E0,6.796554336537E-1));
#1137=VECTOR('',#1136,2.508070592601E-2);
#1138=CARTESIAN_POINT('',(1.191003934177E1,5.000000000018E-2,
-4.125920929290E0));
#1139=LINE('',#1138,#1137);
#1140=DIRECTION('',(6.457992283878E-1,0.E0,7.635072734518E-1));
#1141=VECTOR('',#1140,2.469971289084E-2);
#1142=CARTESIAN_POINT('',(1.192843683012E1,5.000000000018E-2,
-4.108874691227E0));
#1143=LINE('',#1142,#1141);
#1144=DIRECTION('',(5.432911666139E-1,0.E0,8.395443456300E-1));
#1145=VECTOR('',#1144,2.457426750081E-2);
#1146=CARTESIAN_POINT('',(1.194438788565E1,5.000000000018E-2,
-4.090016280783E0));
#1147=LINE('',#1146,#1145);
#1148=DIRECTION('',(4.358180037952E-1,0.E0,9.000348146422E-1));
#1149=VECTOR('',#1148,2.483105284593E-2);
#1150=CARTESIAN_POINT('',(1.195773886811E1,5.000000000018E-2,
-4.069385093455E0));
#1151=LINE('',#1150,#1149);
#1152=DIRECTION('',(3.266162290636E-1,0.E0,9.451570445763E-1));
#1153=VECTOR('',#1152,2.600474853955E-2);
#1154=CARTESIAN_POINT('',(1.196856068799E1,5.000000000018E-2,
-4.047036281409E0));
#1155=LINE('',#1154,#1153);
#1156=DIRECTION('',(2.267579847926E-1,0.E0,9.739511365222E-1));
#1157=VECTOR('',#1156,2.772757858546E-2);
#1158=CARTESIAN_POINT('',(1.197705426090E1,5.000000000018E-2,
-4.022457710135E0));
#1159=LINE('',#1158,#1157);
#1160=CARTESIAN_POINT('',(1.198334171074E1,5.000000000018E-2,
-3.995452403458E0));
#1161=CARTESIAN_POINT('',(1.198470488730E1,5.000000000018E-2,
-3.985625678625E0));
#1162=CARTESIAN_POINT('',(1.198620589680E1,5.000000000018E-2,
-3.975862586400E0));
#1163=CARTESIAN_POINT('',(1.198756907336E1,5.000000000018E-2,
-3.966035861566E0));
#1165=CARTESIAN_POINT('',(1.198756907336E1,5.000000000018E-2,
-3.966035861566E0));
#1166=CARTESIAN_POINT('',(1.198805129616E1,5.000000000018E-2,
-3.958622995780E0));
#1167=CARTESIAN_POINT('',(1.198833603667E1,5.000000000018E-2,
-3.951187562906E0));
#1168=CARTESIAN_POINT('',(1.198881825947E1,5.000000000018E-2,
-3.943774697121E0));
#1170=DIRECTION('',(2.381875888662E-2,0.E0,9.997162931178E-1));
#1171=VECTOR('',#1170,3.590743671586E-2);
#1172=CARTESIAN_POINT('',(1.198881825947E1,5.000000000018E-2,
-3.943774697121E0));
#1173=LINE('',#1172,#1171);
#1174=DIRECTION('',(-9.523067316482E-1,0.E0,3.051424075043E-1));
#1175=VECTOR('',#1174,5.266273827788E-1);
#1176=CARTESIAN_POINT('',(1.199002705068E1,5.000000000018E-2,
-8.181905248027E0));
#1177=LINE('',#1176,#1175);
#1178=DIRECTION('',(9.595673800033E-1,0.E0,2.814790280528E-1));
#1179=VECTOR('',#1178,5.226426118079E-1);
#1180=CARTESIAN_POINT('',(1.148851624899E1,5.000000000018E-2,
-8.021208900588E0));
#1181=LINE('',#1180,#1179);
#1182=DIRECTION('',(-6.284870395556E-13,0.E0,1.E0));
#1183=VECTOR('',#1182,1.441464868925E-1);
#1184=CARTESIAN_POINT('',(1.199002705068E1,5.000000000018E-2,
-7.874095966198E0));
#1185=LINE('',#1184,#1183);
#1186=DIRECTION('',(-9.524518714025E-1,0.E0,3.046890753897E-1));
#1187=VECTOR('',#1186,7.868819484983E-1);
#1188=CARTESIAN_POINT('',(1.199002705068E1,5.000000000018E-2,
-7.729949479305E0));
#1189=LINE('',#1188,#1187);
#1190=DIRECTION('',(4.453052184452E-13,0.E0,-1.E0));
#1191=VECTOR('',#1190,1.436067747907E-1);
#1192=CARTESIAN_POINT('',(1.124055986626E1,5.000000000018E-2,
-7.490195145976E0));
#1193=LINE('',#1192,#1191);
#1194=DIRECTION('',(9.523589895383E-1,0.E0,-3.049792698622E-1));
#1195=VECTOR('',#1194,5.287950074838E-1);
#1196=CARTESIAN_POINT('',(1.124055986626E1,5.000000000018E-2,
-7.633801920767E0));
#1197=LINE('',#1196,#1195);
#1198=DIRECTION('',(-9.602639155043E-1,0.E0,-2.790935552470E-1));
#1199=VECTOR('',#1198,5.244419485822E-1);
#1200=CARTESIAN_POINT('',(1.174416254526E1,5.000000000018E-2,
-7.795073436056E0));
#1201=LINE('',#1200,#1199);
#1202=DIRECTION('',(3.582561820219E-13,0.E0,-1.E0));
#1203=VECTOR('',#1202,1.437919313824E-1);
#1204=CARTESIAN_POINT('',(1.124055986626E1,5.000000000018E-2,
-7.941441804007E0));
#1205=LINE('',#1204,#1203);
#1206=DIRECTION('',(9.524475126370E-1,0.E0,-3.047027004666E-1));
#1207=VECTOR('',#1206,7.868855495723E-1);
#1208=CARTESIAN_POINT('',(1.124055986626E1,5.000000000018E-2,
-8.085233735389E0));
#1209=LINE('',#1208,#1207);
#1210=DIRECTION('',(-4.220712449167E-13,0.E0,1.E0));
#1211=VECTOR('',#1210,1.430946392748E-1);
#1212=CARTESIAN_POINT('',(1.199002705068E1,5.000000000018E-2,
-8.324999887302E0));
#1213=LINE('',#1212,#1211);
#1214=DIRECTION('',(-9.523777518062E-1,0.E0,3.049206747084E-1));
#1215=VECTOR('',#1214,7.869431882452E-1);
#1216=CARTESIAN_POINT('',(1.199002705068E1,5.000000000018E-2,
-4.467775412912E0));
#1217=LINE('',#1216,#1215);
#1218=DIRECTION('',(7.889012428990E-14,0.E0,-1.E0));
#1219=VECTOR('',#1218,5.854380157229E-1);
#1220=CARTESIAN_POINT('',(1.124055986626E1,5.000000000018E-2,
-4.227820164995E0));
#1221=LINE('',#1220,#1219);
#1222=DIRECTION('',(9.516039345564E-1,0.E0,-3.073271086917E-1));
#1223=VECTOR('',#1222,1.316598978004E-1);
#1224=CARTESIAN_POINT('',(1.124055986626E1,5.000000000018E-2,
-4.813258180718E0));
#1225=LINE('',#1224,#1223);
#1226=DIRECTION('',(-2.077563330158E-13,0.E0,1.E0));
#1227=VECTOR('',#1226,4.360598663556E-1);
#1228=CARTESIAN_POINT('',(1.136584794303E1,5.000000000018E-2,
-4.853720836440E0));
#1229=LINE('',#1228,#1227);
#1230=DIRECTION('',(9.462054668605E-1,0.E0,-3.235663988786E-1));
#1231=VECTOR('',#1230,2.150394386909E-1);
#1232=CARTESIAN_POINT('',(1.136584794303E1,5.000000000018E-2,
-4.417660970084E0));
#1233=LINE('',#1232,#1231);
#1234=DIRECTION('',(1.006993140392E-13,0.E0,-1.E0));
#1235=VECTOR('',#1234,3.880845747529E-1);
#1236=CARTESIAN_POINT('',(1.156931943551E1,5.000000000018E-2,
-4.487240506878E0));
#1237=LINE('',#1236,#1235);
#1238=DIRECTION('',(9.527276799399E-1,0.E0,-3.038255550088E-1));
#1239=VECTOR('',#1238,1.315046045349E-1);
#1240=CARTESIAN_POINT('',(1.156931943551E1,5.000000000018E-2,
-4.875325081631E0));
#1241=LINE('',#1240,#1239);
#1242=DIRECTION('',(6.869139615706E-14,0.E0,1.E0));
#1243=VECTOR('',#1242,3.878994180010E-1);
#1244=CARTESIAN_POINT('',(1.169460751229E1,5.000000000018E-2,
-4.915279541090E0));
#1245=LINE('',#1244,#1243);
#1246=DIRECTION('',(9.520042456661E-1,0.E0,-3.060848186920E-1));
#1247=VECTOR('',#1246,1.787087215153E-1);
#1248=CARTESIAN_POINT('',(1.169460751229E1,5.000000000018E-2,
-4.527380123089E0));
#1249=LINE('',#1248,#1247);
#1250=DIRECTION('',(-1.593410597271E-13,0.E0,-1.E0));
#1251=VECTOR('',#1250,4.013331298783E-1);
#1252=CARTESIAN_POINT('',(1.186473897391E1,5.000000000018E-2,
-4.582080149713E0));
#1253=LINE('',#1252,#1251);
#1254=DIRECTION('',(9.527276799382E-1,0.E0,-3.038255550140E-1));
#1255=VECTOR('',#1254,1.315046045248E-1);
#1256=CARTESIAN_POINT('',(1.186473897391E1,5.000000000018E-2,
-4.983413279591E0));
#1257=LINE('',#1256,#1255);
#1258=DIRECTION('',(-1.598615347836E-13,0.E0,1.E0));
#1259=VECTOR('',#1258,5.555923261356E-1);
#1260=CARTESIAN_POINT('',(1.199002705068E1,5.000000000018E-2,
-5.023367739048E0));
#1261=LINE('',#1260,#1259);
#1262=DIRECTION('',(9.970008134193E-1,0.E0,7.739107210314E-2));
#1263=VECTOR('',#1262,6.418977566237E-2);
#1264=CARTESIAN_POINT('',(1.177626951067E1,5.000000000018E-2,
-6.581721661573E0));
#1265=LINE('',#1264,#1263);
#1266=DIRECTION('',(9.373016049217E-1,0.E0,3.485192984774E-1));
#1267=VECTOR('',#1266,5.855238431514E-2);
#1268=CARTESIAN_POINT('',(1.184026676922E1,5.000000000018E-2,
-6.576753946016E0));
#1269=LINE('',#1268,#1267);
#1270=DIRECTION('',(7.878591188805E-1,0.E0,6.158555096748E-1));
#1271=VECTOR('',#1270,5.819809292141E-2);
#1272=CARTESIAN_POINT('',(1.189514801301E1,5.000000000018E-2,
-6.556347310111E0));
#1273=LINE('',#1272,#1271);
#1274=DIRECTION('',(5.583483733353E-1,0.E0,8.296065898929E-1));
#1275=VECTOR('',#1274,6.146167790469E-2);
#1276=CARTESIAN_POINT('',(1.194099991122E1,5.000000000018E-2,
-6.520505693932E0));
#1277=LINE('',#1276,#1275);
#1278=DIRECTION('',(2.988022504191E-1,0.E0,9.543150502557E-1));
#1279=VECTOR('',#1278,6.891444917314E-2);
#1280=CARTESIAN_POINT('',(1.197531693910E1,5.000000000018E-2,
-6.469516680917E0));
#1281=LINE('',#1280,#1279);
#1282=DIRECTION('',(8.494085751431E-2,0.E0,9.963859948457E-1));
#1283=VECTOR('',#1282,8.083927230539E-2);
#1284=CARTESIAN_POINT('',(1.199590873160E1,5.000000000018E-2,
-6.403750584891E0));
#1285=LINE('',#1284,#1283);
#1286=DIRECTION('',(-8.565555700719E-2,0.E0,9.963248092634E-1));
#1287=VECTOR('',#1286,8.080865021657E-2);
#1288=CARTESIAN_POINT('',(1.200277528871E1,5.000000000018E-2,
-6.323203466132E0));
#1289=LINE('',#1288,#1287);
#1290=DIRECTION('',(-2.903681344189E-1,0.E0,9.569150153039E-1));
#1291=VECTOR('',#1290,7.152668557979E-2);
#1292=CARTESIAN_POINT('',(1.199585357876E1,5.000000000018E-2,
-6.242691803118E0));
#1293=LINE('',#1292,#1291);
#1294=DIRECTION('',(-5.232000620315E-1,0.E0,8.522098891061E-1));
#1295=VECTOR('',#1294,6.615536449816E-2);
#1296=CARTESIAN_POINT('',(1.197508450851E1,5.000000000018E-2,
-6.174246843692E0));
#1297=LINE('',#1296,#1295);
#1298=DIRECTION('',(-7.235544608339E-1,0.E0,6.902672976517E-1));
#1299=VECTOR('',#1298,6.248831446861E-2);
#1300=CARTESIAN_POINT('',(1.194047201770E1,5.000000000018E-2,
-6.117868587849E0));
#1301=LINE('',#1300,#1299);
#1302=DIRECTION('',(-8.768133054488E-1,0.E0,4.808309759031E-1));
#1303=VECTOR('',#1302,5.966228621534E-2);
#1304=CARTESIAN_POINT('',(1.189525831902E1,5.000000000018E-2,
-6.074734947886E0));
#1305=LINE('',#1304,#1303);
#1306=DIRECTION('',(-9.726456989728E-1,0.E0,2.322936595556E-1));
#1307=VECTOR('',#1306,6.248218061242E-2);
#1308=CARTESIAN_POINT('',(1.184294563263E1,5.000000000018E-2,
-6.046047472581E0));
#1309=LINE('',#1308,#1307);
#1310=CARTESIAN_POINT('',(1.178217260840E1,5.000000000018E-2,
-6.031533258189E0));
#1311=CARTESIAN_POINT('',(1.177065460298E1,5.000000000018E-2,
-6.031103991239E0));
#1312=CARTESIAN_POINT('',(1.175912290721E1,5.000000000018E-2,
-6.031137288973E0));
#1313=CARTESIAN_POINT('',(1.174760490180E1,5.000000000018E-2,
-6.030708022023E0));
#1315=DIRECTION('',(-9.914646165662E-1,0.E0,-1.303760487871E-1));
#1316=VECTOR('',#1315,3.051111208105E-2);
#1317=CARTESIAN_POINT('',(1.174760490180E1,5.000000000018E-2,
-6.030708022023E0));
#1318=LINE('',#1317,#1316);
#1319=DIRECTION('',(-9.475249971930E-1,0.E0,-3.196816849531E-1));
#1320=VECTOR('',#1319,3.009328202867E-2);
#1321=CARTESIAN_POINT('',(1.171735421376E1,5.000000000018E-2,
-6.034685940260E0));
#1322=LINE('',#1321,#1320);
#1323=DIRECTION('',(-8.671728367267E-1,0.E0,-4.980073003917E-1));
#1324=VECTOR('',#1323,2.904749066416E-2);
#1325=CARTESIAN_POINT('',(1.168884007679E1,5.000000000018E-2,
-6.044306211365E0));
#1326=LINE('',#1325,#1324);
#1327=DIRECTION('',(-7.608419134619E-1,0.E0,-6.489372717911E-1));
#1328=VECTOR('',#1327,2.872656316137E-2);
#1329=CARTESIAN_POINT('',(1.166365088191E1,5.000000000018E-2,
-6.058772073774E0));
#1330=LINE('',#1329,#1328);
#1331=DIRECTION('',(-6.320610215211E-1,0.E0,-7.749186183553E-1));
#1332=VECTOR('',#1331,2.936891674691E-2);
#1333=CARTESIAN_POINT('',(1.164179450863E1,5.000000000018E-2,
-6.077413811299E0));
#1334=LINE('',#1333,#1332);
#1335=DIRECTION('',(-5.213727083072E-1,0.E0,-8.533290684328E-1));
#1336=VECTOR('',#1335,3.504484162666E-2);
#1337=CARTESIAN_POINT('',(1.162323156111E1,5.000000000018E-2,
-6.100172331688E0));
#1338=LINE('',#1337,#1336);
#1339=DIRECTION('',(-4.648885091791E-1,0.E0,-8.853692303402E-1));
#1340=VECTOR('',#1339,4.524314283966E-2);
#1341=CARTESIAN_POINT('',(1.160496013712E1,5.000000000018E-2,
-6.130077113746E0));
#1342=LINE('',#1341,#1340);
#1343=DIRECTION('',(-4.292285726147E-1,0.E0,-9.031958992661E-1));
#1344=VECTOR('',#1343,1.088144672909E-1);
#1345=CARTESIAN_POINT('',(1.158392711989E1,5.000000000018E-2,
-6.170134000300E0));
#1346=LINE('',#1345,#1344);
#1347=DIRECTION('',(-4.778271202354E-1,0.E0,-8.784538935923E-1));
#1348=VECTOR('',#1347,3.815715116782E-2);
#1349=CARTESIAN_POINT('',(1.153722084142E1,5.000000000018E-2,
-6.268414780938E0));
#1350=LINE('',#1349,#1348);
#1351=DIRECTION('',(-5.811102009425E-1,0.E0,-8.138248794185E-1));
#1352=VECTOR('',#1351,2.329358360216E-2);
#1353=CARTESIAN_POINT('',(1.151898831976E1,5.000000000018E-2,
-6.301934078950E0));
#1354=LINE('',#1353,#1352);
#1355=DIRECTION('',(-7.724033892599E-1,0.E0,-6.351322730423E-1));
#1356=VECTOR('',#1355,2.138054419468E-2);
#1357=CARTESIAN_POINT('',(1.150545218071E1,5.000000000018E-2,
-6.320890976816E0));
#1358=LINE('',#1357,#1356);
#1359=DIRECTION('',(-9.352799122538E-1,0.E0,-3.539088664255E-1));
#1360=VECTOR('',#1359,2.067685231602E-2);
#1361=CARTESIAN_POINT('',(1.148893777591E1,5.000000000018E-2,
-6.334470450450E0));
#1362=LINE('',#1361,#1360);
#1363=CARTESIAN_POINT('',(1.146959913129E1,5.000000000018E-2,
-6.341788171814E0));
#1364=CARTESIAN_POINT('',(1.146244988013E1,5.000000000018E-2,
-6.342038388977E0));
#1365=CARTESIAN_POINT('',(1.145547357457E1,5.000000000018E-2,
-6.341948726050E0));
#1366=CARTESIAN_POINT('',(1.144832432341E1,5.000000000018E-2,
-6.342198943213E0));
#1368=DIRECTION('',(-9.657304858835E-1,0.E0,2.595469680717E-1));
#1369=VECTOR('',#1368,2.432781442569E-2);
#1370=CARTESIAN_POINT('',(1.144832432341E1,5.000000000018E-2,
-6.342198943213E0));
#1371=LINE('',#1370,#1369);
#1372=DIRECTION('',(-8.464829814616E-1,0.E0,5.324157793454E-1));
#1373=VECTOR('',#1372,2.576436828253E-2);
#1374=CARTESIAN_POINT('',(1.142483021136E1,5.000000000018E-2,
-6.335884732739E0));
#1375=LINE('',#1374,#1373);
#1376=DIRECTION('',(-6.792950766990E-1,0.E0,7.338652456497E-1));
#1377=VECTOR('',#1376,2.851565831311E-2);
#1378=CARTESIAN_POINT('',(1.140302111208E1,5.000000000018E-2,
-6.322167376520E0));
#1379=LINE('',#1378,#1377);
#1380=DIRECTION('',(-4.615053612500E-1,0.E0,8.871374197595E-1));
#1381=VECTOR('',#1380,3.250587319125E-2);
#1382=CARTESIAN_POINT('',(1.138365056578E1,5.000000000018E-2,
-6.301240725927E0));
#1383=LINE('',#1382,#1381);
#1384=DIRECTION('',(-2.379639661456E-1,0.E0,9.712739833931E-1));
#1385=VECTOR('',#1384,3.981202747894E-2);
#1386=CARTESIAN_POINT('',(1.136864893103E1,5.000000000018E-2,
-6.272403549457E0));
#1387=LINE('',#1386,#1385);
#1388=CARTESIAN_POINT('',(1.135917510307E1,5.000000000018E-2,
-6.233735162941E0));
#1389=CARTESIAN_POINT('',(1.135817081004E1,5.000000000018E-2,
-6.218387571515E0));
#1390=CARTESIAN_POINT('',(1.135792418719E1,5.000000000018E-2,
-6.202979617224E0));
#1391=CARTESIAN_POINT('',(1.135691989416E1,5.000000000018E-2,
-6.187632025799E0));
#1393=DIRECTION('',(7.791893682959E-2,0.E0,9.969596979233E-1));
#1394=VECTOR('',#1393,5.274756466848E-2);
#1395=CARTESIAN_POINT('',(1.135691989416E1,5.000000000018E-2,
-6.187632025799E0));
#1396=LINE('',#1395,#1394);
#1397=DIRECTION('',(3.146341205346E-1,0.E0,9.492130267729E-1));
#1398=VECTOR('',#1397,4.228310785582E-2);
#1399=CARTESIAN_POINT('',(1.136102992832E1,5.000000000018E-2,
-6.135044829661E0));
#1400=LINE('',#1399,#1398);
#1401=DIRECTION('',(6.436682879773E-1,0.E0,7.653046027906E-1));
#1402=VECTOR('',#1401,3.452515494694E-2);
#1403=CARTESIAN_POINT('',(1.137433363677E1,5.000000000018E-2,
-6.094909152872E0));
#1404=LINE('',#1403,#1402);
#1405=DIRECTION('',(9.120537521375E-1,0.E0,4.100706685583E-1));
#1406=VECTOR('',#1405,2.340239054294E-2);
#1407=CARTESIAN_POINT('',(1.139655638415E1,5.000000000018E-2,
-6.068486892879E0));
#1408=LINE('',#1407,#1406);
#1409=DIRECTION('',(9.899857045982E-1,0.E0,1.411676474664E-1));
#1410=VECTOR('',#1409,3.065685254351E-2);
#1411=CARTESIAN_POINT('',(1.141790062225E1,5.000000000018E-2,
-6.058890258943E0));
#1412=LINE('',#1411,#1410);
#1413=CARTESIAN_POINT('',(1.144825046802E1,5.000000000018E-2,
-6.054562503191E0));
#1414=CARTESIAN_POINT('',(1.146291162641E1,5.000000000018E-2,
-6.054806301675E0));
#1415=CARTESIAN_POINT('',(1.147646540997E1,5.000000000018E-2,
-6.054716101967E0));
#1416=CARTESIAN_POINT('',(1.149112656836E1,5.000000000018E-2,
-6.054959900451E0));
#1418=DIRECTION('',(-5.193718624505E-2,0.E0,9.986503535697E-1));
#1419=VECTOR('',#1418,1.476522777213E-1);
#1420=CARTESIAN_POINT('',(1.149112656836E1,5.000000000018E-2,
-6.054959900451E0));
#1421=LINE('',#1420,#1419);
#1422=DIRECTION('',(-9.976941119604E-1,0.E0,6.787089921007E-2));
#1423=VECTOR('',#1422,4.835072980937E-2);
#1424=CARTESIAN_POINT('',(1.148345792451E1,5.000000000018E-2,
-5.907506901099E0));
#1425=LINE('',#1424,#1423);
#1426=DIRECTION('',(-9.957393188643E-1,0.E0,-9.221284545936E-2));
#1427=VECTOR('',#1426,4.447346257344E-2);
#1428=CARTESIAN_POINT('',(1.143521868607E1,5.000000000018E-2,
-5.904225293589E0));
#1429=LINE('',#1428,#1427);
#1430=DIRECTION('',(-9.623648498775E-1,0.E0,-2.717607324841E-1));
#1431=VECTOR('',#1430,4.202455889125E-2);
#1432=CARTESIAN_POINT('',(1.139093471074E1,5.000000000018E-2,
-5.908326318121E0));
#1433=LINE('',#1432,#1431);
#1434=DIRECTION('',(-8.720759643677E-1,0.E0,-4.893705266688E-1));
#1435=VECTOR('',#1434,4.095915154366E-2);
#1436=CARTESIAN_POINT('',(1.135049175243E1,5.000000000018E-2,
-5.919746943027E0));
#1437=LINE('',#1436,#1435);
#1438=DIRECTION('',(-7.079876211404E-1,0.E0,-7.062248426046E-1));
#1439=VECTOR('',#1438,4.246170629187E-2);
#1440=CARTESIAN_POINT('',(1.131477226085E1,5.000000000018E-2,
-5.939791144590E0));
#1441=LINE('',#1440,#1439);
#1442=DIRECTION('',(-5.222125926424E-1,0.E0,-8.528153423137E-1));
#1443=VECTOR('',#1442,4.679463807703E-2);
#1444=CARTESIAN_POINT('',(1.128470989842E1,5.000000000018E-2,
-5.969778656433E0));
#1445=LINE('',#1444,#1443);
#1446=DIRECTION('',(-3.515611166462E-1,0.E0,-9.361649327242E-1));
#1447=VECTOR('',#1446,5.128870459797E-2);
#1448=CARTESIAN_POINT('',(1.126027314915E1,5.000000000018E-2,
-6.009685841723E0));
#1449=LINE('',#1448,#1447);
#1450=DIRECTION('',(-1.943188251492E-1,0.E0,-9.809384252809E-1));
#1451=VECTOR('',#1450,5.565050657657E-2);
#1452=CARTESIAN_POINT('',(1.124224203489E1,5.000000000018E-2,
-6.057700528412E0));
#1453=LINE('',#1452,#1451);
#1454=DIRECTION('',(-5.886154939669E-2,0.E0,-9.982661558936E-1));
#1455=VECTOR('',#1454,6.123941780099E-2);
#1456=CARTESIAN_POINT('',(1.123142809383E1,5.000000000018E-2,
-6.112290248700E0));
#1457=LINE('',#1456,#1455);
#1458=DIRECTION('',(8.880480194398E-2,0.E0,-9.960490485672E-1));
#1459=VECTOR('',#1458,8.783556052475E-2);
#1460=CARTESIAN_POINT('',(1.122782344682E1,5.000000000018E-2,
-6.173423486897E0));
#1461=LINE('',#1460,#1459);
#1462=DIRECTION('',(2.964321468823E-1,0.E0,-9.550539159099E-1));
#1463=VECTOR('',#1462,7.902077108966E-2);
#1464=CARTESIAN_POINT('',(1.123562366637E1,5.000000000018E-2,
-6.260912013388E0));
#1465=LINE('',#1464,#1463);
#1466=DIRECTION('',(5.241946646774E-1,0.E0,-8.515984696580E-1));
#1467=VECTOR('',#1466,7.458982222099E-2);
#1468=CARTESIAN_POINT('',(1.125904796320E1,5.000000000018E-2,
-6.336381110255E0));
#1469=LINE('',#1468,#1467);
#1470=DIRECTION('',(7.129511479242E-1,0.E0,-7.012137054234E-1));
#1471=VECTOR('',#1470,7.014788572767E-2);
#1472=CARTESIAN_POINT('',(1.129814755004E1,5.000000000018E-2,
-6.399901688711E0));
#1473=LINE('',#1472,#1471);
#1474=DIRECTION('',(8.670088385489E-1,0.E0,-4.982927592070E-1));
#1475=VECTOR('',#1474,6.515338636989E-2);
#1476=CARTESIAN_POINT('',(1.134815956570E1,5.000000000018E-2,
-6.449090347590E0));
#1477=LINE('',#1476,#1475);
#1478=DIRECTION('',(9.700918009662E-1,0.E0,-2.427383317445E-1));
#1479=VECTOR('',#1478,6.454947760915E-2);
#1480=CARTESIAN_POINT('',(1.140464812754E1,5.000000000018E-2,
-6.481555808255E0));
#1481=LINE('',#1480,#1479);
#1482=CARTESIAN_POINT('',(1.146726704653E1,5.000000000018E-2,
-6.497224440765E0));
#1483=CARTESIAN_POINT('',(1.148402490958E1,5.000000000018E-2,
-6.497131063968E0));
#1484=CARTESIAN_POINT('',(1.150074906986E1,5.000000000018E-2,
-6.497162379295E0));
#1485=CARTESIAN_POINT('',(1.151750693292E1,5.000000000018E-2,
-6.497069002498E0));
#1487=DIRECTION('',(9.605231700671E-1,0.E0,2.781999995764E-1));
#1488=VECTOR('',#1487,4.587857663707E-2);
#1489=CARTESIAN_POINT('',(1.151750693292E1,5.000000000018E-2,
-6.497069002498E0));
#1490=LINE('',#1489,#1488);
#1491=DIRECTION('',(8.304049768017E-1,0.E0,5.571602772120E-1));
#1492=VECTOR('',#1491,4.504026500998E-2);
#1493=CARTESIAN_POINT('',(1.156157436879E1,5.000000000018E-2,
-6.484305582497E0));
#1494=LINE('',#1493,#1492);
#1495=DIRECTION('',(6.334882714476E-1,0.E0,7.737522923638E-1));
#1496=VECTOR('',#1495,4.024774758953E-2);
#1497=CARTESIAN_POINT('',(1.159897602901E1,5.000000000018E-2,
-6.459210935958E0));
#1498=LINE('',#1497,#1496);
#1499=DIRECTION('',(5.044127229762E-1,0.E0,8.634626829804E-1));
#1500=VECTOR('',#1499,5.967684046820E-2);
#1501=CARTESIAN_POINT('',(1.162447250506E1,5.000000000018E-2,
-6.428069148998E0));
#1502=LINE('',#1501,#1500);
#1503=DIRECTION('',(4.351478975710E-1,0.E0,9.003589879818E-1));
#1504=VECTOR('',#1503,1.331687912256E-1);
#1505=CARTESIAN_POINT('',(1.165457426266E1,5.000000000018E-2,
-6.376540424216E0));
#1506=LINE('',#1505,#1504);
#1507=DIRECTION('',(4.909788199615E-1,0.E0,8.711715091469E-1));
#1508=VECTOR('',#1507,3.990631797872E-2);
#1509=CARTESIAN_POINT('',(1.171252238218E1,5.000000000018E-2,
-6.256640706117E0));
#1510=LINE('',#1509,#1508);
#1511=DIRECTION('',(5.969976225194E-1,0.E0,8.022430047723E-1));
#1512=VECTOR('',#1511,2.691015956098E-2);
#1513=CARTESIAN_POINT('',(1.173211553909E1,5.000000000018E-2,
-6.221875458859E0));
#1514=LINE('',#1513,#1512);
#1515=DIRECTION('',(7.788796563368E-1,0.E0,6.271734058015E-1));
#1516=VECTOR('',#1515,1.955388890434E-2);
#1517=CARTESIAN_POINT('',(1.174818084037E1,5.000000000018E-2,
-6.200286971594E0));
#1518=LINE('',#1517,#1516);
#1519=DIRECTION('',(9.412031147335E-1,0.E0,3.378412301894E-1));
#1520=VECTOR('',#1519,1.929879954870E-2);
#1521=CARTESIAN_POINT('',(1.176341096664E1,5.000000000018E-2,
-6.188023292493E0));
#1522=LINE('',#1521,#1520);
#1523=CARTESIAN_POINT('',(1.178157505689E1,5.000000000018E-2,
-6.181503362312E0));
#1524=CARTESIAN_POINT('',(1.178842583757E1,5.000000000018E-2,
-6.181320657074E0));
#1525=CARTESIAN_POINT('',(1.179513900772E1,5.000000000018E-2,
-6.181385315409E0));
#1526=CARTESIAN_POINT('',(1.180198978840E1,5.000000000018E-2,
-6.181202610170E0));
#1528=DIRECTION('',(9.693299346893E-1,0.E0,-2.457630519733E-1));
#1529=VECTOR('',#1528,2.159768215307E-2);
#1530=CARTESIAN_POINT('',(1.180198978840E1,5.000000000018E-2,
-6.181202610170E0));
#1531=LINE('',#1530,#1529);
#1532=DIRECTION('',(8.597784783097E-1,0.E0,-5.106671795166E-1));
#1533=VECTOR('',#1532,2.197069004042E-2);
#1534=CARTESIAN_POINT('',(1.182292506823E1,5.000000000018E-2,
-6.186510522452E0));
#1535=LINE('',#1534,#1533);
#1536=DIRECTION('',(6.908092715941E-1,0.E0,-7.230370324400E-1));
#1537=VECTOR('',#1536,2.359223093763E-2);
#1538=CARTESIAN_POINT('',(1.184181499468E1,5.000000000018E-2,
-6.197730232767E0));
#1539=LINE('',#1538,#1537);
#1540=DIRECTION('',(4.672448495782E-1,0.E0,-8.841279605027E-1));
#1541=VECTOR('',#1540,2.675267464418E-2);
#1542=CARTESIAN_POINT('',(1.185811272655E1,5.000000000018E-2,
-6.214788289412E0));
#1543=LINE('',#1542,#1541);
#1544=DIRECTION('',(2.362289189845E-1,0.E0,-9.716974312179E-1));
#1545=VECTOR('',#1544,3.344527960032E-2);
#1546=CARTESIAN_POINT('',(1.187061277599E1,5.000000000018E-2,
-6.238441077084E0));
#1547=LINE('',#1546,#1545);
#1548=CARTESIAN_POINT('',(1.187851351823E1,5.000000000018E-2,
-6.270939769358E0));
#1549=CARTESIAN_POINT('',(1.187930676935E1,5.000000000018E-2,
-6.283254524525E0));
#1550=CARTESIAN_POINT('',(1.187933213980E1,5.000000000018E-2,
-6.296841894262E0));
#1551=CARTESIAN_POINT('',(1.188012539091E1,5.000000000018E-2,
-6.309156649429E0));
#1553=CARTESIAN_POINT('',(1.188012539091E1,5.000000000018E-2,
-6.309156649429E0));
#1554=CARTESIAN_POINT('',(1.187912637428E1,5.000000000018E-2,
-6.321470052475E0));
#1555=CARTESIAN_POINT('',(1.187875910948E1,5.000000000018E-2,
-6.335050390092E0));
#1556=CARTESIAN_POINT('',(1.187776009285E1,5.000000000018E-2,
-6.347363793138E0));
#1558=CARTESIAN_POINT('',(1.187776009285E1,5.000000000018E-2,
-6.347363793138E0));
#1559=CARTESIAN_POINT('',(1.187438917711E1,5.000000000018E-2,
-6.358522303111E0));
#1560=CARTESIAN_POINT('',(1.187124573573E1,5.000000000018E-2,-6.368391696E0));
#1561=CARTESIAN_POINT('',(1.186787482E1,5.000000000018E-2,-6.379550205972E0));
#1563=DIRECTION('',(-5.534632557392E-1,0.E0,-8.328735945787E-1));
#1564=VECTOR('',#1563,2.867808361039E-2);
#1565=CARTESIAN_POINT('',(1.186787482E1,5.000000000018E-2,-6.379550205972E0));
#1566=LINE('',#1565,#1564);
#1567=DIRECTION('',(-7.953823475515E-1,0.E0,-6.061080111691E-1));
#1568=VECTOR('',#1567,2.747412520461E-2);
#1569=CARTESIAN_POINT('',(1.185200255447E1,5.000000000018E-2,
-6.403435424555E0));
#1570=LINE('',#1569,#1568);
#1571=DIRECTION('',(-9.407738917446E-1,0.E0,-3.390346363010E-1));
#1572=VECTOR('',#1571,2.921210614001E-2);
#1573=CARTESIAN_POINT('',(1.183015012027E1,5.000000000018E-2,
-6.420087711941E0));
#1574=LINE('',#1573,#1572);
#1575=DIRECTION('',(-9.953632260731E-1,0.E0,-9.618756770655E-2));
#1576=VECTOR('',#1575,3.317475425712E-2);
#1577=CARTESIAN_POINT('',(1.180266813349E1,5.000000000018E-2,
-6.429991627722E0));
#1578=LINE('',#1577,#1576);
#1579=DIRECTION('',(4.453870338266E-2,0.E0,-9.990076595807E-1));
#1580=VECTOR('',#1579,1.486865826357E-1);
#1581=CARTESIAN_POINT('',(1.176964720307E1,5.000000000018E-2,
-6.433182626643E0));
#1582=LINE('',#1581,#1580);
#1583=DIRECTION('',(-2.168145792094E-1,0.E0,9.762128037689E-1));
#1584=VECTOR('',#1583,6.479395872055E-2);
#1585=CARTESIAN_POINT('',(1.199810697549E1,5.000000000018E-2,
-7.098860479962E0));
#1586=LINE('',#1585,#1584);
#1587=DIRECTION('',(-3.684307869802E-1,0.E0,9.296551808091E-1));
#1588=VECTOR('',#1587,6.383517699096E-2);
#1589=CARTESIAN_POINT('',(1.198405870060E1,5.000000000018E-2,
-7.035607787853E0));
#1590=LINE('',#1589,#1588);
#1591=DIRECTION('',(-4.994896068619E-1,0.E0,8.663198789344E-1));
#1592=VECTOR('',#1591,6.298606876604E-2);
#1593=CARTESIAN_POINT('',(1.196053985610E1,5.000000000018E-2,
-6.976263084845E0));
#1594=LINE('',#1593,#1592);
#1595=DIRECTION('',(-6.135946231826E-1,0.E0,7.896211993111E-1));
#1596=VECTOR('',#1595,6.228401678283E-2);
#1597=CARTESIAN_POINT('',(1.192907896938E1,5.000000000018E-2,
-6.921697001377E0));
#1598=LINE('',#1597,#1596);
#1599=DIRECTION('',(-7.168667405628E-1,0.E0,6.972102095314E-1));
#1600=VECTOR('',#1599,6.273055596774E-2);
#1601=CARTESIAN_POINT('',(1.189086183157E1,5.000000000018E-2,
-6.872516221347E0));
#1602=LINE('',#1601,#1600);
#1603=DIRECTION('',(-8.018262135366E-1,0.E0,5.975572970733E-1));
#1604=VECTOR('',#1603,6.406767980003E-2);
#1605=CARTESIAN_POINT('',(1.184589238238E1,5.000000000018E-2,
-6.828779837277E0));
#1606=LINE('',#1605,#1604);
#1607=DIRECTION('',(-8.668966118568E-1,0.E0,4.984879781411E-1));
#1608=VECTOR('',#1607,6.587074370607E-2);
#1609=CARTESIAN_POINT('',(1.179452123727E1,5.000000000018E-2,
-6.790495727706E0));
#1610=LINE('',#1609,#1608);
#1611=DIRECTION('',(-9.169978831869E-1,0.E0,3.988920683980E-1));
#1612=VECTOR('',#1611,6.856988440040E-2);
#1613=CARTESIAN_POINT('',(1.173741811274E1,5.000000000018E-2,
-6.757659953857E0));
#1614=LINE('',#1613,#1612);
#1615=DIRECTION('',(-9.464195437907E-1,0.E0,3.229396958118E-1));
#1616=VECTOR('',#1615,5.100354780155E-2);
#1617=CARTESIAN_POINT('',(1.167453967389E1,5.000000000018E-2,
-6.730307970839E0));
#1618=LINE('',#1617,#1616);
#1619=DIRECTION('',(-9.689719125622E-1,0.E0,2.471708572335E-1));
#1620=VECTOR('',#1619,4.816580846907E-2);
#1621=CARTESIAN_POINT('',(1.162626891945E1,5.000000000018E-2,
-6.713836900626E0));
#1622=LINE('',#1621,#1620);
#1623=DIRECTION('',(-9.868809702350E-1,0.E0,1.614495295378E-1));
#1624=VECTOR('',#1623,4.685407926480E-2);
#1625=CARTESIAN_POINT('',(1.157959760390E1,5.000000000018E-2,
-6.701931716458E0));
#1626=LINE('',#1625,#1624);
#1627=CARTESIAN_POINT('',(1.153335820469E1,5.000000000018E-2,
-6.694367147404E0));
#1628=CARTESIAN_POINT('',(1.151748893653E1,5.000000000018E-2,
-6.693704451549E0));
#1629=CARTESIAN_POINT('',(1.150159172628E1,5.000000000018E-2,
-6.693572820167E0));
#1630=CARTESIAN_POINT('',(1.148572245812E1,5.000000000018E-2,
-6.692910124312E0));
#1632=DIRECTION('',(-9.954590405359E-1,0.E0,-9.519085363247E-2));
#1633=VECTOR('',#1632,4.627012133538E-2);
#1634=CARTESIAN_POINT('',(1.148572245812E1,5.000000000018E-2,
-6.692910124312E0));
#1635=LINE('',#1634,#1633);
#1636=DIRECTION('',(-9.725419510088E-1,0.E0,-2.327276380837E-1));
#1637=VECTOR('',#1636,4.826039854642E-2);
#1638=CARTESIAN_POINT('',(1.143966244753E1,5.000000000018E-2,
-6.697314616660E0));
#1639=LINE('',#1638,#1637);
#1640=DIRECTION('',(-9.155951514313E-1,0.E0,-4.021013786043E-1));
#1641=VECTOR('',#1640,4.848680292150E-2);
#1642=CARTESIAN_POINT('',(1.139272718537E1,5.000000000018E-2,
-6.708546145227E0));
#1643=LINE('',#1642,#1641);
#1644=DIRECTION('',(-8.030222423390E-1,0.E0,-5.959490568068E-1));
#1645=VECTOR('',#1644,4.895055022558E-2);
#1646=CARTESIAN_POINT('',(1.134833290371E1,5.000000000018E-2,
-6.728042755526E0));
#1647=LINE('',#1646,#1645);
#1648=DIRECTION('',(-6.611589246847E-1,0.E0,-7.502458772361E-1));
#1649=VECTOR('',#1648,5.182689494697E-2);
#1650=CARTESIAN_POINT('',(1.130902452310E1,5.000000000018E-2,
-6.757214789763E0));
#1651=LINE('',#1650,#1649);
#1652=DIRECTION('',(-4.790830524221E-1,0.E0,-8.777695761884E-1));
#1653=VECTOR('',#1652,5.497904821706E-2);
#1654=CARTESIAN_POINT('',(1.127475870897E1,5.000000000018E-2,
-6.796097704027E0));
#1655=LINE('',#1654,#1653);
#1656=DIRECTION('',(-2.682013989960E-1,0.E0,-9.633628649562E-1));
#1657=VECTOR('',#1656,5.903351272214E-2);
#1658=CARTESIAN_POINT('',(1.124841917873E1,5.000000000018E-2,
-6.844356639879E0));
#1659=LINE('',#1658,#1657);
#1660=DIRECTION('',(-8.051965574376E-2,0.E0,-9.967530210834E-1));
#1661=VECTOR('',#1660,6.570762149631E-2);
#1662=CARTESIAN_POINT('',(1.123258630803E1,5.000000000018E-2,
-6.901227333824E0));
#1663=LINE('',#1662,#1661);
#1664=DIRECTION('',(8.442538030044E-2,0.E0,-9.964298044324E-1));
#1665=VECTOR('',#1664,7.867308779872E-2);
#1666=CARTESIAN_POINT('',(1.122729555297E1,5.000000000018E-2,
-6.966721604058E0));
#1667=LINE('',#1666,#1665);
#1668=DIRECTION('',(2.590866339755E-1,0.E0,-9.658540863377E-1));
#1669=VECTOR('',#1668,7.695431575682E-2);
#1670=CARTESIAN_POINT('',(1.123393755832E1,5.000000000018E-2,
-7.045113813548E0));
#1671=LINE('',#1670,#1669);
#1672=DIRECTION('',(4.277227664140E-1,0.E0,-9.039099706780E-1));
#1673=VECTOR('',#1672,7.779118089436E-2);
#1674=CARTESIAN_POINT('',(1.125387539296E1,5.000000000018E-2,
-7.119440453883E0));
#1675=LINE('',#1674,#1673);
#1676=DIRECTION('',(5.773151428394E-1,0.E0,-8.165214178748E-1));
#1677=VECTOR('',#1676,7.878803287492E-2);
#1678=CARTESIAN_POINT('',(1.128714845206E1,5.000000000018E-2,
-7.189756677924E0));
#1679=LINE('',#1678,#1677);
#1680=DIRECTION('',(7.078662011991E-1,0.E0,-7.063465446931E-1));
#1681=VECTOR('',#1680,8.036328313202E-2);
#1682=CARTESIAN_POINT('',(1.133263397651E1,5.000000000018E-2,
-7.254088794239E0));
#1683=LINE('',#1682,#1681);
#1684=DIRECTION('',(8.114180075279E-1,0.E0,-5.844662668276E-1));
#1685=VECTOR('',#1684,8.415322193615E-2);
#1686=CARTESIAN_POINT('',(1.138952042846E1,5.000000000018E-2,
-7.310853121599E0));
#1687=LINE('',#1686,#1685);
#1688=DIRECTION('',(8.854041366403E-1,0.E0,-4.648220248871E-1));
#1689=VECTOR('',#1688,8.450719253108E-2);
#1690=CARTESIAN_POINT('',(1.145780386813E1,5.000000000018E-2,
-7.360037841066E0));
#1691=LINE('',#1690,#1689);
#1692=DIRECTION('',(9.428002106343E-1,0.E0,-3.333583099728E-1));
#1693=VECTOR('',#1692,8.116347871882E-2);
#1694=CARTESIAN_POINT('',(1.153262688597E1,5.000000000018E-2,
-7.399318645415E0));
#1695=LINE('',#1694,#1693);
#1696=DIRECTION('',(9.824469589692E-1,0.E0,-1.865421475490E-1));
#1697=VECTOR('',#1696,8.026490964716E-2);
#1698=CARTESIAN_POINT('',(1.160914783080E1,5.000000000018E-2,
-7.426375165513E0));
#1699=LINE('',#1698,#1697);
#1700=CARTESIAN_POINT('',(1.168800384720E1,5.000000000018E-2,
-7.441347954131E0));
#1701=CARTESIAN_POINT('',(1.171749568931E1,5.000000000018E-2,
-7.441474933003E0));
#1702=CARTESIAN_POINT('',(1.174711117422E1,5.000000000018E-2,
-7.441433137495E0));
#1703=CARTESIAN_POINT('',(1.177660301634E1,5.000000000018E-2,
-7.441560116367E0));
#1705=DIRECTION('',(9.671846770364E-1,0.E0,2.540743995485E-1));
#1706=VECTOR('',#1705,7.851169751956E-2);
#1707=CARTESIAN_POINT('',(1.177660301634E1,5.000000000018E-2,
-7.441560116367E0));
#1708=LINE('',#1707,#1706);
#1709=DIRECTION('',(8.441929853213E-1,0.E0,5.360393675228E-1));
#1710=VECTOR('',#1709,7.563147070919E-2);
#1711=CARTESIAN_POINT('',(1.185253832715E1,5.000000000018E-2,
-7.421612303963E0));
#1712=LINE('',#1711,#1710);
#1713=DIRECTION('',(6.397297355821E-1,0.E0,7.685999384674E-1));
#1714=VECTOR('',#1713,7.501769395640E-2);
#1715=CARTESIAN_POINT('',(1.191638588419E1,5.000000000018E-2,
-7.381070858239E0));
#1716=LINE('',#1715,#1714);
#1717=DIRECTION('',(3.729029784871E-1,0.E0,9.278703404223E-1));
#1718=VECTOR('',#1717,7.722593626626E-2);
#1719=CARTESIAN_POINT('',(1.196437693371E1,5.000000000018E-2,
-7.323412263280E0));
#1720=LINE('',#1719,#1718);
#1721=DIRECTION('',(1.113896610092E-1,0.E0,9.937768076486E-1));
#1722=VECTOR('',#1721,8.618908850501E-2);
#1723=CARTESIAN_POINT('',(1.199317471536E1,5.000000000018E-2,
-7.251756607507E0));
#1724=LINE('',#1723,#1722);
#1725=DIRECTION('',(-6.925740010698E-2,0.E0,9.975988234408E-1));
#1726=VECTOR('',#1725,6.740526225177E-2);
#1727=CARTESIAN_POINT('',(1.200277528871E1,5.000000000018E-2,
-7.166103890279E0));
#1728=LINE('',#1727,#1726);
#1729=DIRECTION('',(-8.904036737963E-2,0.E0,-9.960280181686E-1));
#1730=VECTOR('',#1729,3.990811928507E-2);
#1731=CARTESIAN_POINT('',(1.187799934778E1,5.000000000018E-2,
-5.524181248720E0));
#1732=LINE('',#1731,#1730);
#1733=DIRECTION('',(-2.987326459979E-1,0.E0,-9.543368410656E-1));
#1734=VECTOR('',#1733,3.577739893408E-2);
#1735=CARTESIAN_POINT('',(1.187444591418E1,5.000000000018E-2,
-5.563930853680E0));
#1736=LINE('',#1735,#1734);
#1737=DIRECTION('',(-5.296314654558E-1,0.E0,-8.482278649037E-1));
#1738=VECTOR('',#1737,3.373223819866E-2);
#1739=CARTESIAN_POINT('',(1.186375803713E1,5.000000000018E-2,
-5.598074543560E0));
#1740=LINE('',#1739,#1738);
#1741=DIRECTION('',(-7.393745554647E-1,0.E0,-6.732943388529E-1));
#1742=VECTOR('',#1741,3.374322923776E-2);
#1743=CARTESIAN_POINT('',(1.184589238238E1,5.000000000018E-2,
-5.626687167946E0));
#1744=LINE('',#1743,#1742);
#1745=DIRECTION('',(-8.848731589738E-1,0.E0,-4.658320432599E-1));
#1746=VECTOR('',#1745,3.603494249606E-2);
#1747=CARTESIAN_POINT('',(1.182094349726E1,5.000000000018E-2,
-5.649406293166E0));
#1748=LINE('',#1747,#1746);
#1749=DIRECTION('',(-9.624955087605E-1,0.E0,-2.712976144678E-1));
#1750=VECTOR('',#1749,4.029569609241E-2);
#1751=CARTESIAN_POINT('',(1.178905714386E1,5.000000000018E-2,
-5.666192524058E0));
#1752=LINE('',#1751,#1750);
#1753=DIRECTION('',(1.120296799726E-1,0.E0,-9.937048610152E-1));
#1754=VECTOR('',#1753,1.463560367693E-1);
#1755=CARTESIAN_POINT('',(1.175027271735E1,5.000000000018E-2,
-5.677124650281E0));
#1756=LINE('',#1755,#1754);
#1757=DIRECTION('',(9.780856665239E-1,0.E0,2.082028552648E-1));
#1758=VECTOR('',#1757,7.243140384660E-2);
#1759=CARTESIAN_POINT('',(1.176666893731E1,5.000000000018E-2,
-5.822559355458E0));
#1760=LINE('',#1759,#1758);
#1761=DIRECTION('',(9.013120418810E-1,0.E0,4.331704089159E-1));
#1762=VECTOR('',#1761,6.499899684849E-2);
#1763=CARTESIAN_POINT('',(1.183751305522E1,5.000000000018E-2,
-5.807478930366E0));
#1764=LINE('',#1763,#1762);
#1765=DIRECTION('',(7.470374444030E-1,0.E0,6.647819617438E-1));
#1766=VECTOR('',#1765,6.197421916106E-2);
#1767=CARTESIAN_POINT('',(1.189609743379E1,5.000000000018E-2,
-5.779323288322E0));
#1768=LINE('',#1767,#1766);
#1769=DIRECTION('',(5.257384978232E-1,0.E0,8.506462436916E-1));
#1770=VECTOR('',#1769,6.385022624039E-2);
#1771=CARTESIAN_POINT('',(1.194239449609E1,5.000000000018E-2,
-5.738123945331E0));
#1772=LINE('',#1771,#1770);
#1773=DIRECTION('',(2.866987525940E-1,0.E0,9.580207854014E-1));
#1774=VECTOR('',#1773,7.016114377191E-2);
#1775=CARTESIAN_POINT('',(1.197596301812E1,5.000000000018E-2,
-5.683809990220E0));
#1776=LINE('',#1775,#1774);
#1777=DIRECTION('',(8.330502066084E-2,0.E0,9.965240958114E-1));
#1778=VECTOR('',#1777,8.039321202818E-2);
#1779=CARTESIAN_POINT('',(1.199607813052E1,5.000000000018E-2,
-5.616594156159E0));
#1780=LINE('',#1779,#1778);
#1781=DIRECTION('',(-8.797597054997E-2,0.E0,9.961225971766E-1));
#1782=VECTOR('',#1781,8.396124240735E-2);
#1783=CARTESIAN_POINT('',(1.200277528871E1,5.000000000018E-2,
-5.536480383234E0));
#1784=LINE('',#1783,#1782);
#1785=DIRECTION('',(-2.739749532445E-1,0.E0,9.617368273050E-1));
#1786=VECTOR('',#1785,8.089664593503E-2);
#1787=CARTESIAN_POINT('',(1.199538871692E1,5.000000000018E-2,
-5.452844692385E0));
#1788=LINE('',#1787,#1786);
#1789=DIRECTION('',(-4.568734579691E-1,0.E0,8.895316989312E-1));
#1790=VECTOR('',#1789,8.085551366493E-2);
#1791=CARTESIAN_POINT('',(1.197322506213E1,5.000000000018E-2,
-5.375043408783E0));
#1792=LINE('',#1791,#1790);
#1793=DIRECTION('',(-6.135847324779E-1,0.E0,7.896288850277E-1));
#1794=VECTOR('',#1793,8.201513813799E-2);
#1795=CARTESIAN_POINT('',(1.193628432401E1,5.000000000018E-2,
-5.303119866345E0));
#1796=LINE('',#1795,#1794);
#1797=DIRECTION('',(-7.416978786029E-1,0.E0,6.707341178708E-1));
#1798=VECTOR('',#1797,8.404867877137E-2);
#1799=CARTESIAN_POINT('',(1.188596108741E1,5.000000000018E-2,
-5.238358344262E0));
#1800=LINE('',#1799,#1798);
#1801=DIRECTION('',(-8.401449540272E-1,0.E0,5.423619236475E-1));
#1802=VECTOR('',#1801,8.855792154675E-2);
#1803=CARTESIAN_POINT('',(1.182362236067E1,5.000000000018E-2,
-5.181984027848E0));
#1804=LINE('',#1803,#1802);
#1805=DIRECTION('',(-9.060540321804E-1,0.E0,4.231620148E-1));
#1806=VECTOR('',#1805,7.485917497858E-2);
#1807=CARTESIAN_POINT('',(1.174922086974E1,5.000000000018E-2,
-5.133953583164E0));
#1808=LINE('',#1807,#1806);
#1809=DIRECTION('',(-9.528021833505E-1,0.E0,3.035918302630E-1));
#1810=VECTOR('',#1809,7.330323643073E-2);
#1811=CARTESIAN_POINT('',(1.168139441241E1,5.000000000018E-2,
-5.102276023853E0));
#1812=LINE('',#1811,#1810);
#1813=DIRECTION('',(-9.844118191585E-1,0.E0,1.758788512047E-1));
#1814=VECTOR('',#1813,7.283923937071E-2);
#1815=CARTESIAN_POINT('',(1.161155092869E1,5.000000000018E-2,
-5.080021760141E0));
#1816=LINE('',#1815,#1814);
#1817=DIRECTION('',(-9.999997557471E-1,0.E0,-6.989318872838E-4));
#1818=VECTOR('',#1817,1.002315993624E-1);
#1819=CARTESIAN_POINT('',(1.153984712056E1,5.000000000018E-2,
-5.067210878398E0));
#1820=LINE('',#1819,#1818);
#1821=DIRECTION('',(-9.590569920152E-1,0.E0,-2.832131459991E-1));
#1822=VECTOR('',#1821,8.668899329869E-2);
#1823=CARTESIAN_POINT('',(1.143961554568E1,5.000000000018E-2,
-5.067280933459E0));
#1824=LINE('',#1823,#1822);
#1825=DIRECTION('',(-8.031492126135E-1,0.E0,-5.957779303384E-1));
#1826=VECTOR('',#1825,8.197356874372E-2);
#1827=CARTESIAN_POINT('',(1.135647586052E1,5.000000000018E-2,
-5.091832395975E0));
#1828=LINE('',#1827,#1826);
#1829=DIRECTION('',(-5.510198487109E-1,0.E0,-8.344921367674E-1));
#1830=VECTOR('',#1829,6.333008673155E-2);
#1831=CARTESIAN_POINT('',(1.129063885333E1,5.000000000018E-2,
-5.140670439103E0));
#1832=LINE('',#1831,#1830);
#1833=DIRECTION('',(-2.913841274927E-1,0.E0,-9.566061311978E-1));
#1834=VECTOR('',#1833,7.185864707027E-2);
#1835=CARTESIAN_POINT('',(1.125574271852E1,5.000000000018E-2,
-5.193518898501E0));
#1836=LINE('',#1835,#1834);
#1837=DIRECTION('',(-7.923327152662E-2,0.E0,-9.968561022952E-1));
#1838=VECTOR('',#1837,8.435741767712E-2);
#1839=CARTESIAN_POINT('',(1.123480424934E1,5.000000000018E-2,
-5.262259320868E0));
#1840=LINE('',#1839,#1838);
#1841=CARTESIAN_POINT('',(1.122812033516E1,5.000000000018E-2,
-5.346351527454E0));
#1842=CARTESIAN_POINT('',(1.122907581525E1,5.000000000018E-2,
-5.365601081156E0));
#1843=CARTESIAN_POINT('',(1.122944080932E1,5.000000000018E-2,
-5.386096161738E0));
#1844=CARTESIAN_POINT('',(1.123039628940E1,5.000000000018E-2,
-5.405345715440E0));
#1846=DIRECTION('',(1.505119742168E-1,0.E0,-9.886081860967E-1));
#1847=VECTOR('',#1846,6.137580280034E-2);
#1848=CARTESIAN_POINT('',(1.123039628940E1,5.000000000018E-2,
-5.405345715440E0));
#1849=LINE('',#1848,#1847);
#1850=DIRECTION('',(2.404447303051E-1,0.E0,-9.706628310946E-1));
#1851=VECTOR('',#1850,6.119514852972E-2);
#1852=CARTESIAN_POINT('',(1.123963408265E1,5.000000000018E-2,
-5.466022336516E0));
#1853=LINE('',#1852,#1851);
#1854=DIRECTION('',(3.194920736462E-1,0.E0,-9.475889482667E-1));
#1855=VECTOR('',#1854,5.970440158327E-2);
#1856=CARTESIAN_POINT('',(1.125434813364E1,5.000000000018E-2,
-5.525422192637E0));
#1857=LINE('',#1856,#1855);
#1858=DIRECTION('',(3.911331040546E-1,0.E0,-9.203341213454E-1));
#1859=VECTOR('',#1858,5.532566988825E-2);
#1860=CARTESIAN_POINT('',(1.127342321670E1,5.000000000018E-2,
-5.581997423741E0));
#1861=LINE('',#1860,#1859);
#1862=DIRECTION('',(4.713649150808E-1,0.E0,-8.819382726874E-1));
#1863=VECTOR('',#1862,5.132435400891E-2);
#1864=CARTESIAN_POINT('',(1.129506291770E1,5.000000000018E-2,
-5.632915525525E0));
#1865=LINE('',#1864,#1863);
#1866=DIRECTION('',(9.520540401063E-1,0.E0,-3.059299016396E-1));
#1867=VECTOR('',#1866,3.377933769217E-1);
#1868=CARTESIAN_POINT('',(1.131925541747E1,5.000000000018E-2,
-5.678180437646E0));
#1869=LINE('',#1868,#1867);
#1870=DIRECTION('',(2.277369871730E-13,0.E0,1.E0));
#1871=VECTOR('',#1870,3.354015746076E-1);
#1872=CARTESIAN_POINT('',(1.164085296669E1,5.000000000018E-2,
-5.781521532223E0));
#1873=LINE('',#1872,#1871);
#1874=DIRECTION('',(-9.523890220788E-1,0.E0,3.048854713230E-1));
#1875=VECTOR('',#1874,1.315513659602E-1);
#1876=CARTESIAN_POINT('',(1.164085296669E1,5.000000000018E-2,
-5.446119957615E0));
#1877=LINE('',#1876,#1875);
#1878=DIRECTION('',(-7.430467668477E-14,0.E0,-1.E0));
#1879=VECTOR('',#1878,1.912511479660E-1);
#1880=CARTESIAN_POINT('',(1.151556488991E1,5.000000000018E-2,
-5.406011857401E0));
#1881=LINE('',#1880,#1879);
#1882=DIRECTION('',(-9.529240086728E-1,0.E0,3.032092242907E-1));
#1883=VECTOR('',#1882,1.168303132744E-1);
#1884=CARTESIAN_POINT('',(1.151556488991E1,5.000000000018E-2,
-5.597263005367E0));
#1885=LINE('',#1884,#1883);
#1886=DIRECTION('',(-4.045698487522E-1,0.E0,9.145071008366E-1));
#1887=VECTOR('',#1886,3.077054738731E-2);
#1888=CARTESIAN_POINT('',(1.140423447945E1,5.000000000018E-2,
-5.561838976705E0));
#1889=LINE('',#1888,#1887);
#1890=DIRECTION('',(-3.367878917568E-1,0.E0,9.415805414121E-1));
#1891=VECTOR('',#1890,3.316181139634E-2);
#1892=CARTESIAN_POINT('',(1.139178564375E1,5.000000000018E-2,
-5.533699092623E0));
#1893=LINE('',#1892,#1891);
#1894=DIRECTION('',(-2.772450064062E-1,0.E0,9.607992539666E-1));
#1895=VECTOR('',#1894,3.565156376836E-2);
#1896=CARTESIAN_POINT('',(1.138061714720E1,5.000000000018E-2,
-5.502474576294E0));
#1897=LINE('',#1896,#1895);
#1898=DIRECTION('',(-2.163095389687E-1,0.E0,9.763248349556E-1));
#1899=VECTOR('',#1898,3.627900060869E-2);
#1900=CARTESIAN_POINT('',(1.137073292918E1,5.000000000018E-2,
-5.468220580423E0));
#1901=LINE('',#1900,#1899);
#1902=CARTESIAN_POINT('',(1.136288543528E1,5.000000000018E-2,
-5.432800491141E0));
#1903=CARTESIAN_POINT('',(1.136131056856E1,5.000000000018E-2,
-5.421297117322E0));
#1904=CARTESIAN_POINT('',(1.135959525065E1,5.000000000018E-2,
-5.409862632668E0));
#1905=CARTESIAN_POINT('',(1.135802038393E1,5.000000000018E-2,
-5.398359258848E0));
#1907=CARTESIAN_POINT('',(1.135802038393E1,5.000000000018E-2,
-5.398359258848E0));
#1908=CARTESIAN_POINT('',(1.135745837738E1,5.000000000018E-2,
-5.386396546445E0));
#1909=CARTESIAN_POINT('',(1.135736618976E1,5.000000000018E-2,
-5.375647654591E0));
#1910=CARTESIAN_POINT('',(1.135680418321E1,5.000000000018E-2,
-5.363684942188E0));
#1912=DIRECTION('',(9.749956293448E-2,0.E0,9.952355677063E-1));
#1913=VECTOR('',#1912,4.928075803159E-2);
#1914=CARTESIAN_POINT('',(1.135680418321E1,5.000000000018E-2,
-5.363684942188E0));
#1915=LINE('',#1914,#1913);
#1916=DIRECTION('',(3.502593615846E-1,0.E0,9.366527529572E-1));
#1917=VECTOR('',#1916,4.297629172442E-2);
#1918=CARTESIAN_POINT('',(1.136160903558E1,5.000000000018E-2,
-5.314638978991E0));
#1919=LINE('',#1918,#1917);
#1920=DIRECTION('',(6.391591818268E-1,0.E0,7.690744699224E-1));
#1921=VECTOR('',#1920,3.932976611222E-2);
#1922=CARTESIAN_POINT('',(1.137666188408E1,5.000000000018E-2,
-5.274385117036E0));
#1923=LINE('',#1922,#1921);
#1924=DIRECTION('',(8.734735881943E-1,0.E0,4.868715341104E-1));
#1925=VECTOR('',#1924,4.082145134660E-2);
#1926=CARTESIAN_POINT('',(1.140179986521E1,5.000000000018E-2,
-5.244137598011E0));
#1927=LINE('',#1926,#1925);
#1928=DIRECTION('',(9.815231463677E-1,0.E0,1.913434429097E-1));
#1929=VECTOR('',#1928,4.625153995604E-2);
#1930=CARTESIAN_POINT('',(1.143745632480E1,5.000000000018E-2,
-5.224262795369E0));
#1931=LINE('',#1930,#1929);
#1932=CARTESIAN_POINT('',(1.148285328182E1,5.000000000018E-2,
-5.215412866474E0));
#1933=CARTESIAN_POINT('',(1.150206193077E1,5.000000000018E-2,
-5.215961534937E0));
#1934=CARTESIAN_POINT('',(1.152129072045E1,5.000000000018E-2,
-5.215978563147E0));
#1935=CARTESIAN_POINT('',(1.154049936940E1,5.000000000018E-2,
-5.216527231610E0));
#1937=DIRECTION('',(9.850804006247E-1,0.E0,-1.720947538569E-1));
#1938=VECTOR('',#1937,6.461323306520E-2);
#1939=CARTESIAN_POINT('',(1.154049936940E1,5.000000000018E-2,
-5.216527231610E0));
#1940=LINE('',#1939,#1938);
#1941=DIRECTION('',(9.552032251803E-1,0.E0,-2.959506692087E-1));
#1942=VECTOR('',#1941,6.188449800253E-2);
#1943=CARTESIAN_POINT('',(1.160414859891E1,5.000000000018E-2,
-5.227646830050E0));
#1944=LINE('',#1943,#1942);
#1945=DIRECTION('',(9.075311587541E-1,0.E0,-4.199847567358E-1));
#1946=VECTOR('',#1945,6.145850846260E-2);
#1947=CARTESIAN_POINT('',(1.166326087099E1,5.000000000018E-2,
-5.245961588647E0));
#1948=LINE('',#1947,#1946);
#1949=DIRECTION('',(8.395468585558E-1,0.E0,-5.432872833862E-1));
#1950=VECTOR('',#1949,5.897431241973E-2);
#1951=CARTESIAN_POINT('',(1.171903638239E1,5.000000000018E-2,
-5.271773225373E0));
#1952=LINE('',#1951,#1950);
#1953=DIRECTION('',(7.348034448420E-1,0.E0,-6.782801025007E-1));
#1954=VECTOR('',#1953,5.450302105127E-2);
#1955=CARTESIAN_POINT('',(1.176854808112E1,5.000000000018E-2,
-5.303813219357E0));
#1956=LINE('',#1955,#1954);
#1957=DIRECTION('',(5.903606302982E-1,0.E0,-8.071395952336E-1));
#1958=VECTOR('',#1957,5.195635366300E-2);
#1959=CARTESIAN_POINT('',(1.180859708874E1,5.000000000018E-2,
-5.340781534063E0));
#1960=LINE('',#1959,#1958);
#1961=DIRECTION('',(4.283863765153E-1,0.E0,-9.035956575903E-1));
#1962=VECTOR('',#1961,5.022936604061E-2);
#1963=CARTESIAN_POINT('',(1.183927007444E1,5.000000000018E-2,
-5.382717564328E0));
#1964=LINE('',#1963,#1962);
#1965=DIRECTION('',(2.642361754900E-1,0.E0,-9.644580050798E-1));
#1966=VECTOR('',#1965,4.885689007362E-2);
#1967=CARTESIAN_POINT('',(1.186078765055E1,5.000000000018E-2,
-5.428104601366E0));
#1968=LINE('',#1967,#1966);
#1969=DIRECTION('',(8.753586648176E-2,0.E0,-9.961613684937E-1));
#1970=VECTOR('',#1969,4.914487769491E-2);
#1971=CARTESIAN_POINT('',(1.187369740833E1,5.000000000018E-2,
-5.475225020101E0));
#1972=LINE('',#1971,#1970);
#1973=DIRECTION('',(1.E0,0.E0,0.E0));
#1974=VECTOR('',#1973,7.480180294600E-1);
#1975=CARTESIAN_POINT('',(1.124055986626E1,5.000000000018E-2,
-2.909380484579E0));
#1976=LINE('',#1975,#1974);
#1977=DIRECTION('',(7.071067811863E-1,0.E0,7.071067811868E-1));
#1978=VECTOR('',#1977,1.056691757244E0);
#1979=CARTESIAN_POINT('',(1.198857789572E1,5.000000000018E-2,
-2.909380484579E0));
#1980=LINE('',#1979,#1978);
#1981=DIRECTION('',(-7.071139693033E-1,0.E0,7.070995929967E-1));
#1982=VECTOR('',#1981,1.056681015521E0);
#1983=CARTESIAN_POINT('',(1.273577180289E1,5.000000000018E-2,
-2.162186577408E0));
#1984=LINE('',#1983,#1982);
#1985=DIRECTION('',(-1.E0,0.E0,6.569155974151E-13));
#1986=VECTOR('',#1985,7.480180294586E-1);
#1987=CARTESIAN_POINT('',(1.198857789572E1,5.000000000018E-2,
-1.415007861406E0));
#1988=LINE('',#1987,#1986);
#1989=DIRECTION('',(0.E0,0.E0,-1.E0));
#1990=VECTOR('',#1989,1.494372623174E0);
#1991=CARTESIAN_POINT('',(1.124055986626E1,5.000000000018E-2,
-1.415007861405E0));
#1992=LINE('',#1991,#1990);
#1993=DIRECTION('',(-1.E0,0.E0,0.E0));
#1994=VECTOR('',#1993,8.41E0);
#1995=CARTESIAN_POINT('',(1.372999999994E1,5.000000000018E-2,
-9.199999999760E0));
#1996=LINE('',#1995,#1994);
#1997=DIRECTION('',(1.E0,0.E0,0.E0));
#1998=VECTOR('',#1997,8.41E0);
#1999=CARTESIAN_POINT('',(5.319999999940E0,5.000000000018E-2,
1.903710992870E-14));
#2000=LINE('',#1999,#1998);
#2001=DIRECTION('',(0.E0,0.E0,-1.E0));
#2002=VECTOR('',#2001,9.199999999760E0);
#2003=CARTESIAN_POINT('',(1.372999999994E1,5.000000000018E-2,
1.903710992870E-14));
#2004=LINE('',#2003,#2002);
#2005=DIRECTION('',(1.239849619749E-3,9.999992313862E-1,-4.375429985948E-10));
#2006=VECTOR('',#2005,5.000003843074E-2);
#2007=CARTESIAN_POINT('',(1.198967353005E1,5.000000000018E-2,
-3.907877447592E0));
#2008=LINE('',#2007,#2006);
#2009=DIRECTION('',(5.885593089328E-3,0.E0,9.999826797470E-1));
#2010=VECTOR('',#2009,4.953246991227E-2);
#2011=CARTESIAN_POINT('',(1.198973552258E1,1.000000000002E-1,
-3.907877447614E0));
#2012=LINE('',#2011,#2010);
#2013=DIRECTION('',(1.010756183433E-3,9.999994891858E-1,1.429788889676E-10));
#2014=VECTOR('',#2013,5.000002554074E-2);
#2015=CARTESIAN_POINT('',(1.198881825947E1,5.000000000018E-2,
-3.943774697121E0));
#2016=LINE('',#2015,#2014);
#2017=DIRECTION('',(2.413758043741E-2,0.E0,9.997086461618E-1));
#2018=VECTOR('',#2017,3.590771134944E-2);
#2019=CARTESIAN_POINT('',(1.198886879731E1,1.000000000002E-1,
-3.943774697114E0));
#2020=LINE('',#2019,#2018);
#2021=DIRECTION('',(-2.999484656474E-3,9.999953873392E-1,-4.779038056716E-4));
#2022=VECTOR('',#2021,5.000023063412E-2);
#2023=CARTESIAN_POINT('',(1.198756907336E1,5.000000000018E-2,
-3.966035861566E0));
#2024=LINE('',#2023,#2022);
#2025=DIRECTION('',(6.491529063435E-2,0.E0,9.978907781124E-1));
#2026=VECTOR('',#2025,2.233216323979E-2);
#2027=CARTESIAN_POINT('',(1.198741909844E1,1.000000000002E-1,
-3.966059756866E0));
#2028=LINE('',#2027,#2026);
#2029=DIRECTION('',(-2.188471626140E-11,1.E0,-1.375966007799E-10));
#2030=VECTOR('',#2029,5.000000000002E-2);
#2031=CARTESIAN_POINT('',(1.198334171074E1,5.000000000018E-2,
-3.995452403458E0));
#2032=LINE('',#2031,#2030);
#2033=DIRECTION('',(9.858780458667E-11,1.E0,3.798028558320E-10));
#2034=VECTOR('',#2033,5.000000000002E-2);
#2035=CARTESIAN_POINT('',(1.197705426090E1,5.000000000018E-2,
-4.022457710135E0));
#2036=LINE('',#2035,#2034);
#2037=DIRECTION('',(-1.896438561743E-10,1.E0,-4.543210252448E-10));
#2038=VECTOR('',#2037,5.000000000002E-2);
#2039=CARTESIAN_POINT('',(1.196856068799E1,5.000000000018E-2,
-4.047036281409E0));
#2040=LINE('',#2039,#2038);
#2041=DIRECTION('',(1.652011860642E-10,1.E0,2.784439345759E-10));
#2042=VECTOR('',#2041,5.000000000002E-2);
#2043=CARTESIAN_POINT('',(1.195773886811E1,5.000000000018E-2,
-4.069385093455E0));
#2044=LINE('',#2043,#2042);
#2045=DIRECTION('',(-5.631051180897E-11,1.E0,-6.380673767123E-11));
#2046=VECTOR('',#2045,5.000000000002E-2);
#2047=CARTESIAN_POINT('',(1.194438788565E1,5.000000000018E-2,
-4.090016280783E0));
#2048=LINE('',#2047,#2046);
#2049=DIRECTION('',(-7.734257678746E-11,1.E0,-8.869349699122E-11));
#2050=VECTOR('',#2049,5.000000000002E-2);
#2051=CARTESIAN_POINT('',(1.192843683012E1,5.000000000018E-2,
-4.108874691227E0));
#2052=LINE('',#2051,#2050);
#2053=DIRECTION('',(7.510436716981E-11,1.E0,5.261568958301E-11));
#2054=VECTOR('',#2053,5.000000000002E-2);
#2055=CARTESIAN_POINT('',(1.191003934177E1,5.000000000018E-2,
-4.125920929290E0));
#2056=LINE('',#2055,#2054);
#2057=DIRECTION('',(-3.264943870816E-11,1.E0,-2.494005002517E-11));
#2058=VECTOR('',#2057,5.000000000002E-2);
#2059=CARTESIAN_POINT('',(1.188935300127E1,5.000000000018E-2,
-4.140808318626E0));
#2060=LINE('',#2059,#2058);
#2061=DIRECTION('',(1.390176862514E-10,1.E0,7.039702154540E-11));
#2062=VECTOR('',#2061,5.000000000002E-2);
#2063=CARTESIAN_POINT('',(1.186630295737E1,5.000000000018E-2,
-4.153607770070E0));
#2064=LINE('',#2063,#2062);
#2065=DIRECTION('',(-8.480327551293E-11,1.E0,-2.248867758680E-11));
#2066=VECTOR('',#2065,5.000000000002E-2);
#2067=CARTESIAN_POINT('',(1.184088133190E1,5.000000000018E-2,
-4.164157764536E0));
#2068=LINE('',#2067,#2066);
#2069=DIRECTION('',(-1.982414232770E-11,1.E0,-3.659295089163E-12));
#2070=VECTOR('',#2069,5.000000000002E-2);
#2071=CARTESIAN_POINT('',(1.181304478962E1,5.000000000018E-2,
-4.172229810178E0));
#2072=LINE('',#2071,#2070);
#2073=CARTESIAN_POINT('',(1.178152564649E1,5.000000000018E-2,
-4.178236534580E0));
#2074=CARTESIAN_POINT('',(1.178152564649E1,6.666797311496E-2,
-4.178236534580E0));
#2075=CARTESIAN_POINT('',(1.178272242002E1,8.333202688542E-2,
-4.177816028169E0));
#2076=CARTESIAN_POINT('',(1.178272242002E1,1.000000000002E-1,
-4.177816028169E0));
#2078=CARTESIAN_POINT('',(1.175020517228E1,5.000000000018E-2,
-4.180490665575E0));
#2079=CARTESIAN_POINT('',(1.175020517228E1,6.666690756090E-2,
-4.180490665575E0));
#2080=CARTESIAN_POINT('',(1.174976606514E1,8.333309243948E-2,
-4.180790783724E0));
#2081=CARTESIAN_POINT('',(1.174976606514E1,1.000000000002E-1,
-4.180790783724E0));
#2083=DIRECTION('',(9.959509766580E-1,0.E0,8.989800939894E-2));
#2084=VECTOR('',#2083,3.309033843189E-2);
#2085=CARTESIAN_POINT('',(1.174976606514E1,1.000000000002E-1,
-4.180790783724E0));
#2086=LINE('',#2085,#2084);
#2087=DIRECTION('',(1.131979394525E-4,9.999861255606E-1,-5.266485791138E-3));
#2088=VECTOR('',#2087,5.000069373162E-2);
#2089=CARTESIAN_POINT('',(1.171572930224E1,5.000000000018E-2,
-4.180617340224E0));
#2090=LINE('',#2089,#2088);
#2091=DIRECTION('',(9.999965119336E-1,0.E0,2.641234695037E-3));
#2092=VECTOR('',#2091,3.403122163415E-2);
#2093=CARTESIAN_POINT('',(1.171573496221E1,1.000000000002E-1,
-4.180880668168E0));
#2094=LINE('',#2093,#2092);
#2095=CARTESIAN_POINT('',(1.168046227019E1,5.000000000018E-2,
-4.178542530864E0));
#2096=CARTESIAN_POINT('',(1.168046227019E1,6.666789645765E-2,
-4.178542530864E0));
#2097=CARTESIAN_POINT('',(1.167925526144E1,8.333210354273E-2,
-4.178158765093E0));
#2098=CARTESIAN_POINT('',(1.167925526144E1,1.000000000002E-1,
-4.178158765093E0));
#2100=DIRECTION('',(9.972279311375E-1,0.E0,-7.440734748207E-2));
#2101=VECTOR('',#2100,3.658110611644E-2);
#2102=CARTESIAN_POINT('',(1.167925526144E1,1.000000000002E-1,
-4.178158765093E0));
#2103=LINE('',#2102,#2101);
#2104=DIRECTION('',(8.004263918334E-11,1.E0,-1.241673430740E-11));
#2105=VECTOR('',#2104,5.000000000002E-2);
#2106=CARTESIAN_POINT('',(1.160148549350E1,5.000000000018E-2,
-4.164342921121E0));
#2107=LINE('',#2106,#2105);
#2108=DIRECTION('',(-1.429611984349E-10,1.E0,6.044942324477E-11));
#2109=VECTOR('',#2108,5.000000000002E-2);
#2110=CARTESIAN_POINT('',(1.152981013998E1,5.000000000018E-2,
-4.140926503799E0));
#2111=LINE('',#2110,#2109);
#2112=DIRECTION('',(8.146372465486E-11,1.E0,-5.236699962550E-11));
#2113=VECTOR('',#2112,5.000000000002E-2);
#2114=CARTESIAN_POINT('',(1.146427253513E1,5.000000000018E-2,
-4.107992242201E0));
#2115=LINE('',#2114,#2113);
#2116=DIRECTION('',(-1.186606368719E-10,1.E0,8.490985692330E-11));
#2117=VECTOR('',#2116,5.000000000002E-2);
#2118=CARTESIAN_POINT('',(1.140597574067E1,5.000000000018E-2,
-4.067990508582E0));
#2119=LINE('',#2118,#2117);
#2120=DIRECTION('',(8.270717444244E-11,1.E0,-9.480416451875E-11));
#2121=VECTOR('',#2120,5.000000000002E-2);
#2122=CARTESIAN_POINT('',(1.135632221993E1,5.000000000018E-2,
-4.023675016912E0));
#2123=LINE('',#2122,#2121);
#2124=DIRECTION('',(-2.561506562414E-11,1.E0,3.347544463848E-11));
#2125=VECTOR('',#2124,5.000000000002E-2);
#2126=CARTESIAN_POINT('',(1.131523712270E1,5.000000000018E-2,
-3.975010312135E0));
#2127=LINE('',#2126,#2125);
#2128=DIRECTION('',(1.301003749176E-10,1.E0,-2.178524027840E-10));
#2129=VECTOR('',#2128,5.000000000002E-2);
#2130=CARTESIAN_POINT('',(1.128911820445E1,5.000000000018E-2,
-3.932845790345E0));
#2131=LINE('',#2130,#2129);
#2132=DIRECTION('',(-1.584510300744E-10,1.E0,4.443023726706E-10));
#2133=VECTOR('',#2132,5.000000000002E-2);
#2134=CARTESIAN_POINT('',(1.126795912329E1,5.000000000018E-2,
-3.884291391589E0));
#2135=LINE('',#2134,#2133);
#2136=DIRECTION('',(3.517186542011E-12,1.E0,-1.035527219528E-10));
#2137=VECTOR('',#2136,5.000000000002E-2);
#2138=CARTESIAN_POINT('',(1.125172442341E1,5.000000000018E-2,
-3.829386510615E0));
#2139=LINE('',#2138,#2137);
#2140=DIRECTION('',(1.037392394209E-11,1.E0,-1.460254139828E-10));
#2141=VECTOR('',#2140,5.000000000002E-2);
#2142=CARTESIAN_POINT('',(1.124549212640E1,5.000000000018E-2,
-3.790881789018E0));
#2143=LINE('',#2142,#2141);
#2144=DIRECTION('',(2.382299241671E-3,9.999971623211E-1,3.027880458422E-10));
#2145=VECTOR('',#2144,5.000014188437E-2);
#2146=CARTESIAN_POINT('',(1.124166583576E1,5.000000000018E-2,
-3.741210904957E0));
#2147=LINE('',#2146,#2145);
#2148=DIRECTION('',(7.442777023478E-2,0.E0,-9.972264071002E-1));
#2149=VECTOR('',#2148,4.980903406617E-2);
#2150=CARTESIAN_POINT('',(1.124178495106E1,1.000000000002E-1,
-3.741210904942E0));
#2151=LINE('',#2150,#2149);
#2152=DIRECTION('',(-2.212135886007E-3,9.999975532244E-1,-1.032771339461E-10));
#2153=VECTOR('',#2152,5.000012233910E-2);
#2154=CARTESIAN_POINT('',(1.124067048022E1,5.000000000018E-2,
-3.680339621932E0));
#2155=LINE('',#2154,#2153);
#2156=DIRECTION('',(2.012163724898E-2,0.E0,-9.997975393621E-1));
#2157=VECTOR('',#2156,6.088360953909E-2);
#2158=CARTESIAN_POINT('',(1.124055987315E1,1.000000000002E-1,
-3.680339621937E0));
#2159=LINE('',#2158,#2157);
#2160=DIRECTION('',(-3.403294141860E-4,9.999999361340E-1,1.091235139257E-4));
#2161=VECTOR('',#2160,5.000000319332E-2);
#2162=CARTESIAN_POINT('',(1.124057688273E1,5.000000000018E-2,
-3.416149713410E0));
#2163=LINE('',#2162,#2161);
#2164=DIRECTION('',(2.608087894187E-8,0.E0,-1.E0));
#2165=VECTOR('',#2164,2.641953647032E-1);
#2166=CARTESIAN_POINT('',(1.124055986626E1,1.000000000002E-1,
-3.416144257234E0));
#2167=LINE('',#2166,#2165);
#2168=DIRECTION('',(8.096774425186E-5,9.999999963851E-1,-2.596156979557E-5));
#2169=VECTOR('',#2168,5.000000018076E-2);
#2170=CARTESIAN_POINT('',(1.199002300229E1,5.000000000018E-2,
-3.656452762583E0));
#2171=LINE('',#2170,#2169);
#2172=DIRECTION('',(6.467349565732E-4,9.999997908669E-1,-7.270449387487E-10));
#2173=VECTOR('',#2172,5.000001045668E-2);
#2174=CARTESIAN_POINT('',(1.198999471379E1,5.000000000018E-2,
-3.858345835580E0));
#2175=LINE('',#2174,#2173);
#2176=DIRECTION('',(6.893935499266E-10,0.E0,1.E0));
#2177=VECTOR('',#2176,2.018917749555E-1);
#2178=CARTESIAN_POINT('',(1.199002705054E1,1.000000000002E-1,
-3.858345835617E0));
#2179=LINE('',#2178,#2177);
#2180=DIRECTION('',(-1.374055630566E-1,0.E0,-9.905148717920E-1));
#2181=VECTOR('',#2180,2.967410933045E-2);
#2182=CARTESIAN_POINT('',(1.198741909844E1,1.000000000002E-1,
-3.966059756866E0));
#2183=LINE('',#2182,#2181);
#2184=DIRECTION('',(-2.267579847926E-1,0.E0,-9.739511365222E-1));
#2185=VECTOR('',#2184,2.772757855890E-2);
#2186=CARTESIAN_POINT('',(1.198334171074E1,1.000000000002E-1,
-3.995452403465E0));
#2187=LINE('',#2186,#2185);
#2188=DIRECTION('',(-3.266162290636E-1,0.E0,-9.451570445763E-1));
#2189=VECTOR('',#2188,2.600474858368E-2);
#2190=CARTESIAN_POINT('',(1.197705426090E1,1.000000000002E-1,
-4.022457710116E0));
#2191=LINE('',#2190,#2189);
#2192=DIRECTION('',(-4.358180037952E-1,0.E0,-9.000348146422E-1));
#2193=VECTOR('',#2192,2.483105280522E-2);
#2194=CARTESIAN_POINT('',(1.196856068798E1,1.000000000002E-1,
-4.047036281432E0));
#2195=LINE('',#2194,#2193);
#2196=DIRECTION('',(-5.432911666140E-1,0.E0,-8.395443456299E-1));
#2197=VECTOR('',#2196,2.457426752119E-2);
#2198=CARTESIAN_POINT('',(1.195773886812E1,1.000000000002E-1,
-4.069385093441E0));
#2199=LINE('',#2198,#2197);
#2200=DIRECTION('',(-6.457992283877E-1,0.E0,-7.635072734518E-1));
#2201=VECTOR('',#2200,2.469971289247E-2);
#2202=CARTESIAN_POINT('',(1.194438788565E1,1.000000000002E-1,
-4.090016280786E0));
#2203=LINE('',#2202,#2201);
#2204=DIRECTION('',(-7.335315204578E-1,0.E0,-6.796554336536E-1));
#2205=VECTOR('',#2204,2.508070591562E-2);
#2206=CARTESIAN_POINT('',(1.192843683012E1,1.000000000002E-1,
-4.108874691232E0));
#2207=LINE('',#2206,#2205);
#2208=DIRECTION('',(-8.116603888696E-1,0.E0,-5.841296201530E-1));
#2209=VECTOR('',#2208,2.548644825761E-2);
#2210=CARTESIAN_POINT('',(1.191003934177E1,1.000000000002E-1,
-4.125920929287E0));
#2211=LINE('',#2210,#2209);
#2212=DIRECTION('',(-8.742559377997E-1,0.E0,-4.854652976496E-1));
#2213=VECTOR('',#2212,2.636532724715E-2);
#2214=CARTESIAN_POINT('',(1.188935300127E1,1.000000000002E-1,
-4.140808318627E0));
#2215=LINE('',#2214,#2213);
#2216=DIRECTION('',(-9.236222574444E-1,0.E0,-3.833039597412E-1));
#2217=VECTOR('',#2216,2.752383376766E-2);
#2218=CARTESIAN_POINT('',(1.186630295737E1,1.000000000002E-1,
-4.153607770067E0));
#2219=LINE('',#2218,#2217);
#2220=DIRECTION('',(-9.604342298225E-1,0.E0,-2.785068943226E-1));
#2221=VECTOR('',#2220,2.898328840407E-2);
#2222=CARTESIAN_POINT('',(1.184088133189E1,1.000000000002E-1,
-4.164157764537E0));
#2223=LINE('',#2222,#2221);
#2224=DIRECTION('',(-9.834501933210E-1,0.E0,-1.811786887493E-1));
#2225=VECTOR('',#2224,3.083264389215E-2);
#2226=CARTESIAN_POINT('',(1.181304478962E1,1.000000000002E-1,
-4.172229810178E0));
#2227=LINE('',#2226,#2225);
#2228=DIRECTION('',(-9.845840834289E-1,0.E0,1.749119282910E-1));
#2229=VECTOR('',#2228,7.898743159737E-2);
#2230=CARTESIAN_POINT('',(1.167925526144E1,1.000000000002E-1,
-4.178158765093E0));
#2231=LINE('',#2230,#2229);
#2232=DIRECTION('',(-9.505576247808E-1,0.E0,3.105482280919E-1));
#2233=VECTOR('',#2232,7.540348070870E-2);
#2234=CARTESIAN_POINT('',(1.160148549350E1,1.000000000002E-1,
-4.164342921122E0));
#2235=LINE('',#2234,#2233);
#2236=DIRECTION('',(-8.935230390848E-1,0.E0,4.490173477992E-1));
#2237=VECTOR('',#2236,7.334741464578E-2);
#2238=CARTESIAN_POINT('',(1.152981013998E1,1.000000000002E-1,
-4.140926503796E0));
#2239=LINE('',#2238,#2237);
#2240=DIRECTION('',(-8.245520886204E-1,0.E0,5.657860489194E-1));
#2241=VECTOR('',#2240,7.070116646134E-2);
#2242=CARTESIAN_POINT('',(1.146427253513E1,1.000000000002E-1,
-4.107992242204E0));
#2243=LINE('',#2242,#2241);
#2244=DIRECTION('',(-7.460720798023E-1,0.E0,6.658651903648E-1));
#2245=VECTOR('',#2244,6.655324876887E-2);
#2246=CARTESIAN_POINT('',(1.140597574066E1,1.000000000002E-1,
-4.067990508578E0));
#2247=LINE('',#2246,#2245);
#2248=DIRECTION('',(-6.450933525259E-1,0.E0,7.641037668582E-1));
#2249=VECTOR('',#2248,6.368860735112E-2);
#2250=CARTESIAN_POINT('',(1.135632221993E1,1.000000000002E-1,
-4.023675016917E0));
#2251=LINE('',#2250,#2249);
#2252=DIRECTION('',(-5.266034245244E-1,0.E0,8.501110711426E-1));
#2253=VECTOR('',#2252,4.959883856275E-2);
#2254=CARTESIAN_POINT('',(1.131523712270E1,1.000000000002E-1,
-3.975010312134E0));
#2255=LINE('',#2254,#2253);
#2256=DIRECTION('',(-3.994956688833E-1,0.E0,9.167350819858E-1));
#2257=VECTOR('',#2256,5.296448204411E-2);
#2258=CARTESIAN_POINT('',(1.128911820446E1,1.000000000002E-1,
-3.932845790356E0));
#2259=LINE('',#2258,#2257);
#2260=DIRECTION('',(-2.835517996639E-1,0.E0,9.589569212991E-1));
#2261=VECTOR('',#2260,5.725479396110E-2);
#2262=CARTESIAN_POINT('',(1.126795912328E1,1.000000000002E-1,
-3.884291391567E0));
#2263=LINE('',#2262,#2261);
#2264=DIRECTION('',(-1.597785849381E-1,0.E0,9.871528776209E-1));
#2265=VECTOR('',#2264,3.900583432232E-2);
#2266=CARTESIAN_POINT('',(1.125172442341E1,1.000000000002E-1,
-3.829386510620E0));
#2267=LINE('',#2266,#2265);
#2268=DIRECTION('',(9.522468432124E-1,0.E0,-3.053292478489E-1));
#2269=VECTOR('',#2268,7.870513719866E-1);
#2270=CARTESIAN_POINT('',(1.124055986626E1,1.000000000002E-1,
-3.416144257234E0));
#2271=LINE('',#2270,#2269);
#2272=DIRECTION('',(-9.524311324533E-1,0.E0,3.047538973233E-1));
#2273=VECTOR('',#2272,5.304011856359E-1);
#2274=CARTESIAN_POINT('',(1.186630295737E1,1.000000000002E-1,
-3.770589398875E0));
#2275=LINE('',#2274,#2273);
#2276=DIRECTION('',(1.827631783039E-1,0.E0,-9.831569664383E-1));
#2277=VECTOR('',#2276,3.181553972518E-2);
#2278=CARTESIAN_POINT('',(1.136578491103E1,1.000000000002E-1,
-3.780056029399E0));
#2279=LINE('',#2278,#2277);
#2280=DIRECTION('',(3.343186182049E-1,0.E0,-9.424601113690E-1));
#2281=VECTOR('',#2280,2.722031001794E-2);
#2282=CARTESIAN_POINT('',(1.137159962019E1,1.000000000002E-1,
-3.811335698921E0));
#2283=LINE('',#2282,#2281);
#2284=DIRECTION('',(4.664312066258E-1,0.E0,-8.845574766433E-1));
#2285=VECTOR('',#2284,2.797334423076E-2);
#2286=CARTESIAN_POINT('',(1.138069987662E1,1.000000000002E-1,
-3.836989755332E0));
#2287=LINE('',#2286,#2285);
#2288=DIRECTION('',(5.847830493061E-1,0.E0,-8.111897344298E-1));
#2289=VECTOR('',#2288,2.928441251037E-2);
#2290=CARTESIAN_POINT('',(1.139374751732E1,1.000000000002E-1,
-3.861733786118E0));
#2291=LINE('',#2290,#2289);
#2292=DIRECTION('',(6.898721851216E-1,0.E0,-7.239311902354E-1));
#2293=VECTOR('',#2292,4.441615472281E-2);
#2294=CARTESIAN_POINT('',(1.141087254537E1,1.000000000002E-1,
-3.885489000925E0));
#2295=LINE('',#2294,#2293);
#2296=DIRECTION('',(7.788376951124E-1,0.E0,-6.272255134097E-1));
#2297=VECTOR('',#2296,4.721309685393E-2);
#2298=CARTESIAN_POINT('',(1.144151401508E1,1.000000000002E-1,
-3.917643240680E0));
#2299=LINE('',#2298,#2297);
#2300=DIRECTION('',(8.450530526724E-1,0.E0,-5.346824648042E-1));
#2301=VECTOR('',#2300,5.072085562067E-2);
#2302=CARTESIAN_POINT('',(1.147828535462E1,1.000000000002E-1,
-3.947256499593E0));
#2303=LINE('',#2302,#2301);
#2304=DIRECTION('',(9.063251382934E-1,0.E0,-4.225810498560E-1));
#2305=VECTOR('',#2304,5.384666675851E-2);
#2306=CARTESIAN_POINT('',(1.152114716849E1,1.000000000002E-1,
-3.974376051694E0));
#2307=LINE('',#2306,#2305);
#2308=DIRECTION('',(9.568933430951E-1,0.E0,-2.904395461027E-1));
#2309=VECTOR('',#2308,5.667014651968E-2);
#2310=CARTESIAN_POINT('',(1.156994975619E1,1.000000000002E-1,
-3.997130632664E0));
#2311=LINE('',#2310,#2309);
#2312=DIRECTION('',(9.858892024010E-1,0.E0,-1.673991654373E-1));
#2313=VECTOR('',#2312,6.045781854363E-2);
#2314=CARTESIAN_POINT('',(1.162417704215E1,1.000000000002E-1,
-4.013589884297E0));
#2315=LINE('',#2314,#2313);
#2316=DIRECTION('',(9.946543493002E-1,0.E0,1.032604736485E-1));
#2317=VECTOR('',#2316,4.017315034091E-2);
#2318=CARTESIAN_POINT('',(1.173258827977E1,1.000000000002E-1,
-4.026290848319E0));
#2319=LINE('',#2318,#2317);
#2320=DIRECTION('',(9.436084923526E-1,0.E0,3.310634579051E-1));
#2321=VECTOR('',#2320,3.297364385760E-2);
#2322=CARTESIAN_POINT('',(1.177254667848E1,1.000000000002E-1,
-4.022142549787E0));
#2323=LINE('',#2322,#2321);
#2324=DIRECTION('',(8.304352156178E-1,0.E0,5.571152059151E-1));
#2325=VECTOR('',#2324,2.858202178135E-2);
#2326=CARTESIAN_POINT('',(1.180366088885E1,1.000000000002E-1,
-4.011226181232E0));
#2327=LINE('',#2326,#2325);
#2328=DIRECTION('',(6.795159955734E-1,0.E0,7.336606925275E-1));
#2329=VECTOR('',#2328,2.619317836110E-2);
#2330=CARTESIAN_POINT('',(1.182739640627E1,1.000000000002E-1,
-3.995302702282E0));
#2331=LINE('',#2330,#2329);
#2332=DIRECTION('',(4.647794644963E-1,0.E0,8.854264788126E-1));
#2333=VECTOR('',#2332,2.552993390203E-2);
#2334=CARTESIAN_POINT('',(1.184519508994E1,1.000000000002E-1,
-3.976085796906E0));
#2335=LINE('',#2334,#2333);
#2336=DIRECTION('',(2.291279495918E-1,0.E0,9.733963132845E-1));
#2337=VECTOR('',#2336,2.229993285137E-2);
#2338=CARTESIAN_POINT('',(1.185706087895E1,1.000000000002E-1,
-3.953480917427E0));
#2339=LINE('',#2338,#2337);
#2340=DIRECTION('',(0.E0,1.E0,0.E0));
#2341=VECTOR('',#2340,5.000000000002E-2);
#2342=CARTESIAN_POINT('',(1.186526686776E1,5.000000000018E-2,
-3.900577305204E0));
#2343=LINE('',#2342,#2341);
#2344=DIRECTION('',(-9.876963262171E-2,0.E0,-9.951103253769E-1));
#2345=VECTOR('',#2344,3.135023223381E-2);
#2346=CARTESIAN_POINT('',(1.186526686776E1,1.000000000002E-1,
-3.900577305204E0));
#2347=LINE('',#2346,#2345);
#2348=DIRECTION('',(-9.876963262176E-2,0.E0,-9.951103253769E-1));
#2349=VECTOR('',#2348,3.135023222511E-2);
#2350=CARTESIAN_POINT('',(1.186526686776E1,5.000000000018E-2,
-3.900577305204E0));
#2351=LINE('',#2350,#2349);
#2352=DIRECTION('',(-2.291279495919E-1,0.E0,-9.733963132845E-1));
#2353=VECTOR('',#2352,2.229993286791E-2);
#2354=CARTESIAN_POINT('',(1.186217041684E1,5.000000000018E-2,
-3.931774244994E0));
#2355=LINE('',#2354,#2353);
#2356=DIRECTION('',(-4.647794644963E-1,0.E0,-8.854264788126E-1));
#2357=VECTOR('',#2356,2.552993389408E-2);
#2358=CARTESIAN_POINT('',(1.185706087895E1,5.000000000018E-2,
-3.953480917434E0));
#2359=LINE('',#2358,#2357);
#2360=DIRECTION('',(-6.795159955734E-1,0.E0,-7.336606925274E-1));
#2361=VECTOR('',#2360,2.619317835639E-2);
#2362=CARTESIAN_POINT('',(1.184519508994E1,5.000000000018E-2,
-3.976085796906E0));
#2363=LINE('',#2362,#2361);
#2364=DIRECTION('',(-8.304352156178E-1,0.E0,-5.571152059151E-1));
#2365=VECTOR('',#2364,2.858202178618E-2);
#2366=CARTESIAN_POINT('',(1.182739640627E1,5.000000000018E-2,
-3.995302702279E0));
#2367=LINE('',#2366,#2365);
#2368=DIRECTION('',(-9.436084923526E-1,0.E0,-3.310634579051E-1));
#2369=VECTOR('',#2368,3.297364386045E-2);
#2370=CARTESIAN_POINT('',(1.180366088885E1,5.000000000018E-2,
-4.011226181232E0));
#2371=LINE('',#2370,#2369);
#2372=DIRECTION('',(-9.946543493002E-1,0.E0,-1.032604736485E-1));
#2373=VECTOR('',#2372,4.017315033622E-2);
#2374=CARTESIAN_POINT('',(1.177254667848E1,5.000000000018E-2,
-4.022142549788E0));
#2375=LINE('',#2374,#2373);
#2376=DIRECTION('',(-9.986053321844E-1,0.E0,5.279574351087E-2));
#2377=VECTOR('',#2376,4.887469107997E-2);
#2378=CARTESIAN_POINT('',(1.173258827977E1,5.000000000018E-2,
-4.026290848319E0));
#2379=LINE('',#2378,#2377);
#2380=DIRECTION('',(-9.858892024010E-1,0.E0,1.673991654372E-1));
#2381=VECTOR('',#2380,6.045781855204E-2);
#2382=CARTESIAN_POINT('',(1.168378175265E1,5.000000000018E-2,
-4.023710472665E0));
#2383=LINE('',#2382,#2381);
#2384=DIRECTION('',(-9.568933430951E-1,0.E0,2.904395461027E-1));
#2385=VECTOR('',#2384,5.667014650694E-2);
#2386=CARTESIAN_POINT('',(1.162417704214E1,5.000000000018E-2,
-4.013589884295E0));
#2387=LINE('',#2386,#2385);
#2388=DIRECTION('',(-9.063251382934E-1,0.E0,4.225810498561E-1));
#2389=VECTOR('',#2388,5.384666675734E-2);
#2390=CARTESIAN_POINT('',(1.156994975619E1,5.000000000018E-2,
-3.997130632666E0));
#2391=LINE('',#2390,#2389);
#2392=DIRECTION('',(-8.450530526723E-1,0.E0,5.346824648043E-1));
#2393=VECTOR('',#2392,5.072085563106E-2);
#2394=CARTESIAN_POINT('',(1.152114716850E1,5.000000000018E-2,
-3.974376051697E0));
#2395=LINE('',#2394,#2393);
#2396=DIRECTION('',(-7.788376951124E-1,0.E0,6.272255134096E-1));
#2397=VECTOR('',#2396,4.721309686990E-2);
#2398=CARTESIAN_POINT('',(1.147828535461E1,5.000000000018E-2,
-3.947256499591E0));
#2399=LINE('',#2398,#2397);
#2400=DIRECTION('',(-6.898721851215E-1,0.E0,7.239311902354E-1));
#2401=VECTOR('',#2400,4.441615467617E-2);
#2402=CARTESIAN_POINT('',(1.144151401507E1,5.000000000018E-2,
-3.917643240667E0));
#2403=LINE('',#2402,#2401);
#2404=DIRECTION('',(-5.847830493060E-1,0.E0,8.111897344298E-1));
#2405=VECTOR('',#2404,2.928441255560E-2);
#2406=CARTESIAN_POINT('',(1.141087254539E1,5.000000000018E-2,
-3.885489000947E0));
#2407=LINE('',#2406,#2405);
#2408=DIRECTION('',(-4.664312066258E-1,0.E0,8.845574766433E-1));
#2409=VECTOR('',#2408,2.797334421049E-2);
#2410=CARTESIAN_POINT('',(1.139374751732E1,5.000000000018E-2,
-3.861733786103E0));
#2411=LINE('',#2410,#2409);
#2412=DIRECTION('',(-3.343186182049E-1,0.E0,9.424601113689E-1));
#2413=VECTOR('',#2412,2.722031001699E-2);
#2414=CARTESIAN_POINT('',(1.138069987662E1,5.000000000018E-2,
-3.836989755334E0));
#2415=LINE('',#2414,#2413);
#2416=DIRECTION('',(-1.827631783039E-1,0.E0,9.831569664383E-1));
#2417=VECTOR('',#2416,3.181553972972E-2);
#2418=CARTESIAN_POINT('',(1.137159962019E1,5.000000000018E-2,
-3.811335698924E0));
#2419=LINE('',#2418,#2417);
#2420=DIRECTION('',(-8.409010128240E-2,0.E0,9.964581551005E-1));
#2421=VECTOR('',#2420,4.150787722352E-2);
#2422=CARTESIAN_POINT('',(1.136578491103E1,5.000000000018E-2,
-3.780056029398E0));
#2423=LINE('',#2422,#2421);
#2424=DIRECTION('',(-2.253228665571E-2,0.E0,9.997461158004E-1));
#2425=VECTOR('',#2424,5.157727519850E-2);
#2426=CARTESIAN_POINT('',(1.136229450943E1,5.000000000018E-2,
-3.738695166638E0));
#2427=LINE('',#2426,#2425);
#2428=DIRECTION('',(-2.930928896755E-12,0.E0,1.E0));
#2429=VECTOR('',#2428,7.818341568653E-2);
#2430=CARTESIAN_POINT('',(1.136113235548E1,5.000000000018E-2,
-3.687130986095E0));
#2431=LINE('',#2430,#2429);
#2432=DIRECTION('',(9.524311324533E-1,0.E0,-3.047538973233E-1));
#2433=VECTOR('',#2432,5.304011856359E-1);
#2434=CARTESIAN_POINT('',(1.136113235548E1,5.000000000018E-2,
-3.608947570408E0));
#2435=LINE('',#2434,#2433);
#2436=DIRECTION('',(1.212921779270E-12,0.E0,-1.E0));
#2437=VECTOR('',#2436,8.933615428081E-2);
#2438=CARTESIAN_POINT('',(1.186630295737E1,5.000000000018E-2,
-3.770589398875E0));
#2439=LINE('',#2438,#2437);
#2440=DIRECTION('',(-2.547868685205E-2,0.E0,-9.996753655644E-1));
#2441=VECTOR('',#2440,4.066495329165E-2);
#2442=CARTESIAN_POINT('',(1.186630295737E1,5.000000000018E-2,
-3.859925553156E0));
#2443=LINE('',#2442,#2441);
#2444=DIRECTION('',(-1.719513420539E-11,1.E0,-1.732125554098E-10));
#2445=VECTOR('',#2444,5.000000000002E-2);
#2446=CARTESIAN_POINT('',(1.186217041684E1,5.000000000018E-2,
-3.931774244994E0));
#2447=LINE('',#2446,#2445);
#2448=DIRECTION('',(5.858424856340E-11,1.E0,1.488054124365E-10));
#2449=VECTOR('',#2448,5.000000000002E-2);
#2450=CARTESIAN_POINT('',(1.185706087895E1,5.000000000018E-2,
-3.953480917434E0));
#2451=LINE('',#2450,#2449);
#2452=DIRECTION('',(-1.524114168205E-11,1.E0,8.144596108647E-12));
#2453=VECTOR('',#2452,5.000000000002E-2);
#2454=CARTESIAN_POINT('',(1.184519508994E1,5.000000000018E-2,
-3.976085796906E0));
#2455=LINE('',#2454,#2453);
#2456=DIRECTION('',(-7.918998790043E-11,1.E0,-6.095568494400E-11));
#2457=VECTOR('',#2456,5.000000000002E-2);
#2458=CARTESIAN_POINT('',(1.182739640627E1,5.000000000018E-2,
-3.995302702279E0));
#2459=LINE('',#2458,#2457);
#2460=DIRECTION('',(9.947598300637E-13,1.E0,-7.158718062780E-12));
#2461=VECTOR('',#2460,5.000000000002E-2);
#2462=CARTESIAN_POINT('',(1.180366088885E1,5.000000000018E-2,
-4.011226181232E0));
#2463=LINE('',#2462,#2461);
#2464=DIRECTION('',(5.474731779029E-11,1.E0,1.175948227682E-11));
#2465=VECTOR('',#2464,5.000000000002E-2);
#2466=CARTESIAN_POINT('',(1.177254667848E1,5.000000000018E-2,
-4.022142549788E0));
#2467=LINE('',#2466,#2465);
#2468=DIRECTION('',(-3.861799768855E-11,1.E0,2.042810365309E-12));
#2469=VECTOR('',#2468,5.000000000002E-2);
#2470=CARTESIAN_POINT('',(1.173258827977E1,5.000000000018E-2,
-4.026290848319E0));
#2471=LINE('',#2470,#2469);
#2472=DIRECTION('',(-9.986053321844E-1,0.E0,5.279574351085E-2));
#2473=VECTOR('',#2472,4.887469107951E-2);
#2474=CARTESIAN_POINT('',(1.173258827977E1,1.000000000002E-1,
-4.026290848319E0));
#2475=LINE('',#2474,#2473);
#2476=DIRECTION('',(-2.938094212367E-11,1.E0,1.563194018672E-12));
#2477=VECTOR('',#2476,5.000000000002E-2);
#2478=CARTESIAN_POINT('',(1.168378175265E1,5.000000000018E-2,
-4.023710472665E0));
#2479=LINE('',#2478,#2477);
#2480=DIRECTION('',(1.364242052659E-10,1.E0,-2.659206188581E-11));
#2481=VECTOR('',#2480,5.000000000002E-2);
#2482=CARTESIAN_POINT('',(1.162417704214E1,5.000000000018E-2,
-4.013589884295E0));
#2483=LINE('',#2482,#2481);
#2484=DIRECTION('',(-1.073985345101E-10,1.E0,4.741984582777E-11));
#2485=VECTOR('',#2484,5.000000000002E-2);
#2486=CARTESIAN_POINT('',(1.156994975619E1,5.000000000018E-2,
-3.997130632666E0));
#2487=LINE('',#2486,#2485);
#2488=DIRECTION('',(-1.286792894461E-10,1.E0,5.730527163903E-11));
#2489=VECTOR('',#2488,5.000000000002E-2);
#2490=CARTESIAN_POINT('',(1.152114716850E1,5.000000000018E-2,
-3.974376051697E0));
#2491=LINE('',#2490,#2489);
#2492=DIRECTION('',(4.689582056015E-11,1.E0,-5.377032152862E-11));
#2493=VECTOR('',#2492,5.000000000002E-2);
#2494=CARTESIAN_POINT('',(1.147828535461E1,5.000000000018E-2,
-3.947256499591E0));
#2495=LINE('',#2494,#2493);
#2496=DIRECTION('',(2.955147238025E-10,1.E0,-2.540012644657E-10));
#2497=VECTOR('',#2496,5.000000000002E-2);
#2498=CARTESIAN_POINT('',(1.144151401507E1,5.000000000018E-2,
-3.917643240667E0));
#2499=LINE('',#2498,#2497);
#2500=DIRECTION('',(-3.479527777016E-10,1.E0,4.211653248374E-10));
#2501=VECTOR('',#2500,5.000000000002E-2);
#2502=CARTESIAN_POINT('',(1.141087254539E1,5.000000000018E-2,
-3.885489000947E0));
#2503=LINE('',#2502,#2501);
#2504=DIRECTION('',(1.809397076612E-10,1.E0,-3.125144587556E-10));
#2505=VECTOR('',#2504,5.000000000002E-2);
#2506=CARTESIAN_POINT('',(1.139374751732E1,5.000000000018E-2,
-3.861733786103E0));
#2507=LINE('',#2506,#2505);
#2508=DIRECTION('',(-8.171241461238E-12,1.E0,4.616751425599E-11));
#2509=VECTOR('',#2508,5.000000000002E-2);
#2510=CARTESIAN_POINT('',(1.138069987662E1,5.000000000018E-2,
-3.836989755334E0));
#2511=LINE('',#2510,#2509);
#2512=DIRECTION('',(-1.449507180950E-11,1.E0,6.405542762875E-11));
#2513=VECTOR('',#2512,5.000000000002E-2);
#2514=CARTESIAN_POINT('',(1.137159962019E1,5.000000000018E-2,
-3.811335698924E0));
#2515=LINE('',#2514,#2513);
#2516=DIRECTION('',(2.131628207279E-12,1.E0,-2.533973031403E-11));
#2517=VECTOR('',#2516,5.000000000002E-2);
#2518=CARTESIAN_POINT('',(1.136578491103E1,5.000000000018E-2,
-3.780056029398E0));
#2519=LINE('',#2518,#2517);
#2520=DIRECTION('',(-8.409010128239E-2,0.E0,9.964581551005E-1));
#2521=VECTOR('',#2520,4.150787722477E-2);
#2522=CARTESIAN_POINT('',(1.136578491103E1,1.000000000002E-1,
-3.780056029399E0));
#2523=LINE('',#2522,#2521);
#2524=DIRECTION('',(3.552713678799E-14,1.E0,-3.552713678799E-13));
#2525=VECTOR('',#2524,5.000000000002E-2);
#2526=CARTESIAN_POINT('',(1.136229450943E1,5.000000000018E-2,
-3.738695166638E0));
#2527=LINE('',#2526,#2525);
#2528=DIRECTION('',(-2.253228665576E-2,0.E0,9.997461158004E-1));
#2529=VECTOR('',#2528,5.157727519855E-2);
#2530=CARTESIAN_POINT('',(1.136229450943E1,1.000000000002E-1,
-3.738695166638E0));
#2531=LINE('',#2530,#2529);
#2532=DIRECTION('',(-3.552713678799E-14,1.E0,5.329070518199E-13));
#2533=VECTOR('',#2532,5.000000000002E-2);
#2534=CARTESIAN_POINT('',(1.136113235548E1,5.000000000018E-2,
-3.687130986095E0));
#2535=LINE('',#2534,#2533);
#2536=DIRECTION('',(-2.953649275795E-12,0.E0,1.E0));
#2537=VECTOR('',#2536,7.818341568665E-2);
#2538=CARTESIAN_POINT('',(1.136113235548E1,1.000000000002E-1,
-3.687130986095E0));
#2539=LINE('',#2538,#2537);
#2540=DIRECTION('',(0.E0,1.E0,3.073097332161E-12));
#2541=VECTOR('',#2540,5.000000000002E-2);
#2542=CARTESIAN_POINT('',(1.136113235548E1,5.000000000018E-2,
-3.608947570408E0));
#2543=LINE('',#2542,#2541);
#2544=DIRECTION('',(0.E0,1.E0,3.055333763767E-12));
#2545=VECTOR('',#2544,5.000000000002E-2);
#2546=CARTESIAN_POINT('',(1.186630295737E1,5.000000000018E-2,
-3.770589398875E0));
#2547=LINE('',#2546,#2545);
#2548=DIRECTION('',(1.232805742863E-12,0.E0,-1.E0));
#2549=VECTOR('',#2548,8.933615428095E-2);
#2550=CARTESIAN_POINT('',(1.186630295737E1,1.000000000002E-1,
-3.770589398875E0));
#2551=LINE('',#2550,#2549);
#2552=DIRECTION('',(0.E0,1.E0,2.398081733189E-13));
#2553=VECTOR('',#2552,5.000000000002E-2);
#2554=CARTESIAN_POINT('',(1.186630295737E1,5.000000000018E-2,
-3.859925553156E0));
#2555=LINE('',#2554,#2553);
#2556=DIRECTION('',(-2.547868685204E-2,0.E0,-9.996753655644E-1));
#2557=VECTOR('',#2556,4.066495329167E-2);
#2558=CARTESIAN_POINT('',(1.186630295737E1,1.000000000002E-1,
-3.859925553156E0));
#2559=LINE('',#2558,#2557);
#2560=DIRECTION('',(0.E0,1.E0,3.517186542011E-12));
#2561=VECTOR('',#2560,5.000000000002E-2);
#2562=CARTESIAN_POINT('',(1.199002705068E1,5.000000000018E-2,
-8.181905248027E0));
#2563=LINE('',#2562,#2561);
#2564=DIRECTION('',(0.E0,1.E0,-8.171241461238E-13));
#2565=VECTOR('',#2564,5.000000000002E-2);
#2566=CARTESIAN_POINT('',(1.199002705068E1,5.000000000018E-2,
-8.324999887302E0));
#2567=LINE('',#2566,#2565);
#2568=DIRECTION('',(-4.220712449161E-13,0.E0,1.E0));
#2569=VECTOR('',#2568,1.430946392750E-1);
#2570=CARTESIAN_POINT('',(1.199002705068E1,1.000000000002E-1,
-8.324999887302E0));
#2571=LINE('',#2570,#2569);
#2572=DIRECTION('',(0.E0,1.E0,-8.171241461238E-13));
#2573=VECTOR('',#2572,5.000000000002E-2);
#2574=CARTESIAN_POINT('',(1.124055986626E1,5.000000000018E-2,
-8.085233735389E0));
#2575=LINE('',#2574,#2573);
#2576=DIRECTION('',(0.E0,1.E0,-4.334310688135E-12));
#2577=VECTOR('',#2576,5.000000000002E-2);
#2578=CARTESIAN_POINT('',(1.124055986626E1,5.000000000018E-2,
-7.941441804007E0));
#2579=LINE('',#2578,#2577);
#2580=DIRECTION('',(3.582561820224E-13,0.E0,-1.E0));
#2581=VECTOR('',#2580,1.437919313822E-1);
#2582=CARTESIAN_POINT('',(1.124055986626E1,1.000000000002E-1,
-7.941441804007E0));
#2583=LINE('',#2582,#2581);
#2584=DIRECTION('',(7.389644451902E-12,1.E0,-2.184918912461E-12));
#2585=VECTOR('',#2584,5.000000000002E-2);
#2586=CARTESIAN_POINT('',(1.174416254526E1,5.000000000018E-2,
-7.795073436056E0));
#2587=LINE('',#2586,#2585);
#2588=DIRECTION('',(0.E0,1.E0,1.953992523339E-13));
#2589=VECTOR('',#2588,5.000000000002E-2);
#2590=CARTESIAN_POINT('',(1.124055986626E1,5.000000000018E-2,
-7.633801920767E0));
#2591=LINE('',#2590,#2589);
#2592=DIRECTION('',(-3.552713678799E-14,1.E0,9.769962616697E-13));
#2593=VECTOR('',#2592,5.000000000002E-2);
#2594=CARTESIAN_POINT('',(1.124055986626E1,5.000000000018E-2,
-7.490195145976E0));
#2595=LINE('',#2594,#2593);
#2596=DIRECTION('',(4.453052184451E-13,0.E0,-1.E0));
#2597=VECTOR('',#2596,1.436067747908E-1);
#2598=CARTESIAN_POINT('',(1.124055986626E1,1.000000000002E-1,
-7.490195145976E0));
#2599=LINE('',#2598,#2597);
#2600=DIRECTION('',(3.552713678799E-14,1.E0,9.769962616697E-13));
#2601=VECTOR('',#2600,5.000000000002E-2);
#2602=CARTESIAN_POINT('',(1.199002705068E1,5.000000000018E-2,
-7.729949479305E0));
#2603=LINE('',#2602,#2601);
#2604=DIRECTION('',(0.E0,1.E0,4.529709940469E-12));
#2605=VECTOR('',#2604,5.000000000002E-2);
#2606=CARTESIAN_POINT('',(1.199002705068E1,5.000000000018E-2,
-7.874095966198E0));
#2607=LINE('',#2606,#2605);
#2608=DIRECTION('',(-6.284870395564E-13,0.E0,1.E0));
#2609=VECTOR('',#2608,1.441464868923E-1);
#2610=CARTESIAN_POINT('',(1.199002705068E1,1.000000000002E-1,
-7.874095966197E0));
#2611=LINE('',#2610,#2609);
#2612=DIRECTION('',(-1.598721155460E-12,1.E0,4.050093593831E-12));
#2613=VECTOR('',#2612,5.000000000002E-2);
#2614=CARTESIAN_POINT('',(1.148851624899E1,5.000000000018E-2,
-8.021208900588E0));
#2615=LINE('',#2614,#2613);
#2616=DIRECTION('',(9.523067316482E-1,0.E0,-3.051424075043E-1));
#2617=VECTOR('',#2616,5.266273827789E-1);
#2618=CARTESIAN_POINT('',(1.148851624899E1,1.000000000002E-1,
-8.021208900588E0));
#2619=LINE('',#2618,#2617);
#2620=DIRECTION('',(-9.524475126370E-1,0.E0,3.047027004666E-1));
#2621=VECTOR('',#2620,7.868855495723E-1);
#2622=CARTESIAN_POINT('',(1.199002705068E1,1.000000000002E-1,
-8.324999887302E0));
#2623=LINE('',#2622,#2621);
#2624=DIRECTION('',(9.602639155043E-1,0.E0,2.790935552470E-1));
#2625=VECTOR('',#2624,5.244419485825E-1);
#2626=CARTESIAN_POINT('',(1.124055986626E1,1.000000000002E-1,
-7.941441804007E0));
#2627=LINE('',#2626,#2625);
#2628=DIRECTION('',(-9.523589895383E-1,0.E0,3.049792698622E-1));
#2629=VECTOR('',#2628,5.287950074842E-1);
#2630=CARTESIAN_POINT('',(1.174416254526E1,1.000000000002E-1,
-7.795073436056E0));
#2631=LINE('',#2630,#2629);
#2632=DIRECTION('',(9.524518714025E-1,0.E0,-3.046890753897E-1));
#2633=VECTOR('',#2632,7.868819484983E-1);
#2634=CARTESIAN_POINT('',(1.124055986626E1,1.000000000002E-1,
-7.490195145976E0));
#2635=LINE('',#2634,#2633);
#2636=DIRECTION('',(-9.595673800033E-1,0.E0,-2.814790280528E-1));
#2637=VECTOR('',#2636,5.226426118080E-1);
#2638=CARTESIAN_POINT('',(1.199002705068E1,1.000000000002E-1,
-7.874095966197E0));
#2639=LINE('',#2638,#2637);
#2640=DIRECTION('',(0.E0,1.E0,-2.309263891219E-13));
#2641=VECTOR('',#2640,5.000000000002E-2);
#2642=CARTESIAN_POINT('',(1.199002705068E1,5.000000000018E-2,
-4.467775412912E0));
#2643=LINE('',#2642,#2641);
#2644=DIRECTION('',(0.E0,1.E0,-1.847411112976E-12));
#2645=VECTOR('',#2644,5.000000000002E-2);
#2646=CARTESIAN_POINT('',(1.199002705068E1,5.000000000018E-2,
-5.023367739048E0));
#2647=LINE('',#2646,#2645);
#2648=DIRECTION('',(-1.598615347835E-13,0.E0,1.E0));
#2649=VECTOR('',#2648,5.555923261357E-1);
#2650=CARTESIAN_POINT('',(1.199002705068E1,1.000000000002E-1,
-5.023367739048E0));
#2651=LINE('',#2650,#2649);
#2652=DIRECTION('',(0.E0,1.E0,-1.829647544582E-12));
#2653=VECTOR('',#2652,5.000000000002E-2);
#2654=CARTESIAN_POINT('',(1.186473897391E1,5.000000000018E-2,
-4.983413279591E0));
#2655=LINE('',#2654,#2653);
#2656=DIRECTION('',(3.552713678799E-14,1.E0,-2.859934511433E-12));
#2657=VECTOR('',#2656,5.000000000002E-2);
#2658=CARTESIAN_POINT('',(1.186473897391E1,5.000000000018E-2,
-4.582080149713E0));
#2659=LINE('',#2658,#2657);
#2660=DIRECTION('',(-1.549149191791E-13,0.E0,-1.E0));
#2661=VECTOR('',#2660,4.013331298783E-1);
#2662=CARTESIAN_POINT('',(1.186473897391E1,1.000000000002E-1,
-4.582080149713E0));
#2663=LINE('',#2662,#2661);
#2664=DIRECTION('',(0.E0,1.E0,-2.859934511433E-12));
#2665=VECTOR('',#2664,5.000000000002E-2);
#2666=CARTESIAN_POINT('',(1.169460751229E1,5.000000000018E-2,
-4.527380123089E0));
#2667=LINE('',#2666,#2665);
#2668=DIRECTION('',(-3.552713678799E-14,1.E0,-1.048050535246E-12));
#2669=VECTOR('',#2668,5.000000000002E-2);
#2670=CARTESIAN_POINT('',(1.169460751229E1,5.000000000018E-2,
-4.915279541090E0));
#2671=LINE('',#2670,#2669);
#2672=DIRECTION('',(6.869139615708E-14,0.E0,1.E0));
#2673=VECTOR('',#2672,3.878994180009E-1);
#2674=CARTESIAN_POINT('',(1.169460751229E1,1.000000000002E-1,
-4.915279541090E0));
#2675=LINE('',#2674,#2673);
#2676=DIRECTION('',(0.E0,1.E0,-1.048050535246E-12));
#2677=VECTOR('',#2676,5.000000000002E-2);
#2678=CARTESIAN_POINT('',(1.156931943551E1,5.000000000018E-2,
-4.875325081631E0));
#2679=LINE('',#2678,#2677);
#2680=DIRECTION('',(0.E0,1.E0,-4.085620730619E-13));
#2681=VECTOR('',#2680,5.000000000002E-2);
#2682=CARTESIAN_POINT('',(1.156931943551E1,5.000000000018E-2,
-4.487240506878E0));
#2683=LINE('',#2682,#2681);
#2684=DIRECTION('',(1.006993140392E-13,0.E0,-1.E0));
#2685=VECTOR('',#2684,3.880845747529E-1);
#2686=CARTESIAN_POINT('',(1.156931943551E1,1.000000000002E-1,
-4.487240506878E0));
#2687=LINE('',#2686,#2685);
#2688=DIRECTION('',(0.E0,1.E0,-3.907985046679E-13));
#2689=VECTOR('',#2688,5.000000000002E-2);
#2690=CARTESIAN_POINT('',(1.136584794303E1,5.000000000018E-2,
-4.417660970084E0));
#2691=LINE('',#2690,#2689);
#2692=DIRECTION('',(-3.552713678799E-14,1.E0,-1.847411112976E-12));
#2693=VECTOR('',#2692,5.000000000002E-2);
#2694=CARTESIAN_POINT('',(1.136584794303E1,5.000000000018E-2,
-4.853720836440E0));
#2695=LINE('',#2694,#2693);
#2696=DIRECTION('',(-2.077563330158E-13,0.E0,1.E0));
#2697=VECTOR('',#2696,4.360598663557E-1);
#2698=CARTESIAN_POINT('',(1.136584794303E1,1.000000000002E-1,
-4.853720836440E0));
#2699=LINE('',#2698,#2697);
#2700=DIRECTION('',(0.E0,1.E0,-1.865174681370E-12));
#2701=VECTOR('',#2700,5.000000000002E-2);
#2702=CARTESIAN_POINT('',(1.124055986626E1,5.000000000018E-2,
-4.813258180718E0));
#2703=LINE('',#2702,#2701);
#2704=DIRECTION('',(0.E0,1.E0,-2.486899575159E-13));
#2705=VECTOR('',#2704,5.000000000002E-2);
#2706=CARTESIAN_POINT('',(1.124055986626E1,5.000000000018E-2,
-4.227820164995E0));
#2707=LINE('',#2706,#2705);
#2708=DIRECTION('',(7.889012428988E-14,0.E0,-1.E0));
#2709=VECTOR('',#2708,5.854380157229E-1);
#2710=CARTESIAN_POINT('',(1.124055986626E1,1.000000000002E-1,
-4.227820164995E0));
#2711=LINE('',#2710,#2709);
#2712=DIRECTION('',(9.523777518062E-1,0.E0,-3.049206747084E-1));
#2713=VECTOR('',#2712,7.869431882452E-1);
#2714=CARTESIAN_POINT('',(1.124055986626E1,1.000000000002E-1,
-4.227820164995E0));
#2715=LINE('',#2714,#2713);
#2716=DIRECTION('',(-9.527276799382E-1,0.E0,3.038255550140E-1));
#2717=VECTOR('',#2716,1.315046045248E-1);
#2718=CARTESIAN_POINT('',(1.199002705068E1,1.000000000002E-1,
-5.023367739048E0));
#2719=LINE('',#2718,#2717);
#2720=DIRECTION('',(-9.520042456661E-1,0.E0,3.060848186920E-1));
#2721=VECTOR('',#2720,1.787087215153E-1);
#2722=CARTESIAN_POINT('',(1.186473897391E1,1.000000000002E-1,
-4.582080149713E0));
#2723=LINE('',#2722,#2721);
#2724=DIRECTION('',(-9.527276799399E-1,0.E0,3.038255550088E-1));
#2725=VECTOR('',#2724,1.315046045349E-1);
#2726=CARTESIAN_POINT('',(1.169460751229E1,1.000000000002E-1,
-4.915279541090E0));
#2727=LINE('',#2726,#2725);
#2728=DIRECTION('',(-9.462054668605E-1,0.E0,3.235663988786E-1));
#2729=VECTOR('',#2728,2.150394386909E-1);
#2730=CARTESIAN_POINT('',(1.156931943551E1,1.000000000002E-1,
-4.487240506878E0));
#2731=LINE('',#2730,#2729);
#2732=DIRECTION('',(-9.516039345564E-1,0.E0,3.073271086917E-1));
#2733=VECTOR('',#2732,1.316598978004E-1);
#2734=CARTESIAN_POINT('',(1.136584794303E1,1.000000000002E-1,
-4.853720836440E0));
#2735=LINE('',#2734,#2733);
#2736=DIRECTION('',(-8.206768598026E-12,1.E0,2.007283228521E-12));
#2737=VECTOR('',#2736,5.000000000002E-2);
#2738=CARTESIAN_POINT('',(1.177626951067E1,5.000000000018E-2,
-6.581721661573E0));
#2739=LINE('',#2738,#2737);
#2740=DIRECTION('',(-8.064660050874E-12,1.E0,-7.815970093358E-13));
#2741=VECTOR('',#2740,5.000000000002E-2);
#2742=CARTESIAN_POINT('',(1.176964720307E1,5.000000000018E-2,
-6.433182626643E0));
#2743=LINE('',#2742,#2741);
#2744=DIRECTION('',(-3.513633828332E-11,1.E0,-3.357314426465E-12));
#2745=VECTOR('',#2744,5.000000000002E-2);
#2746=CARTESIAN_POINT('',(1.180266813349E1,5.000000000018E-2,
-6.429991627722E0));
#2747=LINE('',#2746,#2745);
#2748=DIRECTION('',(-9.953632260731E-1,0.E0,-9.618756770661E-2));
#2749=VECTOR('',#2748,3.317475425576E-2);
#2750=CARTESIAN_POINT('',(1.180266813349E1,1.000000000002E-1,
-6.429991627722E0));
#2751=LINE('',#2750,#2749);
#2752=DIRECTION('',(8.562039965906E-12,1.E0,1.238120717061E-11));
#2753=VECTOR('',#2752,5.000000000002E-2);
#2754=CARTESIAN_POINT('',(1.183015012027E1,5.000000000018E-2,
-6.420087711941E0));
#2755=LINE('',#2754,#2753);
#2756=DIRECTION('',(-5.414335646490E-11,1.E0,-3.547384608281E-11));
#2757=VECTOR('',#2756,5.000000000002E-2);
#2758=CARTESIAN_POINT('',(1.185200255447E1,5.000000000018E-2,
-6.403435424555E0));
#2759=LINE('',#2758,#2757);
#2760=DIRECTION('',(4.447997525856E-11,1.E0,1.129940585542E-10));
#2761=VECTOR('',#2760,5.000000000002E-2);
#2762=CARTESIAN_POINT('',(1.186787482E1,5.000000000018E-2,-6.379550205972E0));
#2763=LINE('',#2762,#2761);
#2764=DIRECTION('',(-6.717661297196E-3,9.999111294764E-1,-1.151547549354E-2));
#2765=VECTOR('',#2764,5.000444392113E-2);
#2766=CARTESIAN_POINT('',(1.187776009285E1,5.000000000018E-2,
-6.347363793138E0));
#2767=LINE('',#2766,#2765);
#2768=CARTESIAN_POINT('',(1.188012539091E1,5.000000000018E-2,
-6.309156649429E0));
#2769=CARTESIAN_POINT('',(1.188012539091E1,6.666792238149E-2,
-6.309156649429E0));
#2770=CARTESIAN_POINT('',(1.188061911860E1,8.333207761889E-2,
-6.308560326306E0));
#2771=CARTESIAN_POINT('',(1.188061911860E1,1.000000000002E-1,
-6.308560326306E0));
#2773=DIRECTION('',(-8.086674129836E-2,0.E0,-9.967249220080E-1));
#2774=VECTOR('',#2773,3.950868580839E-2);
#2775=CARTESIAN_POINT('',(1.188061911860E1,1.000000000002E-1,
-6.308560326306E0));
#2776=LINE('',#2775,#2774);
#2777=CARTESIAN_POINT('',(1.187851351823E1,5.000000000018E-2,
-6.270939769358E0));
#2778=CARTESIAN_POINT('',(1.187851351823E1,6.666790715946E-2,
-6.270939769358E0));
#2779=CARTESIAN_POINT('',(1.187811753295E1,8.333209284092E-2,
-6.269724686035E0));
#2780=CARTESIAN_POINT('',(1.187811753295E1,1.000000000002E-1,
-6.269724686035E0));
#2782=DIRECTION('',(6.428146608157E-2,0.E0,-9.979318078498E-1));
#2783=VECTOR('',#2782,3.891612629799E-2);
#2784=CARTESIAN_POINT('',(1.187811753295E1,1.000000000002E-1,
-6.269724686035E0));
#2785=LINE('',#2784,#2783);
#2786=DIRECTION('',(-1.740829702612E-12,1.E0,-2.486899575159E-12));
#2787=VECTOR('',#2786,5.000000000002E-2);
#2788=CARTESIAN_POINT('',(1.187061277599E1,5.000000000018E-2,
-6.238441077084E0));
#2789=LINE('',#2788,#2787);
#2790=DIRECTION('',(-1.044497821567E-11,1.E0,1.403321903126E-11));
#2791=VECTOR('',#2790,5.000000000002E-2);
#2792=CARTESIAN_POINT('',(1.185811272655E1,5.000000000018E-2,
-6.214788289412E0));
#2793=LINE('',#2792,#2791);
#2794=DIRECTION('',(-5.364597654987E-12,1.E0,8.668621376270E-12));
#2795=VECTOR('',#2794,5.000000000002E-2);
#2796=CARTESIAN_POINT('',(1.184181499468E1,5.000000000018E-2,
-6.197730232767E0));
#2797=LINE('',#2796,#2795);
#2798=DIRECTION('',(1.506350599811E-11,1.E0,-3.428368700041E-12));
#2799=VECTOR('',#2798,5.000000000002E-2);
#2800=CARTESIAN_POINT('',(1.182292506823E1,5.000000000018E-2,
-6.186510522452E0));
#2801=LINE('',#2800,#2799);
#2802=CARTESIAN_POINT('',(1.180198978840E1,5.000000000018E-2,
-6.181202610170E0));
#2803=CARTESIAN_POINT('',(1.180198978840E1,6.666711845984E-2,
-6.181202610170E0));
#2804=CARTESIAN_POINT('',(1.180139567354E1,8.333288154054E-2,
-6.181085824216E0));
#2805=CARTESIAN_POINT('',(1.180139567354E1,1.000000000002E-1,
-6.181085824216E0));
#2807=CARTESIAN_POINT('',(1.178157505689E1,5.000000000018E-2,
-6.181503362312E0));
#2808=CARTESIAN_POINT('',(1.178157505689E1,6.666687807282E-2,
-6.181503362312E0));
#2809=CARTESIAN_POINT('',(1.178115843656E1,8.333312192756E-2,
-6.181625536312E0));
#2810=CARTESIAN_POINT('',(1.178115843656E1,1.000000000002E-1,
-6.181625536312E0));
#2812=DIRECTION('',(9.996445649270E-1,0.E0,2.665977891858E-2));
#2813=VECTOR('',#2812,2.024443256037E-2);
#2814=CARTESIAN_POINT('',(1.178115843656E1,1.000000000002E-1,
-6.181625536312E0));
#2815=LINE('',#2814,#2813);
#2816=DIRECTION('',(-7.666756118848E-11,1.E0,-3.524291969369E-11));
#2817=VECTOR('',#2816,5.000000000002E-2);
#2818=CARTESIAN_POINT('',(1.176341096664E1,5.000000000018E-2,
-6.188023292493E0));
#2819=LINE('',#2818,#2817);
#2820=DIRECTION('',(1.536193394713E-10,1.E0,1.501732072028E-10));
#2821=VECTOR('',#2820,5.000000000002E-2);
#2822=CARTESIAN_POINT('',(1.174818084037E1,5.000000000018E-2,
-6.200286971594E0));
#2823=LINE('',#2822,#2821);
#2824=DIRECTION('',(-1.845990027504E-10,1.E0,-3.043254537259E-10));
#2825=VECTOR('',#2824,5.000000000002E-2);
#2826=CARTESIAN_POINT('',(1.173211553909E1,5.000000000018E-2,
-6.221875458859E0));
#2827=LINE('',#2826,#2825);
#2828=DIRECTION('',(-1.563194018672E-11,1.E0,-4.423128530105E-12));
#2829=VECTOR('',#2828,5.000000000002E-2);
#2830=CARTESIAN_POINT('',(1.171252238218E1,5.000000000018E-2,
-6.256640706117E0));
#2831=LINE('',#2830,#2829);
#2832=DIRECTION('',(-4.369837824923E-12,1.E0,1.877609179245E-11));
#2833=VECTOR('',#2832,5.000000000002E-2);
#2834=CARTESIAN_POINT('',(1.165457426266E1,5.000000000018E-2,
-6.376540424216E0));
#2835=LINE('',#2834,#2833);
#2836=DIRECTION('',(-9.970008134193E-1,0.E0,-7.739107210314E-2));
#2837=VECTOR('',#2836,6.418977566361E-2);
#2838=CARTESIAN_POINT('',(1.184026676922E1,1.000000000002E-1,
-6.576753946016E0));
#2839=LINE('',#2838,#2837);
#2840=DIRECTION('',(-4.453870338266E-2,0.E0,9.990076595807E-1));
#2841=VECTOR('',#2840,1.486865826355E-1);
#2842=CARTESIAN_POINT('',(1.177626951067E1,1.000000000002E-1,
-6.581721661573E0));
#2843=LINE('',#2842,#2841);
#2844=DIRECTION('',(9.407738917446E-1,0.E0,3.390346363010E-1));
#2845=VECTOR('',#2844,2.921210614234E-2);
#2846=CARTESIAN_POINT('',(1.180266813349E1,1.000000000002E-1,
-6.429991627722E0));
#2847=LINE('',#2846,#2845);
#2848=DIRECTION('',(7.953823475516E-1,0.E0,6.061080111690E-1));
#2849=VECTOR('',#2848,2.747412520066E-2);
#2850=CARTESIAN_POINT('',(1.183015012027E1,1.000000000002E-1,
-6.420087711940E0));
#2851=LINE('',#2850,#2849);
#2852=DIRECTION('',(5.534632557392E-1,0.E0,8.328735945788E-1));
#2853=VECTOR('',#2852,2.867808361931E-2);
#2854=CARTESIAN_POINT('',(1.185200255447E1,1.000000000002E-1,
-6.403435424556E0));
#2855=LINE('',#2854,#2853);
#2856=DIRECTION('',(2.891861236924E-1,0.E0,9.572728899660E-1));
#2857=VECTOR('',#2856,3.302150119498E-2);
#2858=CARTESIAN_POINT('',(1.186787482E1,1.000000000002E-1,-6.379550205967E0));
#2859=LINE('',#2858,#2857);
#2860=DIRECTION('',(-2.332756916079E-1,0.E0,9.724106394445E-1));
#2861=VECTOR('',#2860,3.217119155434E-2);
#2862=CARTESIAN_POINT('',(1.187811753295E1,1.000000000002E-1,
-6.269724686035E0));
#2863=LINE('',#2862,#2861);
#2864=DIRECTION('',(-4.672448495783E-1,0.E0,8.841279605027E-1));
#2865=VECTOR('',#2864,2.675267464512E-2);
#2866=CARTESIAN_POINT('',(1.187061277599E1,1.000000000002E-1,
-6.238441077084E0));
#2867=LINE('',#2866,#2865);
#2868=DIRECTION('',(-6.908092715941E-1,0.E0,7.230370324400E-1));
#2869=VECTOR('',#2868,2.359223093726E-2);
#2870=CARTESIAN_POINT('',(1.185811272655E1,1.000000000002E-1,
-6.214788289412E0));
#2871=LINE('',#2870,#2869);
#2872=DIRECTION('',(-8.597784783097E-1,0.E0,5.106671795167E-1));
#2873=VECTOR('',#2872,2.197069003924E-2);
#2874=CARTESIAN_POINT('',(1.184181499468E1,1.000000000002E-1,
-6.197730232766E0));
#2875=LINE('',#2874,#2873);
#2876=DIRECTION('',(-9.696920296438E-1,0.E0,2.443304476427E-1));
#2877=VECTOR('',#2876,2.220230138384E-2);
#2878=CARTESIAN_POINT('',(1.182292506823E1,1.000000000002E-1,
-6.186510522452E0));
#2879=LINE('',#2878,#2877);
#2880=DIRECTION('',(-9.407409105974E-1,0.E0,-3.391261404380E-1));
#2881=VECTOR('',#2880,1.886541737591E-2);
#2882=CARTESIAN_POINT('',(1.178115843656E1,1.000000000002E-1,
-6.181625536312E0));
#2883=LINE('',#2882,#2881);
#2884=DIRECTION('',(-7.788796563367E-1,0.E0,-6.271734058017E-1));
#2885=VECTOR('',#2884,1.955388888956E-2);
#2886=CARTESIAN_POINT('',(1.176341096664E1,1.000000000002E-1,
-6.188023292495E0));
#2887=LINE('',#2886,#2885);
#2888=DIRECTION('',(-5.969976225195E-1,0.E0,-8.022430047723E-1));
#2889=VECTOR('',#2888,2.691015958930E-2);
#2890=CARTESIAN_POINT('',(1.174818084038E1,1.000000000002E-1,
-6.200286971586E0));
#2891=LINE('',#2890,#2889);
#2892=DIRECTION('',(-4.909788199615E-1,0.E0,-8.711715091469E-1));
#2893=VECTOR('',#2892,3.990631796152E-2);
#2894=CARTESIAN_POINT('',(1.173211553908E1,1.000000000002E-1,
-6.221875458874E0));
#2895=LINE('',#2894,#2893);
#2896=DIRECTION('',(-4.351478975710E-1,0.E0,-9.003589879818E-1));
#2897=VECTOR('',#2896,1.331687912243E-1);
#2898=CARTESIAN_POINT('',(1.171252238218E1,1.000000000002E-1,
-6.256640706117E0));
#2899=LINE('',#2898,#2897);
#2900=DIRECTION('',(-5.044127229761E-1,0.E0,-8.634626829805E-1));
#2901=VECTOR('',#2900,5.967684047405E-2);
#2902=CARTESIAN_POINT('',(1.165457426266E1,1.000000000002E-1,
-6.376540424215E0));
#2903=LINE('',#2902,#2901);
#2904=DIRECTION('',(-6.334882714477E-1,0.E0,-7.737522923638E-1));
#2905=VECTOR('',#2904,4.024774758404E-2);
#2906=CARTESIAN_POINT('',(1.162447250506E1,1.000000000002E-1,
-6.428069149002E0));
#2907=LINE('',#2906,#2905);
#2908=DIRECTION('',(-8.304049768017E-1,0.E0,-5.571602772120E-1));
#2909=VECTOR('',#2908,4.504026500940E-2);
#2910=CARTESIAN_POINT('',(1.159897602901E1,1.000000000002E-1,
-6.459210935958E0));
#2911=LINE('',#2910,#2909);
#2912=DIRECTION('',(-9.604342207349E-1,0.E0,-2.785069256613E-1));
#2913=VECTOR('',#2912,4.560376489634E-2);
#2914=CARTESIAN_POINT('',(1.156157436879E1,1.000000000002E-1,
-6.484305582496E0));
#2915=LINE('',#2914,#2913);
#2916=DIRECTION('',(-9.701496452351E-1,0.E0,2.425070428877E-1));
#2917=VECTOR('',#2916,6.486592308605E-2);
#2918=CARTESIAN_POINT('',(1.146757777981E1,1.000000000002E-1,
-6.497286251447E0));
#2919=LINE('',#2918,#2917);
#2920=DIRECTION('',(-8.670088385489E-1,0.E0,4.982927592070E-1));
#2921=VECTOR('',#2920,6.515338636485E-2);
#2922=CARTESIAN_POINT('',(1.140464812754E1,1.000000000002E-1,
-6.481555808255E0));
#2923=LINE('',#2922,#2921);
#2924=DIRECTION('',(-7.129511479242E-1,0.E0,7.012137054233E-1));
#2925=VECTOR('',#2924,7.014788573831E-2);
#2926=CARTESIAN_POINT('',(1.134815956570E1,1.000000000002E-1,
-6.449090347592E0));
#2927=LINE('',#2926,#2925);
#2928=DIRECTION('',(-5.241946646774E-1,0.E0,8.515984696580E-1));
#2929=VECTOR('',#2928,7.458982220505E-2);
#2930=CARTESIAN_POINT('',(1.129814755004E1,1.000000000002E-1,
-6.399901688706E0));
#2931=LINE('',#2930,#2929);
#2932=DIRECTION('',(-2.964321468822E-1,0.E0,9.550539159099E-1));
#2933=VECTOR('',#2932,7.902077111344E-2);
#2934=CARTESIAN_POINT('',(1.125904796320E1,1.000000000002E-1,
-6.336381110264E0));
#2935=LINE('',#2934,#2933);
#2936=DIRECTION('',(-8.880480194402E-2,0.E0,9.960490485672E-1));
#2937=VECTOR('',#2936,8.783556049825E-2);
#2938=CARTESIAN_POINT('',(1.123562366637E1,1.000000000002E-1,
-6.260912013374E0));
#2939=LINE('',#2938,#2937);
#2940=DIRECTION('',(1.943188251491E-1,0.E0,9.809384252809E-1));
#2941=VECTOR('',#2940,5.565050656991E-2);
#2942=CARTESIAN_POINT('',(1.123142809383E1,1.000000000002E-1,
-6.112290248696E0));
#2943=LINE('',#2942,#2941);
#2944=DIRECTION('',(3.515611166461E-1,0.E0,9.361649327242E-1));
#2945=VECTOR('',#2944,5.128870460288E-2);
#2946=CARTESIAN_POINT('',(1.124224203489E1,1.000000000002E-1,
-6.057700528416E0));
#2947=LINE('',#2946,#2945);
#2948=DIRECTION('',(5.222125926425E-1,0.E0,8.528153423137E-1));
#2949=VECTOR('',#2948,4.679463807121E-2);
#2950=CARTESIAN_POINT('',(1.126027314915E1,1.000000000002E-1,
-6.009685841721E0));
#2951=LINE('',#2950,#2949);
#2952=DIRECTION('',(7.079876211404E-1,0.E0,7.062248426047E-1));
#2953=VECTOR('',#2952,4.246170630214E-2);
#2954=CARTESIAN_POINT('',(1.128470989842E1,1.000000000002E-1,
-5.969778656436E0));
#2955=LINE('',#2954,#2953);
#2956=DIRECTION('',(8.720759643677E-1,0.E0,4.893705266688E-1));
#2957=VECTOR('',#2956,4.095915153317E-2);
#2958=CARTESIAN_POINT('',(1.131477226085E1,1.000000000002E-1,
-5.939791144586E0));
#2959=LINE('',#2958,#2957);
#2960=DIRECTION('',(9.623648498775E-1,0.E0,2.717607324841E-1));
#2961=VECTOR('',#2960,4.202455889802E-2);
#2962=CARTESIAN_POINT('',(1.135049175243E1,1.000000000002E-1,
-5.919746943029E0));
#2963=LINE('',#2962,#2961);
#2964=DIRECTION('',(9.957393188643E-1,0.E0,9.221284545936E-2));
#2965=VECTOR('',#2964,4.447346257059E-2);
#2966=CARTESIAN_POINT('',(1.139093471074E1,1.000000000002E-1,
-5.908326318120E0));
#2967=LINE('',#2966,#2965);
#2968=DIRECTION('',(5.193719568988E-2,0.E0,-9.986503530785E-1));
#2969=VECTOR('',#2968,1.478087795876E-1);
#2970=CARTESIAN_POINT('',(1.148345792451E1,1.000000000002E-1,
-5.907506901099E0));
#2971=LINE('',#2970,#2969);
#2972=DIRECTION('',(-9.901169872851E-1,0.E0,-1.402439000078E-1));
#2973=VECTOR('',#2972,3.185449509900E-2);
#2974=CARTESIAN_POINT('',(1.144944029897E1,1.000000000002E-1,
-6.054422860317E0));
#2975=LINE('',#2974,#2973);
#2976=DIRECTION('',(-9.120537521375E-1,0.E0,-4.100706685584E-1));
#2977=VECTOR('',#2976,2.340239053993E-2);
#2978=CARTESIAN_POINT('',(1.141790062225E1,1.000000000002E-1,
-6.058890258943E0));
#2979=LINE('',#2978,#2977);
#2980=DIRECTION('',(-6.436682879773E-1,0.E0,-7.653046027905E-1));
#2981=VECTOR('',#2980,3.452515495306E-2);
#2982=CARTESIAN_POINT('',(1.139655638415E1,1.000000000002E-1,
-6.068486892877E0));
#2983=LINE('',#2982,#2981);
#2984=DIRECTION('',(-3.146341205346E-1,0.E0,-9.492130267729E-1));
#2985=VECTOR('',#2984,4.228310784784E-2);
#2986=CARTESIAN_POINT('',(1.137433363677E1,1.000000000002E-1,
-6.094909152875E0));
#2987=LINE('',#2986,#2985);
#2988=DIRECTION('',(-8.207850537966E-2,0.E0,-9.966258670909E-1));
#2989=VECTOR('',#2988,5.394839292154E-2);
#2990=CARTESIAN_POINT('',(1.136102992832E1,1.000000000002E-1,
-6.135044829657E0));
#2991=LINE('',#2990,#2989);
#2992=DIRECTION('',(2.342309331757E-1,0.E0,-9.721809862076E-1));
#2993=VECTOR('',#2992,3.854890328150E-2);
#2994=CARTESIAN_POINT('',(1.135961958544E1,1.000000000002E-1,
-6.234927038648E0));
#2995=LINE('',#2994,#2993);
#2996=DIRECTION('',(4.615053612501E-1,0.E0,-8.871374197594E-1));
#2997=VECTOR('',#2996,3.250587319012E-2);
#2998=CARTESIAN_POINT('',(1.136864893103E1,1.000000000002E-1,
-6.272403549458E0));
#2999=LINE('',#2998,#2997);
#3000=DIRECTION('',(6.792950766990E-1,0.E0,-7.338652456497E-1));
#3001=VECTOR('',#3000,2.851565831283E-2);
#3002=CARTESIAN_POINT('',(1.138365056578E1,1.000000000002E-1,
-6.301240725927E0));
#3003=LINE('',#3002,#3001);
#3004=DIRECTION('',(8.464829814615E-1,0.E0,-5.324157793454E-1));
#3005=VECTOR('',#3004,2.576436828490E-2);
#3006=CARTESIAN_POINT('',(1.140302111208E1,1.000000000002E-1,
-6.322167376519E0));
#3007=LINE('',#3006,#3005);
#3008=DIRECTION('',(9.662010765890E-1,0.E0,-2.577896033558E-1));
#3009=VECTOR('',#3008,2.510809854840E-2);
#3010=CARTESIAN_POINT('',(1.142483021136E1,1.000000000002E-1,
-6.335884732739E0));
#3011=LINE('',#3010,#3009);
#3012=DIRECTION('',(9.346768783050E-1,0.E0,3.554984291976E-1));
#3013=VECTOR('',#3012,2.011317311463E-2);
#3014=CARTESIAN_POINT('',(1.147013845805E1,1.000000000002E-1,
-6.341620651899E0));
#3015=LINE('',#3014,#3013);
#3016=DIRECTION('',(7.724033892598E-1,0.E0,6.351322730424E-1));
#3017=VECTOR('',#3016,2.138054419614E-2);
#3018=CARTESIAN_POINT('',(1.148893777591E1,1.000000000002E-1,
-6.334470450450E0));
#3019=LINE('',#3018,#3017);
#3020=DIRECTION('',(5.811102009425E-1,0.E0,8.138248794185E-1));
#3021=VECTOR('',#3020,2.329358358879E-2);
#3022=CARTESIAN_POINT('',(1.150545218071E1,1.000000000002E-1,
-6.320890976816E0));
#3023=LINE('',#3022,#3021);
#3024=DIRECTION('',(4.778271202354E-1,0.E0,8.784538935923E-1));
#3025=VECTOR('',#3024,3.815715119246E-2);
#3026=CARTESIAN_POINT('',(1.151898831975E1,1.000000000002E-1,
-6.301934078961E0));
#3027=LINE('',#3026,#3025);
#3028=DIRECTION('',(4.292285726146E-1,0.E0,9.031958992662E-1));
#3029=VECTOR('',#3028,1.088144672648E-1);
#3030=CARTESIAN_POINT('',(1.153722084142E1,1.000000000002E-1,
-6.268414780927E0));
#3031=LINE('',#3030,#3029);
#3032=DIRECTION('',(4.648885091791E-1,0.E0,8.853692303402E-1));
#3033=VECTOR('',#3032,4.524314283387E-2);
#3034=CARTESIAN_POINT('',(1.158392711989E1,1.000000000002E-1,
-6.170134000313E0));
#3035=LINE('',#3034,#3033);
#3036=DIRECTION('',(5.213727083072E-1,0.E0,8.533290684328E-1));
#3037=VECTOR('',#3036,3.504484166010E-2);
#3038=CARTESIAN_POINT('',(1.160496013711E1,1.000000000002E-1,
-6.130077113764E0));
#3039=LINE('',#3038,#3037);
#3040=DIRECTION('',(6.320610215211E-1,0.E0,7.749186183553E-1));
#3041=VECTOR('',#3040,2.936891673221E-2);
#3042=CARTESIAN_POINT('',(1.162323156112E1,1.000000000002E-1,
-6.100172331677E0));
#3043=LINE('',#3042,#3041);
#3044=DIRECTION('',(7.608419134619E-1,0.E0,6.489372717911E-1));
#3045=VECTOR('',#3044,2.872656315824E-2);
#3046=CARTESIAN_POINT('',(1.164179450863E1,1.000000000002E-1,
-6.077413811300E0));
#3047=LINE('',#3046,#3045);
#3048=DIRECTION('',(8.671728367267E-1,0.E0,4.980073003916E-1));
#3049=VECTOR('',#3048,2.904749067064E-2);
#3050=CARTESIAN_POINT('',(1.166365088191E1,1.000000000002E-1,
-6.058772073776E0));
#3051=LINE('',#3050,#3049);
#3052=DIRECTION('',(9.475249971930E-1,0.E0,3.196816849531E-1));
#3053=VECTOR('',#3052,3.009328202703E-2);
#3054=CARTESIAN_POINT('',(1.168884007679E1,1.000000000002E-1,
-6.044306211364E0));
#3055=LINE('',#3054,#3053);
#3056=DIRECTION('',(9.913595085179E-1,0.E0,1.311728816152E-1));
#3057=VECTOR('',#3056,3.177483205383E-2);
#3058=CARTESIAN_POINT('',(1.171735421376E1,1.000000000002E-1,
-6.034685940260E0));
#3059=LINE('',#3058,#3057);
#3060=DIRECTION('',(9.725535664021E-1,0.E0,-2.326790933421E-1));
#3061=VECTOR('',#3060,6.120580113719E-2);
#3062=CARTESIAN_POINT('',(1.178341971245E1,1.000000000002E-1,
-6.031806162265E0));
#3063=LINE('',#3062,#3061);
#3064=DIRECTION('',(8.768133054488E-1,0.E0,-4.808309759030E-1));
#3065=VECTOR('',#3064,5.966228621950E-2);
#3066=CARTESIAN_POINT('',(1.184294563263E1,1.000000000002E-1,
-6.046047472581E0));
#3067=LINE('',#3066,#3065);
#3068=DIRECTION('',(7.235544608339E-1,0.E0,-6.902672976517E-1));
#3069=VECTOR('',#3068,6.248831446158E-2);
#3070=CARTESIAN_POINT('',(1.189525831902E1,1.000000000002E-1,
-6.074734947888E0));
#3071=LINE('',#3070,#3069);
#3072=DIRECTION('',(5.232000620316E-1,0.E0,-8.522098891061E-1));
#3073=VECTOR('',#3072,6.615536450061E-2);
#3074=CARTESIAN_POINT('',(1.194047201770E1,1.000000000002E-1,
-6.117868587846E0));
#3075=LINE('',#3074,#3073);
#3076=DIRECTION('',(2.903681344188E-1,0.E0,-9.569150153039E-1));
#3077=VECTOR('',#3076,7.152668559443E-2);
#3078=CARTESIAN_POINT('',(1.197508450851E1,1.000000000002E-1,
-6.174246843691E0));
#3079=LINE('',#3078,#3077);
#3080=DIRECTION('',(8.565555700721E-2,0.E0,-9.963248092634E-1));
#3081=VECTOR('',#3080,8.080865019297E-2);
#3082=CARTESIAN_POINT('',(1.199585357877E1,1.000000000002E-1,
-6.242691803131E0));
#3083=LINE('',#3082,#3081);
#3084=DIRECTION('',(-8.494085751432E-2,0.E0,-9.963859948457E-1));
#3085=VECTOR('',#3084,8.083927231791E-2);
#3086=CARTESIAN_POINT('',(1.200277528871E1,1.000000000002E-1,
-6.323203466122E0));
#3087=LINE('',#3086,#3085);
#3088=DIRECTION('',(-2.988022504190E-1,0.E0,-9.543150502557E-1));
#3089=VECTOR('',#3088,6.891444917175E-2);
#3090=CARTESIAN_POINT('',(1.199590873160E1,1.000000000002E-1,
-6.403750584893E0));
#3091=LINE('',#3090,#3089);
#3092=DIRECTION('',(-5.583483733353E-1,0.E0,-8.296065898929E-1));
#3093=VECTOR('',#3092,6.146167790179E-2);
#3094=CARTESIAN_POINT('',(1.197531693910E1,1.000000000002E-1,
-6.469516680917E0));
#3095=LINE('',#3094,#3093);
#3096=DIRECTION('',(-7.878591188805E-1,0.E0,-6.158555096748E-1));
#3097=VECTOR('',#3096,5.819809292550E-2);
#3098=CARTESIAN_POINT('',(1.194099991122E1,1.000000000002E-1,
-6.520505693931E0));
#3099=LINE('',#3098,#3097);
#3100=DIRECTION('',(-9.373016049217E-1,0.E0,-3.485192984775E-1));
#3101=VECTOR('',#3100,5.855238431259E-2);
#3102=CARTESIAN_POINT('',(1.189514801301E1,1.000000000002E-1,
-6.556347310111E0));
#3103=LINE('',#3102,#3101);
#3104=DIRECTION('',(-6.338041202978E-11,1.E0,-8.224532166420E-11));
#3105=VECTOR('',#3104,5.000000000002E-2);
#3106=CARTESIAN_POINT('',(1.162447250506E1,5.000000000018E-2,
-6.428069148998E0));
#3107=LINE('',#3106,#3105);
#3108=DIRECTION('',(6.110667527534E-12,1.E0,2.700062395887E-12));
#3109=VECTOR('',#3108,5.000000000002E-2);
#3110=CARTESIAN_POINT('',(1.159897602901E1,5.000000000018E-2,
-6.459210935958E0));
#3111=LINE('',#3110,#3109);
#3112=DIRECTION('',(1.573852159708E-11,1.E0,9.094947017726E-12));
#3113=VECTOR('',#3112,5.000000000002E-2);
#3114=CARTESIAN_POINT('',(1.156157436879E1,5.000000000018E-2,
-6.484305582497E0));
#3115=LINE('',#3114,#3113);
#3116=CARTESIAN_POINT('',(1.151750693292E1,5.000000000018E-2,
-6.497069002498E0));
#3117=CARTESIAN_POINT('',(1.151750693292E1,6.666676005725E-2,
-6.497069002498E0));
#3118=CARTESIAN_POINT('',(1.151777495239E1,8.333323994313E-2,
-6.497006546856E0));
#3119=CARTESIAN_POINT('',(1.151777495239E1,1.000000000002E-1,
-6.497006546856E0));
#3121=CARTESIAN_POINT('',(1.146726704653E1,5.000000000018E-2,
-6.497224440765E0));
#3122=CARTESIAN_POINT('',(1.146726704653E1,6.666678227236E-2,
-6.497224440765E0));
#3123=CARTESIAN_POINT('',(1.146757777981E1,8.333321772802E-2,
-6.497286251447E0));
#3124=CARTESIAN_POINT('',(1.146757777981E1,1.000000000002E-1,
-6.497286251447E0));
#3126=DIRECTION('',(9.999844761095E-1,0.E0,5.572031937419E-3));
#3127=VECTOR('',#3126,5.019795184727E-2);
#3128=CARTESIAN_POINT('',(1.146757777981E1,1.000000000002E-1,
-6.497286251447E0));
#3129=LINE('',#3128,#3127);
#3130=DIRECTION('',(-2.298605750183E-11,1.E0,5.115907697471E-12));
#3131=VECTOR('',#3130,5.000000000002E-2);
#3132=CARTESIAN_POINT('',(1.140464812754E1,5.000000000018E-2,
-6.481555808255E0));
#3133=LINE('',#3132,#3131);
#3134=DIRECTION('',(6.441069899663E-11,1.E0,-4.508393658396E-11));
#3135=VECTOR('',#3134,5.000000000002E-2);
#3136=CARTESIAN_POINT('',(1.134815956570E1,5.000000000018E-2,
-6.449090347590E0));
#3137=LINE('',#3136,#3135);
#3138=DIRECTION('',(-8.732570222488E-11,1.E0,1.040412200836E-10));
#3139=VECTOR('',#3138,5.000000000002E-2);
#3140=CARTESIAN_POINT('',(1.129814755004E1,5.000000000018E-2,
-6.399901688711E0));
#3141=LINE('',#3140,#3139);
#3142=DIRECTION('',(7.972289495225E-11,1.E0,-1.673328142714E-10));
#3143=VECTOR('',#3142,5.000000000002E-2);
#3144=CARTESIAN_POINT('',(1.125904796320E1,5.000000000018E-2,
-6.336381110255E0));
#3145=LINE('',#3144,#3143);
#3146=DIRECTION('',(-6.124878382250E-11,1.E0,2.869171566998E-10));
#3147=VECTOR('',#3146,5.000000000002E-2);
#3148=CARTESIAN_POINT('',(1.123562366637E1,5.000000000018E-2,
-6.260912013388E0));
#3149=LINE('',#3148,#3147);
#3150=DIRECTION('',(-1.421085471520E-11,1.E0,-2.409628052645E-10));
#3151=VECTOR('',#3150,5.000000000002E-2);
#3152=CARTESIAN_POINT('',(1.122782344682E1,5.000000000018E-2,
-6.173423486897E0));
#3153=LINE('',#3152,#3151);
#3154=DIRECTION('',(3.836930773103E-12,1.E0,6.490807891166E-11));
#3155=VECTOR('',#3154,5.000000000002E-2);
#3156=CARTESIAN_POINT('',(1.123142809383E1,5.000000000018E-2,
-6.112290248700E0));
#3157=LINE('',#3156,#3155);
#3158=DIRECTION('',(-5.886154939670E-2,0.E0,-9.982661558936E-1));
#3159=VECTOR('',#3158,6.123941781631E-2);
#3160=CARTESIAN_POINT('',(1.123142809383E1,1.000000000002E-1,
-6.112290248696E0));
#3161=LINE('',#3160,#3159);
#3162=DIRECTION('',(-2.209787908213E-11,1.E0,-6.579625733136E-11));
#3163=VECTOR('',#3162,5.000000000002E-2);
#3164=CARTESIAN_POINT('',(1.124224203489E1,5.000000000018E-2,
-6.057700528412E0));
#3165=LINE('',#3164,#3163);
#3166=DIRECTION('',(1.243449787580E-11,1.E0,2.618349981275E-11));
#3167=VECTOR('',#3166,5.000000000002E-2);
#3168=CARTESIAN_POINT('',(1.126027314915E1,5.000000000018E-2,
-6.009685841723E0));
#3169=LINE('',#3168,#3167);
#3170=DIRECTION('',(-4.835243316846E-11,1.E0,-7.313261107808E-11));
#3171=VECTOR('',#3170,5.000000000002E-2);
#3172=CARTESIAN_POINT('',(1.128470989842E1,5.000000000018E-2,
-5.969778656433E0));
#3173=LINE('',#3172,#3171);
#3174=DIRECTION('',(9.709566484158E-11,1.E0,7.197797913247E-11));
#3175=VECTOR('',#3174,5.000000000002E-2);
#3176=CARTESIAN_POINT('',(1.131477226085E1,5.000000000018E-2,
-5.939791144590E0));
#3177=LINE('',#3176,#3175);
#3178=DIRECTION('',(-8.583356247979E-11,1.E0,-3.069544618482E-11));
#3179=VECTOR('',#3178,5.000000000002E-2);
#3180=CARTESIAN_POINT('',(1.135049175243E1,5.000000000018E-2,
-5.919746943027E0));
#3181=LINE('',#3180,#3179);
#3182=DIRECTION('',(4.440892098499E-11,1.E0,6.075140390746E-12));
#3183=VECTOR('',#3182,5.000000000002E-2);
#3184=CARTESIAN_POINT('',(1.139093471074E1,5.000000000018E-2,
-5.908326318121E0));
#3185=LINE('',#3184,#3183);
#3186=DIRECTION('',(-1.225686219186E-11,1.E0,8.348877145178E-13));
#3187=VECTOR('',#3186,5.000000000002E-2);
#3188=CARTESIAN_POINT('',(1.143521868607E1,5.000000000018E-2,
-5.904225293589E0));
#3189=LINE('',#3188,#3187);
#3190=DIRECTION('',(3.765876499527E-12,1.E0,-2.664535259099E-13));
#3191=VECTOR('',#3190,5.000000000002E-2);
#3192=CARTESIAN_POINT('',(1.148345792451E1,5.000000000018E-2,
-5.907506901099E0));
#3193=LINE('',#3192,#3191);
#3194=DIRECTION('',(-9.976941119604E-1,0.E0,6.787089921009E-2));
#3195=VECTOR('',#3194,4.835072981017E-2);
#3196=CARTESIAN_POINT('',(1.148345792451E1,1.000000000002E-1,
-5.907506901099E0));
#3197=LINE('',#3196,#3195);
#3198=CARTESIAN_POINT('',(1.149112656836E1,5.000000000018E-2,
-6.054959900451E0));
#3199=CARTESIAN_POINT('',(1.149112656836E1,6.666671130424E-2,
-6.054959900451E0));
#3200=CARTESIAN_POINT('',(1.149113469802E1,8.333328869614E-2,
-6.055116191022E0));
#3201=CARTESIAN_POINT('',(1.149113469802E1,1.000000000002E-1,
-6.055116191022E0));
#3203=CARTESIAN_POINT('',(1.144825046802E1,5.000000000018E-2,
-6.054562503191E0));
#3204=CARTESIAN_POINT('',(1.144825046802E1,6.666797649802E-2,
-6.054562503191E0));
#3205=CARTESIAN_POINT('',(1.144944029897E1,8.333202350236E-2,
-6.054422860317E0));
#3206=CARTESIAN_POINT('',(1.144944029897E1,1.000000000002E-1,
-6.054422860317E0));
#3208=DIRECTION('',(9.998617690229E-1,0.E0,-1.662657049348E-2));
#3209=VECTOR('',#3208,4.170016330495E-2);
#3210=CARTESIAN_POINT('',(1.144944029897E1,1.000000000002E-1,
-6.054422860317E0));
#3211=LINE('',#3210,#3209);
#3212=DIRECTION('',(-2.017941369558E-11,1.E0,4.263256414559E-13));
#3213=VECTOR('',#3212,5.000000000002E-2);
#3214=CARTESIAN_POINT('',(1.141790062225E1,5.000000000018E-2,
-6.058890258943E0));
#3215=LINE('',#3214,#3213);
#3216=DIRECTION('',(3.481659405223E-11,1.E0,2.517097641429E-11));
#3217=VECTOR('',#3216,5.000000000002E-2);
#3218=CARTESIAN_POINT('',(1.139655638415E1,5.000000000018E-2,
-6.068486892879E0));
#3219=LINE('',#3218,#3217);
#3220=DIRECTION('',(-4.391154106996E-11,1.E0,-6.837197474849E-11));
#3221=VECTOR('',#3220,5.000000000002E-2);
#3222=CARTESIAN_POINT('',(1.137433363677E1,5.000000000018E-2,
-6.094909152872E0));
#3223=LINE('',#3222,#3221);
#3224=DIRECTION('',(6.288303211474E-12,1.E0,8.297362796835E-11));
#3225=VECTOR('',#3224,5.000000000002E-2);
#3226=CARTESIAN_POINT('',(1.136102992832E1,5.000000000018E-2,
-6.135044829661E0));
#3227=LINE('',#3226,#3225);
#3228=CARTESIAN_POINT('',(1.135691989416E1,5.000000000018E-2,
-6.187632025799E0));
#3229=CARTESIAN_POINT('',(1.135691989416E1,6.666786967884E-2,
-6.187632025799E0));
#3230=CARTESIAN_POINT('',(1.135660192486E1,8.333213032154E-2,
-6.188811193530E0));
#3231=CARTESIAN_POINT('',(1.135660192486E1,1.000000000002E-1,
-6.188811193530E0));
#3233=CARTESIAN_POINT('',(1.135917510307E1,5.000000000018E-2,
-6.233735162941E0));
#3234=CARTESIAN_POINT('',(1.135917510307E1,6.666785197037E-2,
-6.233735162941E0));
#3235=CARTESIAN_POINT('',(1.135961958544E1,8.333214803001E-2,
-6.234927038648E0));
#3236=CARTESIAN_POINT('',(1.135961958544E1,1.000000000002E-1,
-6.234927038648E0));
#3238=DIRECTION('',(-6.529687421762E-2,0.E0,9.978658818786E-1));
#3239=VECTOR('',#3238,4.621447226076E-2);
#3240=CARTESIAN_POINT('',(1.135961958544E1,1.000000000002E-1,
-6.234927038648E0));
#3241=LINE('',#3240,#3239);
#3242=DIRECTION('',(-4.973799150319E-13,1.E0,-7.513989430660E-12));
#3243=VECTOR('',#3242,5.000000000002E-2);
#3244=CARTESIAN_POINT('',(1.136864893103E1,5.000000000018E-2,
-6.272403549457E0));
#3245=LINE('',#3244,#3243);
#3246=DIRECTION('',(-1.083577672034E-11,1.E0,1.241673430740E-11));
#3247=VECTOR('',#3246,5.000000000002E-2);
#3248=CARTESIAN_POINT('',(1.138365056578E1,5.000000000018E-2,
-6.301240725927E0));
#3249=LINE('',#3248,#3247);
#3250=DIRECTION('',(-1.463718035665E-11,1.E0,1.650235503802E-11));
#3251=VECTOR('',#3250,5.000000000002E-2);
#3252=CARTESIAN_POINT('',(1.140302111208E1,5.000000000018E-2,
-6.322167376520E0));
#3253=LINE('',#3252,#3251);
#3254=DIRECTION('',(2.557953848735E-11,1.E0,-8.792966355028E-12));
#3255=VECTOR('',#3254,5.000000000002E-2);
#3256=CARTESIAN_POINT('',(1.142483021136E1,5.000000000018E-2,
-6.335884732739E0));
#3257=LINE('',#3256,#3255);
#3258=CARTESIAN_POINT('',(1.144832432341E1,5.000000000018E-2,
-6.342198943213E0));
#3259=CARTESIAN_POINT('',(1.144832432341E1,6.666742280704E-2,
-6.342198943213E0));
#3260=CARTESIAN_POINT('',(1.144908968321E1,8.333257719334E-2,
-6.342357339505E0));
#3261=CARTESIAN_POINT('',(1.144908968321E1,1.000000000002E-1,
-6.342357339505E0));
#3263=CARTESIAN_POINT('',(1.146959913129E1,5.000000000018E-2,
-6.341788171814E0));
#3264=CARTESIAN_POINT('',(1.146959913129E1,6.666702290497E-2,
-6.341788171814E0));
#3265=CARTESIAN_POINT('',(1.147013845805E1,8.333297709541E-2,
-6.341620651899E0));
#3266=CARTESIAN_POINT('',(1.147013845805E1,1.000000000002E-1,
-6.341620651899E0));
#3268=DIRECTION('',(-9.993880945474E-1,0.E0,-3.497765682341E-2));
#3269=VECTOR('',#3268,2.106166258620E-2);
#3270=CARTESIAN_POINT('',(1.147013845805E1,1.000000000002E-1,
-6.341620651899E0));
#3271=LINE('',#3270,#3269);
#3272=DIRECTION('',(-1.367794766338E-11,1.E0,-1.419309114680E-11));
#3273=VECTOR('',#3272,5.000000000002E-2);
#3274=CARTESIAN_POINT('',(1.148893777591E1,5.000000000018E-2,
-6.334470450450E0));
#3275=LINE('',#3274,#3273);
#3276=DIRECTION('',(8.881784196998E-12,1.E0,4.387601393317E-12));
#3277=VECTOR('',#3276,5.000000000002E-2);
#3278=CARTESIAN_POINT('',(1.150545218071E1,5.000000000018E-2,
-6.320890976816E0));
#3279=LINE('',#3278,#3277);
#3280=DIRECTION('',(-1.465139121137E-10,1.E0,-2.133404564119E-10));
#3281=VECTOR('',#3280,5.000000000002E-2);
#3282=CARTESIAN_POINT('',(1.151898831976E1,5.000000000018E-2,
-6.301934078950E0));
#3283=LINE('',#3282,#3281);
#3284=DIRECTION('',(8.895995051713E-11,1.E0,2.196465231918E-10));
#3285=VECTOR('',#3284,5.000000000002E-2);
#3286=CARTESIAN_POINT('',(1.153722084142E1,5.000000000018E-2,
-6.268414780938E0));
#3287=LINE('',#3286,#3285);
#3288=DIRECTION('',(-1.356426082565E-10,1.E0,-2.528288689517E-10));
#3289=VECTOR('',#3288,5.000000000002E-2);
#3290=CARTESIAN_POINT('',(1.158392711989E1,5.000000000018E-2,
-6.170134000300E0));
#3291=LINE('',#3290,#3289);
#3292=DIRECTION('',(-1.894662204904E-10,1.E0,-3.553601857219E-10));
#3293=VECTOR('',#3292,5.000000000002E-2);
#3294=CARTESIAN_POINT('',(1.160496013712E1,5.000000000018E-2,
-6.130077113746E0));
#3295=LINE('',#3294,#3293);
#3296=DIRECTION('',(1.593036813574E-10,1.E0,2.153832667772E-10));
#3297=VECTOR('',#3296,5.000000000002E-2);
#3298=CARTESIAN_POINT('',(1.162323156111E1,5.000000000018E-2,
-6.100172331688E0));
#3299=LINE('',#3298,#3297);
#3300=DIRECTION('',(-2.668087972778E-11,1.E0,-1.252331571777E-11));
#3301=VECTOR('',#3300,5.000000000002E-2);
#3302=CARTESIAN_POINT('',(1.164179450863E1,5.000000000018E-2,
-6.077413811299E0));
#3303=LINE('',#3302,#3301);
#3304=DIRECTION('',(-7.428724302369E-11,1.E0,-5.318412377162E-11));
#3305=VECTOR('',#3304,5.000000000002E-2);
#3306=CARTESIAN_POINT('',(1.166365088191E1,5.000000000018E-2,
-6.058772073774E0));
#3307=LINE('',#3306,#3305);
#3308=DIRECTION('',(3.815614491030E-11,1.E0,1.140421090895E-11));
#3309=VECTOR('',#3308,5.000000000002E-2);
#3310=CARTESIAN_POINT('',(1.168884007679E1,5.000000000018E-2,
-6.044306211365E0));
#3311=LINE('',#3310,#3309);
#3312=DIRECTION('',(7.212008767962E-12,1.E0,9.414691248818E-13));
#3313=VECTOR('',#3312,5.000000000002E-2);
#3314=CARTESIAN_POINT('',(1.171735421376E1,5.000000000018E-2,
-6.034685940260E0));
#3315=LINE('',#3314,#3313);
#3316=CARTESIAN_POINT('',(1.174760490180E1,5.000000000018E-2,
-6.030708022023E0));
#3317=CARTESIAN_POINT('',(1.174760490180E1,6.666801656573E-2,
-6.030708022023E0));
#3318=CARTESIAN_POINT('',(1.174885449565E1,8.333198343465E-2,
-6.030517943977E0));
#3319=CARTESIAN_POINT('',(1.174885449565E1,1.000000000002E-1,
-6.030517943977E0));
#3321=CARTESIAN_POINT('',(1.178217260840E1,5.000000000018E-2,
-6.031533258189E0));
#3322=CARTESIAN_POINT('',(1.178217260840E1,6.666797126574E-2,
-6.031533258189E0));
#3323=CARTESIAN_POINT('',(1.178341971245E1,8.333202873464E-2,
-6.031806162265E0));
#3324=CARTESIAN_POINT('',(1.178341971245E1,1.000000000002E-1,
-6.031806162265E0));
#3326=DIRECTION('',(-9.993062256841E-1,0.E0,3.724335254701E-2));
#3327=VECTOR('',#3326,3.458921390962E-2);
#3328=CARTESIAN_POINT('',(1.178341971245E1,1.000000000002E-1,
-6.031806162265E0));
#3329=LINE('',#3328,#3327);
#3330=DIRECTION('',(-2.771116669463E-11,1.E0,6.092903959140E-12));
#3331=VECTOR('',#3330,5.000000000002E-2);
#3332=CARTESIAN_POINT('',(1.184294563263E1,5.000000000018E-2,
-6.046047472581E0));
#3333=LINE('',#3332,#3331);
#3334=DIRECTION('',(4.533262654148E-11,1.E0,-3.389288849574E-11));
#3335=VECTOR('',#3334,5.000000000002E-2);
#3336=CARTESIAN_POINT('',(1.189525831902E1,5.000000000018E-2,
-6.074734947886E0));
#3337=LINE('',#3336,#3335);
#3338=DIRECTION('',(-5.648814749291E-11,1.E0,6.318501277744E-11));
#3339=VECTOR('',#3338,5.000000000002E-2);
#3340=CARTESIAN_POINT('',(1.194047201770E1,5.000000000018E-2,
-6.117868587849E0));
#3341=LINE('',#3340,#3339);
#3342=DIRECTION('',(-3.080202759519E-11,1.E0,2.138733634637E-11));
#3343=VECTOR('',#3342,5.000000000002E-2);
#3344=CARTESIAN_POINT('',(1.197508450851E1,5.000000000018E-2,
-6.174246843692E0));
#3345=LINE('',#3344,#3343);
#3346=DIRECTION('',(5.417888360169E-11,1.E0,-2.587974279321E-10));
#3347=VECTOR('',#3346,5.000000000002E-2);
#3348=CARTESIAN_POINT('',(1.199585357876E1,5.000000000018E-2,
-6.242691803118E0));
#3349=LINE('',#3348,#3347);
#3350=DIRECTION('',(1.378452907374E-11,1.E0,2.115285724357E-10));
#3351=VECTOR('',#3350,5.000000000002E-2);
#3352=CARTESIAN_POINT('',(1.200277528871E1,5.000000000018E-2,
-6.323203466132E0));
#3353=LINE('',#3352,#3351);
#3354=DIRECTION('',(-7.496225862266E-12,1.E0,-3.803179993154E-11));
#3355=VECTOR('',#3354,5.000000000002E-2);
#3356=CARTESIAN_POINT('',(1.199590873160E1,5.000000000018E-2,
-6.403750584891E0));
#3357=LINE('',#3356,#3355);
#3358=DIRECTION('',(8.171241461238E-13,1.E0,-1.145750161413E-11));
#3359=VECTOR('',#3358,5.000000000002E-2);
#3360=CARTESIAN_POINT('',(1.197531693910E1,5.000000000018E-2,
-6.469516680917E0));
#3361=LINE('',#3360,#3359);
#3362=DIRECTION('',(3.318234575998E-11,1.E0,3.653966018645E-11));
#3363=VECTOR('',#3362,5.000000000002E-2);
#3364=CARTESIAN_POINT('',(1.194099991122E1,5.000000000018E-2,
-6.520505693932E0));
#3365=LINE('',#3364,#3363);
#3366=DIRECTION('',(-3.133493464701E-11,1.E0,-1.385558334732E-11));
#3367=VECTOR('',#3366,5.000000000002E-2);
#3368=CARTESIAN_POINT('',(1.189514801301E1,5.000000000018E-2,
-6.556347310111E0));
#3369=LINE('',#3368,#3367);
#3370=DIRECTION('',(1.648459146963E-11,1.E0,3.907985046679E-12));
#3371=VECTOR('',#3370,5.000000000002E-2);
#3372=CARTESIAN_POINT('',(1.184026676922E1,5.000000000018E-2,
-6.576753946016E0));
#3373=LINE('',#3372,#3371);
#3374=DIRECTION('',(8.423484132433E-11,1.E0,-6.349054615382E-10));
#3375=VECTOR('',#3374,5.000000000002E-2);
#3376=CARTESIAN_POINT('',(1.199810697549E1,5.000000000018E-2,
-7.098860479962E0));
#3377=LINE('',#3376,#3375);
#3378=DIRECTION('',(2.000177801164E-11,1.E0,2.900613083056E-10));
#3379=VECTOR('',#3378,5.000000000002E-2);
#3380=CARTESIAN_POINT('',(1.200277528871E1,5.000000000018E-2,
-7.166103890279E0));
#3381=LINE('',#3380,#3379);
#3382=DIRECTION('',(-2.081890215776E-11,1.E0,-7.458922368639E-11));
#3383=VECTOR('',#3382,5.000000000002E-2);
#3384=CARTESIAN_POINT('',(1.199317471536E1,5.000000000018E-2,
-7.251756607507E0));
#3385=LINE('',#3384,#3383);
#3386=DIRECTION('',(3.275602011853E-11,1.E0,5.872635711055E-11));
#3387=VECTOR('',#3386,5.000000000002E-2);
#3388=CARTESIAN_POINT('',(1.196437693371E1,5.000000000018E-2,
-7.323412263280E0));
#3389=LINE('',#3388,#3387);
#3390=DIRECTION('',(-6.274092356759E-11,1.E0,-5.599076757787E-11));
#3391=VECTOR('',#3390,5.000000000002E-2);
#3392=CARTESIAN_POINT('',(1.191638588419E1,5.000000000018E-2,
-7.381070858239E0));
#3393=LINE('',#3392,#3391);
#3394=DIRECTION('',(7.787548383928E-11,1.E0,3.332445430714E-11));
#3395=VECTOR('',#3394,5.000000000002E-2);
#3396=CARTESIAN_POINT('',(1.185253832715E1,5.000000000018E-2,
-7.421612303963E0));
#3397=LINE('',#3396,#3395);
#3398=CARTESIAN_POINT('',(1.177660301634E1,5.000000000018E-2,
-7.441560116367E0));
#3399=CARTESIAN_POINT('',(1.177660301634E1,6.666687653977E-2,
-7.441560116367E0));
#3400=CARTESIAN_POINT('',(1.177619859983E1,8.333312346061E-2,
-7.441644686608E0));
#3401=CARTESIAN_POINT('',(1.177619859983E1,1.000000000002E-1,
-7.441644686608E0));
#3403=CARTESIAN_POINT('',(1.168800384720E1,5.000000000018E-2,
-7.441347954131E0));
#3404=CARTESIAN_POINT('',(1.168800384720E1,6.666704126088E-2,
-7.441347954131E0));
#3405=CARTESIAN_POINT('',(1.168744549225E1,8.333295873950E-2,
-7.441262554848E0));
#3406=CARTESIAN_POINT('',(1.168744549225E1,1.000000000002E-1,
-7.441262554848E0));
#3408=DIRECTION('',(9.999907312088E-1,0.E0,-4.305519304659E-3));
#3409=VECTOR('',#3408,8.875393022248E-2);
#3410=CARTESIAN_POINT('',(1.168744549225E1,1.000000000002E-1,
-7.441262554848E0));
#3411=LINE('',#3410,#3409);
#3412=DIRECTION('',(-3.602451670302E-11,1.E0,9.059419880938E-13));
#3413=VECTOR('',#3412,5.000000000002E-2);
#3414=CARTESIAN_POINT('',(1.160914783080E1,5.000000000018E-2,
-7.426375165513E0));
#3415=LINE('',#3414,#3413);
#3416=DIRECTION('',(2.233591089861E-10,1.E0,-9.077183449332E-11));
#3417=VECTOR('',#3416,5.000000000002E-2);
#3418=CARTESIAN_POINT('',(1.153262688597E1,5.000000000018E-2,
-7.399318645415E0));
#3419=LINE('',#3418,#3417);
#3420=DIRECTION('',(-3.020161898347E-10,1.E0,1.849365105499E-10));
#3421=VECTOR('',#3420,5.000000000002E-2);
#3422=CARTESIAN_POINT('',(1.145780386813E1,5.000000000018E-2,
-7.360037841066E0));
#3423=LINE('',#3422,#3421);
#3424=DIRECTION('',(1.270450411539E-10,1.E0,-1.241318159372E-10));
#3425=VECTOR('',#3424,5.000000000002E-2);
#3426=CARTESIAN_POINT('',(1.138952042846E1,5.000000000018E-2,
-7.310853121599E0));
#3427=LINE('',#3426,#3425);
#3428=DIRECTION('',(1.268318783331E-10,1.E0,-1.238653624113E-10));
#3429=VECTOR('',#3428,5.000000000002E-2);
#3430=CARTESIAN_POINT('',(1.133263397651E1,5.000000000018E-2,
-7.254088794239E0));
#3431=LINE('',#3430,#3429);
#3432=DIRECTION('',(-3.215205879313E-11,1.E0,1.010391770250E-10));
#3433=VECTOR('',#3432,5.000000000002E-2);
#3434=CARTESIAN_POINT('',(1.128714845206E1,5.000000000018E-2,
-7.189756677924E0));
#3435=LINE('',#3434,#3433);
#3436=DIRECTION('',(-4.526157226790E-11,1.E0,1.285904716041E-10));
#3437=VECTOR('',#3436,5.000000000002E-2);
#3438=CARTESIAN_POINT('',(1.125387539296E1,5.000000000018E-2,
-7.119440453883E0));
#3439=LINE('',#3438,#3437);
#3440=DIRECTION('',(-4.860112312597E-11,1.E0,1.409716787747E-10));
#3441=VECTOR('',#3440,5.000000000002E-2);
#3442=CARTESIAN_POINT('',(1.123393755832E1,5.000000000018E-2,
-7.045113813548E0));
#3443=LINE('',#3442,#3441);
#3444=DIRECTION('',(-6.750155989718E-12,1.E0,-3.521094527058E-10));
#3445=VECTOR('',#3444,5.000000000002E-2);
#3446=CARTESIAN_POINT('',(1.122729555297E1,5.000000000018E-2,
-6.966721604058E0));
#3447=LINE('',#3446,#3445);
#3448=DIRECTION('',(3.147704319416E-11,1.E0,1.212185907206E-10));
#3449=VECTOR('',#3448,5.000000000002E-2);
#3450=CARTESIAN_POINT('',(1.123258630803E1,5.000000000018E-2,
-6.901227333824E0));
#3451=LINE('',#3450,#3449);
#3452=DIRECTION('',(-3.126388037343E-12,1.E0,-3.037570195373E-12));
#3453=VECTOR('',#3452,5.000000000002E-2);
#3454=CARTESIAN_POINT('',(1.124841917873E1,5.000000000018E-2,
-6.844356639879E0));
#3455=LINE('',#3454,#3453);
#3456=DIRECTION('',(1.335820343228E-11,1.E0,2.719602321121E-11));
#3457=VECTOR('',#3456,5.000000000002E-2);
#3458=CARTESIAN_POINT('',(1.127475870897E1,5.000000000018E-2,
-6.796097704027E0));
#3459=LINE('',#3458,#3457);
#3460=DIRECTION('',(-8.128608897092E-11,1.E0,-8.018474773050E-11));
#3461=VECTOR('',#3460,5.000000000002E-2);
#3462=CARTESIAN_POINT('',(1.130902452310E1,5.000000000018E-2,
-6.757214789763E0));
#3463=LINE('',#3462,#3461);
#3464=DIRECTION('',(1.173816599475E-10,1.E0,6.721734280288E-11));
#3465=VECTOR('',#3464,5.000000000002E-2);
#3466=CARTESIAN_POINT('',(1.134833290371E1,5.000000000018E-2,
-6.728042755526E0));
#3467=LINE('',#3466,#3465);
#3468=DIRECTION('',(-1.078959144251E-10,1.E0,-3.174349672007E-11));
#3469=VECTOR('',#3468,5.000000000002E-2);
#3470=CARTESIAN_POINT('',(1.139272718537E1,5.000000000018E-2,
-6.708546145227E0));
#3471=LINE('',#3470,#3469);
#3472=DIRECTION('',(4.195754854662E-11,1.E0,4.103384299013E-12));
#3473=VECTOR('',#3472,5.000000000002E-2);
#3474=CARTESIAN_POINT('',(1.143966244753E1,5.000000000018E-2,
-6.697314616660E0));
#3475=LINE('',#3474,#3473);
#3476=CARTESIAN_POINT('',(1.148572245812E1,5.000000000018E-2,
-6.692910124312E0));
#3477=CARTESIAN_POINT('',(1.148572245812E1,6.666797337236E-2,
-6.692910124312E0));
#3478=CARTESIAN_POINT('',(1.148695226553E1,8.333202662802E-2,
-6.692673879696E0));
#3479=CARTESIAN_POINT('',(1.148695226553E1,1.000000000002E-1,
-6.692673879696E0));
#3481=CARTESIAN_POINT('',(1.153335820469E1,5.000000000018E-2,
-6.694367147404E0));
#3482=CARTESIAN_POINT('',(1.153335820469E1,6.666793652969E-2,
-6.694367147404E0));
#3483=CARTESIAN_POINT('',(1.153459269895E1,8.333206347069E-2,
-6.694663329836E0));
#3484=CARTESIAN_POINT('',(1.153459269895E1,1.000000000002E-1,
-6.694663329836E0));
#3486=DIRECTION('',(-9.991292025415E-1,0.E0,4.172333434510E-2));
#3487=VECTOR('',#3486,4.768195474463E-2);
#3488=CARTESIAN_POINT('',(1.153459269895E1,1.000000000002E-1,
-6.694663329836E0));
#3489=LINE('',#3488,#3487);
#3490=DIRECTION('',(-1.392663762089E-10,1.E0,2.605915483399E-11));
#3491=VECTOR('',#3490,5.000000000002E-2);
#3492=CARTESIAN_POINT('',(1.157959760390E1,5.000000000018E-2,
-6.701931716458E0));
#3493=LINE('',#3492,#3491);
#3494=DIRECTION('',(1.521982539998E-10,1.E0,-4.826361532649E-11));
#3495=VECTOR('',#3494,5.000000000002E-2);
#3496=CARTESIAN_POINT('',(1.162626891945E1,5.000000000018E-2,
-6.713836900626E0));
#3497=LINE('',#3496,#3495);
#3498=DIRECTION('',(-3.794298208957E-11,1.E0,1.662670001678E-11));
#3499=VECTOR('',#3498,5.000000000002E-2);
#3500=CARTESIAN_POINT('',(1.167453967389E1,5.000000000018E-2,
-6.730307970839E0));
#3501=LINE('',#3500,#3499);
#3502=DIRECTION('',(8.590461675336E-11,1.E0,-3.728573005900E-11));
#3503=VECTOR('',#3502,5.000000000002E-2);
#3504=CARTESIAN_POINT('',(1.173741811274E1,5.000000000018E-2,
-6.757659953857E0));
#3505=LINE('',#3504,#3503);
#3506=DIRECTION('',(-1.608668753760E-10,1.E0,1.045741271355E-10));
#3507=VECTOR('',#3506,5.000000000002E-2);
#3508=CARTESIAN_POINT('',(1.179452123727E1,5.000000000018E-2,
-6.790495727706E0));
#3509=LINE('',#3508,#3507);
#3510=DIRECTION('',(7.549516567448E-11,1.E0,-7.153388992262E-11));
#3511=VECTOR('',#3510,5.000000000002E-2);
#3512=CARTESIAN_POINT('',(1.184589238238E1,5.000000000018E-2,
-6.828779837277E0));
#3513=LINE('',#3512,#3511);
#3514=DIRECTION('',(-6.394884621838E-12,1.E0,8.171241461238E-12));
#3515=VECTOR('',#3514,5.000000000002E-2);
#3516=CARTESIAN_POINT('',(1.189086183157E1,5.000000000018E-2,
-6.872516221347E0));
#3517=LINE('',#3516,#3515);
#3518=DIRECTION('',(2.856381797754E-11,1.E0,-3.682387728075E-11));
#3519=VECTOR('',#3518,5.000000000002E-2);
#3520=CARTESIAN_POINT('',(1.192907896938E1,5.000000000018E-2,
-6.921697001377E0));
#3521=LINE('',#3520,#3519);
#3522=DIRECTION('',(1.062616661329E-10,1.E0,-1.715960706860E-10));
#3523=VECTOR('',#3522,5.000000000002E-2);
#3524=CARTESIAN_POINT('',(1.196053985610E1,5.000000000018E-2,
-6.976263084845E0));
#3525=LINE('',#3524,#3523);
#3526=DIRECTION('',(-1.779199010343E-10,1.E0,5.453060225589E-10));
#3527=VECTOR('',#3526,5.000000000002E-2);
#3528=CARTESIAN_POINT('',(1.198405870060E1,5.000000000018E-2,
-7.035607787853E0));
#3529=LINE('',#3528,#3527);
#3530=DIRECTION('',(2.168145792094E-1,0.E0,-9.762128037689E-1));
#3531=VECTOR('',#3530,6.479395878099E-2);
#3532=CARTESIAN_POINT('',(1.198405870059E1,1.000000000002E-1,
-7.035607787825E0));
#3533=LINE('',#3532,#3531);
#3534=DIRECTION('',(6.925740010699E-2,0.E0,-9.975988234408E-1));
#3535=VECTOR('',#3534,6.740526220541E-2);
#3536=CARTESIAN_POINT('',(1.199810697550E1,1.000000000002E-1,
-7.098860479994E0));
#3537=LINE('',#3536,#3535);
#3538=DIRECTION('',(-1.113896610092E-1,0.E0,-9.937768076486E-1));
#3539=VECTOR('',#3538,8.618908852336E-2);
#3540=CARTESIAN_POINT('',(1.200277528871E1,1.000000000002E-1,
-7.166103890264E0));
#3541=LINE('',#3540,#3539);
#3542=DIRECTION('',(-3.729029784871E-1,0.E0,-9.278703404223E-1));
#3543=VECTOR('',#3542,7.722593625907E-2);
#3544=CARTESIAN_POINT('',(1.199317471536E1,1.000000000002E-1,
-7.251756607511E0));
#3545=LINE('',#3544,#3543);
#3546=DIRECTION('',(-6.397297355821E-1,0.E0,-7.685999384674E-1));
#3547=VECTOR('',#3546,7.501769396387E-2);
#3548=CARTESIAN_POINT('',(1.196437693371E1,1.000000000002E-1,
-7.323412263277E0));
#3549=LINE('',#3548,#3547);
#3550=DIRECTION('',(-8.441929853213E-1,0.E0,-5.360393675228E-1));
#3551=VECTOR('',#3550,7.563147070086E-2);
#3552=CARTESIAN_POINT('',(1.191638588419E1,1.000000000002E-1,
-7.381070858242E0));
#3553=LINE('',#3552,#3551);
#3554=DIRECTION('',(-9.672521075156E-1,0.E0,-2.538175732818E-1));
#3555=VECTOR('',#3554,7.892433289101E-2);
#3556=CARTESIAN_POINT('',(1.185253832715E1,1.000000000002E-1,
-7.421612303961E0));
#3557=LINE('',#3556,#3555);
#3558=DIRECTION('',(-9.823995161428E-1,0.E0,1.867918378368E-1));
#3559=VECTOR('',#3558,7.970042753497E-2);
#3560=CARTESIAN_POINT('',(1.168744549225E1,1.000000000002E-1,
-7.441262554848E0));
#3561=LINE('',#3560,#3559);
#3562=DIRECTION('',(-9.428002106343E-1,0.E0,3.333583099728E-1));
#3563=VECTOR('',#3562,8.116347870506E-2);
#3564=CARTESIAN_POINT('',(1.160914783080E1,1.000000000002E-1,
-7.426375165513E0));
#3565=LINE('',#3564,#3563);
#3566=DIRECTION('',(-8.854041366404E-1,0.E0,4.648220248871E-1));
#3567=VECTOR('',#3566,8.450719256075E-2);
#3568=CARTESIAN_POINT('',(1.153262688598E1,1.000000000002E-1,
-7.399318645420E0));
#3569=LINE('',#3568,#3567);
#3570=DIRECTION('',(-8.114180075279E-1,0.E0,5.844662668276E-1));
#3571=VECTOR('',#3570,8.415322190971E-2);
#3572=CARTESIAN_POINT('',(1.145780386811E1,1.000000000002E-1,
-7.360037841056E0));
#3573=LINE('',#3572,#3571);
#3574=DIRECTION('',(-7.078662011992E-1,0.E0,7.063465446931E-1));
#3575=VECTOR('',#3574,8.036328313203E-2);
#3576=CARTESIAN_POINT('',(1.138952042846E1,1.000000000002E-1,
-7.310853121605E0));
#3577=LINE('',#3576,#3575);
#3578=DIRECTION('',(-5.773151428395E-1,0.E0,8.165214178748E-1));
#3579=VECTOR('',#3578,7.878803288869E-2);
#3580=CARTESIAN_POINT('',(1.133263397652E1,1.000000000002E-1,
-7.254088794245E0));
#3581=LINE('',#3580,#3579);
#3582=DIRECTION('',(-4.277227664140E-1,0.E0,9.039099706780E-1));
#3583=VECTOR('',#3582,7.779118089588E-2);
#3584=CARTESIAN_POINT('',(1.128714845206E1,1.000000000002E-1,
-7.189756677919E0));
#3585=LINE('',#3584,#3583);
#3586=DIRECTION('',(-2.590866339756E-1,0.E0,9.658540863377E-1));
#3587=VECTOR('',#3586,7.695431575746E-2);
#3588=CARTESIAN_POINT('',(1.125387539296E1,1.000000000002E-1,
-7.119440453876E0));
#3589=LINE('',#3588,#3587);
#3590=DIRECTION('',(-8.442538030039E-2,0.E0,9.964298044324E-1));
#3591=VECTOR('',#3590,7.867308777397E-2);
#3592=CARTESIAN_POINT('',(1.123393755832E1,1.000000000002E-1,
-7.045113813541E0));
#3593=LINE('',#3592,#3591);
#3594=DIRECTION('',(8.051965574376E-2,0.E0,9.967530210834E-1));
#3595=VECTOR('',#3594,6.570762152005E-2);
#3596=CARTESIAN_POINT('',(1.122729555297E1,1.000000000002E-1,
-6.966721604076E0));
#3597=LINE('',#3596,#3595);
#3598=DIRECTION('',(2.682013989961E-1,0.E0,9.633628649562E-1));
#3599=VECTOR('',#3598,5.903351271569E-2);
#3600=CARTESIAN_POINT('',(1.123258630803E1,1.000000000002E-1,
-6.901227333818E0));
#3601=LINE('',#3600,#3599);
#3602=DIRECTION('',(4.790830524221E-1,0.E0,8.777695761884E-1));
#3603=VECTOR('',#3602,5.497904821878E-2);
#3604=CARTESIAN_POINT('',(1.124841917873E1,1.000000000002E-1,
-6.844356639879E0));
#3605=LINE('',#3604,#3603);
#3606=DIRECTION('',(6.611589246847E-1,0.E0,7.502458772361E-1));
#3607=VECTOR('',#3606,5.182689493982E-2);
#3608=CARTESIAN_POINT('',(1.127475870897E1,1.000000000002E-1,
-6.796097704025E0));
#3609=LINE('',#3608,#3607);
#3610=DIRECTION('',(8.030222423389E-1,0.E0,5.959490568068E-1));
#3611=VECTOR('',#3610,4.895055023795E-2);
#3612=CARTESIAN_POINT('',(1.130902452310E1,1.000000000002E-1,
-6.757214789767E0));
#3613=LINE('',#3612,#3611);
#3614=DIRECTION('',(9.155951514313E-1,0.E0,4.021013786042E-1));
#3615=VECTOR('',#3614,4.848680290920E-2);
#3616=CARTESIAN_POINT('',(1.134833290371E1,1.000000000002E-1,
-6.728042755522E0));
#3617=LINE('',#3616,#3615);
#3618=DIRECTION('',(9.725419510088E-1,0.E0,2.327276380837E-1));
#3619=VECTOR('',#3618,4.826039855412E-2);
#3620=CARTESIAN_POINT('',(1.139272718537E1,1.000000000002E-1,
-6.708546145228E0));
#3621=LINE('',#3620,#3619);
#3622=DIRECTION('',(9.952193647872E-1,0.E0,9.766481430145E-2));
#3623=VECTOR('',#3622,4.751697934278E-2);
#3624=CARTESIAN_POINT('',(1.143966244753E1,1.000000000002E-1,
-6.697314616660E0));
#3625=LINE('',#3624,#3623);
#3626=DIRECTION('',(9.872082340893E-1,0.E0,-1.594362021198E-1));
#3627=VECTOR('',#3626,4.558805668785E-2);
#3628=CARTESIAN_POINT('',(1.153459269895E1,1.000000000002E-1,
-6.694663329836E0));
#3629=LINE('',#3628,#3627);
#3630=DIRECTION('',(9.689719125622E-1,0.E0,-2.471708572335E-1));
#3631=VECTOR('',#3630,4.816580848411E-2);
#3632=CARTESIAN_POINT('',(1.157959760389E1,1.000000000002E-1,
-6.701931716456E0));
#3633=LINE('',#3632,#3631);
#3634=DIRECTION('',(9.464195437907E-1,0.E0,-3.229396958118E-1));
#3635=VECTOR('',#3634,5.100354779151E-2);
#3636=CARTESIAN_POINT('',(1.162626891946E1,1.000000000002E-1,
-6.713836900629E0));
#3637=LINE('',#3636,#3635);
#3638=DIRECTION('',(9.169978831869E-1,0.E0,-3.988920683980E-1));
#3639=VECTOR('',#3638,6.856988440715E-2);
#3640=CARTESIAN_POINT('',(1.167453967389E1,1.000000000002E-1,
-6.730307970838E0));
#3641=LINE('',#3640,#3639);
#3642=DIRECTION('',(8.668966118568E-1,0.E0,-4.984879781411E-1));
#3643=VECTOR('',#3642,6.587074369184E-2);
#3644=CARTESIAN_POINT('',(1.173741811274E1,1.000000000002E-1,
-6.757659953859E0));
#3645=LINE('',#3644,#3643);
#3646=DIRECTION('',(8.018262135366E-1,0.E0,-5.975572970733E-1));
#3647=VECTOR('',#3646,6.406767981476E-2);
#3648=CARTESIAN_POINT('',(1.179452123727E1,1.000000000002E-1,
-6.790495727701E0));
#3649=LINE('',#3648,#3647);
#3650=DIRECTION('',(7.168667405628E-1,0.E0,-6.972102095314E-1));
#3651=VECTOR('',#3650,6.273055596203E-2);
#3652=CARTESIAN_POINT('',(1.184589238238E1,1.000000000002E-1,
-6.828779837280E0));
#3653=LINE('',#3652,#3651);
#3654=DIRECTION('',(6.135946231826E-1,0.E0,-7.896211993111E-1));
#3655=VECTOR('',#3654,6.228401678568E-2);
#3656=CARTESIAN_POINT('',(1.189086183157E1,1.000000000002E-1,
-6.872516221347E0));
#3657=LINE('',#3656,#3655);
#3658=DIRECTION('',(4.994896068619E-1,0.E0,-8.663198789344E-1));
#3659=VECTOR('',#3658,6.298606877382E-2);
#3660=CARTESIAN_POINT('',(1.192907896938E1,1.000000000002E-1,
-6.921697001379E0));
#3661=LINE('',#3660,#3659);
#3662=DIRECTION('',(3.684307869801E-1,0.E0,-9.296551808091E-1));
#3663=VECTOR('',#3662,6.383517695240E-2);
#3664=CARTESIAN_POINT('',(1.196053985611E1,1.000000000002E-1,
-6.976263084854E0));
#3665=LINE('',#3664,#3663);
#3666=DIRECTION('',(1.216721267872E-1,0.E0,9.925703469090E-1));
#3667=VECTOR('',#3666,4.597681741746E-2);
#3668=CARTESIAN_POINT('',(1.186840271351E1,1.000000000002E-1,
-7.185013514131E0));
#3669=LINE('',#3668,#3667);
#3670=DIRECTION('',(-1.607123806588E-1,0.E0,9.870012820169E-1));
#3671=VECTOR('',#3670,7.280291525319E-2);
#3672=CARTESIAN_POINT('',(1.187399681067E1,1.000000000002E-1,
-7.139378288518E0));
#3673=LINE('',#3672,#3671);
#3674=DIRECTION('',(-4.744837700738E-1,0.E0,8.802642511977E-1));
#3675=VECTOR('',#3674,7.402703429343E-2);
#3676=CARTESIAN_POINT('',(1.186229648084E1,1.000000000002E-1,
-7.067521717828E0));
#3677=LINE('',#3676,#3675);
#3678=DIRECTION('',(-7.077966280055E-1,0.E0,7.064162607019E-1));
#3679=VECTOR('',#3678,8.276450679448E-2);
#3680=CARTESIAN_POINT('',(1.182717185452E1,1.000000000002E-1,
-7.002358365918E0));
#3681=LINE('',#3680,#3679);
#3682=DIRECTION('',(-8.369551793943E-1,0.E0,5.472714387624E-1));
#3683=VECTOR('',#3682,8.653254256390E-2);
#3684=CARTESIAN_POINT('',(1.176859141569E1,1.000000000002E-1,
-6.943892172509E0));
#3685=LINE('',#3684,#3683);
#3686=DIRECTION('',(-9.225019677471E-1,0.E0,3.859923827004E-1));
#3687=VECTOR('',#3686,8.346608169386E-2);
#3688=CARTESIAN_POINT('',(1.169616755601E1,1.000000000002E-1,
-6.896535383440E0));
#3689=LINE('',#3688,#3687);
#3690=DIRECTION('',(-9.790322149757E-1,0.E0,2.037054786688E-1));
#3691=VECTOR('',#3690,8.360429337651E-2);
#3692=CARTESIAN_POINT('',(1.161916993141E1,1.000000000002E-1,
-6.864318111693E0));
#3693=LINE('',#3692,#3691);
#3694=DIRECTION('',(-9.694022146052E-1,0.E0,-2.454777919051E-1));
#3695=VECTOR('',#3694,4.426182994172E-2);
#3696=CARTESIAN_POINT('',(1.148867619650E1,1.000000000002E-1,
-6.847189002405E0));
#3697=LINE('',#3696,#3695);
#3698=DIRECTION('',(-8.626366410062E-1,0.E0,-5.058241053899E-1));
#3699=VECTOR('',#3698,4.348981272700E-2);
#3700=CARTESIAN_POINT('',(1.144576868053E1,1.000000000002E-1,
-6.858054298685E0));
#3701=LINE('',#3700,#3699);
#3702=DIRECTION('',(-6.773917916322E-1,0.E0,-7.356224307547E-1));
#3703=VECTOR('',#3702,4.275699947761E-2);
#3704=CARTESIAN_POINT('',(1.140825277456E1,1.000000000002E-1,
-6.880052494301E0));
#3705=LINE('',#3704,#3703);
#3706=DIRECTION('',(-4.049984173204E-1,0.E0,-9.143173857955E-1));
#3707=VECTOR('',#3706,4.297481729601E-2);
#3708=CARTESIAN_POINT('',(1.137928953408E1,1.000000000002E-1,
-6.911505502189E0));
#3709=LINE('',#3708,#3707);
#3710=DIRECTION('',(-1.222494103010E-1,0.E0,-9.924994114261E-1));
#3711=VECTOR('',#3710,4.753209090663E-2);
#3712=CARTESIAN_POINT('',(1.136188480109E1,1.000000000002E-1,
-6.950798124794E0));
#3713=LINE('',#3712,#3711);
#3714=DIRECTION('',(1.098622503846E-1,0.E0,-9.939468224912E-1));
#3715=VECTOR('',#3714,4.177525519329E-2);
#3716=CARTESIAN_POINT('',(1.135607403101E1,1.000000000002E-1,
-6.997973697042E0));
#3717=LINE('',#3716,#3715);
#3718=DIRECTION('',(3.144422336087E-1,0.E0,-9.492766096998E-1));
#3719=VECTOR('',#3718,4.369957846070E-2);
#3720=CARTESIAN_POINT('',(1.136066355455E1,1.000000000002E-1,
-7.039496079201E0));
#3721=LINE('',#3720,#3719);
#3722=DIRECTION('',(4.827780581862E-1,0.E0,-8.757427399265E-1));
#3723=VECTOR('',#3722,4.732843296455E-2);
#3724=CARTESIAN_POINT('',(1.137440454761E1,1.000000000002E-1,
-7.080979066887E0));
#3725=LINE('',#3724,#3723);
#3726=DIRECTION('',(6.288342760485E-1,0.E0,-7.775393580177E-1));
#3727=VECTOR('',#3726,5.107670688710E-2);
#3728=CARTESIAN_POINT('',(1.139725367658E1,1.000000000002E-1,
-7.122426598448E0));
#3729=LINE('',#3728,#3727);
#3730=DIRECTION('',(7.532394888330E-1,0.E0,-6.577463587604E-1));
#3731=VECTOR('',#3730,5.519829519419E-2);
#3732=CARTESIAN_POINT('',(1.142937246057E1,1.000000000002E-1,
-7.162140748330E0));
#3733=LINE('',#3732,#3731);
#3734=DIRECTION('',(8.400947403068E-1,0.E0,-5.424396992374E-1));
#3735=VECTOR('',#3734,6.080221572861E-2);
#3736=CARTESIAN_POINT('',(1.147094999623E1,1.000000000002E-1,
-7.198447226004E0));
#3737=LINE('',#3736,#3735);
#3738=DIRECTION('',(8.985439914473E-1,0.E0,-4.388834645256E-1));
#3739=VECTOR('',#3738,6.143310072436E-2);
#3740=CARTESIAN_POINT('',(1.152202961786E1,1.000000000002E-1,
-7.231428761617E0));
#3741=LINE('',#3740,#3739);
#3742=DIRECTION('',(9.462027269366E-1,0.E0,-3.235744111293E-1));
#3743=VECTOR('',#3742,5.735622926371E-2);
#3744=CARTESIAN_POINT('',(1.157722996139E1,1.000000000002E-1,
-7.258390733699E0));
#3745=LINE('',#3744,#3743);
#3746=DIRECTION('',(9.824963723418E-1,0.E0,-1.862817176625E-1));
#3747=VECTOR('',#3746,5.428718034033E-2);
#3748=CARTESIAN_POINT('',(1.163150058193E1,1.000000000002E-1,
-7.276949741808E0));
#3749=LINE('',#3748,#3747);
#3750=DIRECTION('',(9.743324043095E-1,0.E0,2.251141175328E-1));
#3751=VECTOR('',#3750,4.746009602667E-2);
#3752=CARTESIAN_POINT('',(1.173956514288E1,1.000000000002E-1,
-7.287866110031E0));
#3753=LINE('',#3752,#3751);
#3754=DIRECTION('',(8.626830746619E-1,0.E0,5.057449087157E-1));
#3755=VECTOR('',#3754,4.376146631362E-2);
#3756=CARTESIAN_POINT('',(1.178580705235E1,1.000000000002E-1,
-7.277182172396E0));
#3757=LINE('',#3756,#3755);
#3758=DIRECTION('',(6.648158976472E-1,0.E0,7.470072437638E-1));
#3759=VECTOR('',#3758,4.217919034370E-2);
#3760=CARTESIAN_POINT('',(1.182355932866E1,1.000000000002E-1,
-7.255050033610E0));
#3761=LINE('',#3760,#3759);
#3762=DIRECTION('',(3.997368725929E-1,0.E0,9.166299322462E-1));
#3763=VECTOR('',#3762,4.203262123626E-2);
#3764=CARTESIAN_POINT('',(1.185160072495E1,1.000000000002E-1,
-7.223541872887E0));
#3765=LINE('',#3764,#3763);
#3766=DIRECTION('',(-6.785683126506E-12,1.E0,5.437428285402E-11));
#3767=VECTOR('',#3766,5.000000000002E-2);
#3768=CARTESIAN_POINT('',(1.187399681067E1,5.000000000018E-2,
-7.139378288520E0));
#3769=LINE('',#3768,#3767);
#3770=DIRECTION('',(-1.216721267872E-1,0.E0,-9.925703469090E-1));
#3771=VECTOR('',#3770,4.597681741532E-2);
#3772=CARTESIAN_POINT('',(1.187399681067E1,5.000000000018E-2,
-7.139378288520E0));
#3773=LINE('',#3772,#3771);
#3774=DIRECTION('',(-3.997368725929E-1,0.E0,-9.166299322462E-1));
#3775=VECTOR('',#3774,4.203262123218E-2);
#3776=CARTESIAN_POINT('',(1.186840271351E1,5.000000000018E-2,
-7.185013514132E0));
#3777=LINE('',#3776,#3775);
#3778=DIRECTION('',(-6.648158976472E-1,0.E0,-7.470072437638E-1));
#3779=VECTOR('',#3778,4.217919034980E-2);
#3780=CARTESIAN_POINT('',(1.185160072495E1,5.000000000018E-2,
-7.223541872884E0));
#3781=LINE('',#3780,#3779);
#3782=DIRECTION('',(-8.626830746619E-1,0.E0,-5.057449087157E-1));
#3783=VECTOR('',#3782,4.376146630977E-2);
#3784=CARTESIAN_POINT('',(1.182355932866E1,5.000000000018E-2,
-7.255050033612E0));
#3785=LINE('',#3784,#3783);
#3786=DIRECTION('',(-9.743324043094E-1,0.E0,-2.251141175328E-1));
#3787=VECTOR('',#3786,4.746009602902E-2);
#3788=CARTESIAN_POINT('',(1.178580705235E1,5.000000000018E-2,
-7.277182172396E0));
#3789=LINE('',#3788,#3787);
#3790=DIRECTION('',(-9.998921970700E-1,0.E0,1.468312768365E-2));
#3791=VECTOR('',#3790,5.473350363086E-2);
#3792=CARTESIAN_POINT('',(1.173956514288E1,5.000000000018E-2,
-7.287866110031E0));
#3793=LINE('',#3792,#3791);
#3794=DIRECTION('',(-9.824963723417E-1,0.E0,1.862817176626E-1));
#3795=VECTOR('',#3794,5.428718034146E-2);
#3796=CARTESIAN_POINT('',(1.168483753968E1,5.000000000018E-2,
-7.287062451009E0));
#3797=LINE('',#3796,#3795);
#3798=DIRECTION('',(-9.462027269366E-1,0.E0,3.235744111293E-1));
#3799=VECTOR('',#3798,5.735622925632E-2);
#3800=CARTESIAN_POINT('',(1.163150058193E1,5.000000000018E-2,
-7.276949741808E0));
#3801=LINE('',#3800,#3799);
#3802=DIRECTION('',(-8.985439914473E-1,0.E0,4.388834645256E-1));
#3803=VECTOR('',#3802,6.143310075009E-2);
#3804=CARTESIAN_POINT('',(1.157722996140E1,5.000000000018E-2,
-7.258390733702E0));
#3805=LINE('',#3804,#3803);
#3806=DIRECTION('',(-8.400947403068E-1,0.E0,5.424396992375E-1));
#3807=VECTOR('',#3806,6.080221568815E-2);
#3808=CARTESIAN_POINT('',(1.152202961785E1,5.000000000018E-2,
-7.231428761608E0));
#3809=LINE('',#3808,#3807);
#3810=DIRECTION('',(-7.532394888330E-1,0.E0,6.577463587604E-1));
#3811=VECTOR('',#3810,5.519829522798E-2);
#3812=CARTESIAN_POINT('',(1.147094999625E1,5.000000000018E-2,
-7.198447226017E0));
#3813=LINE('',#3812,#3811);
#3814=DIRECTION('',(-6.288342760484E-1,0.E0,7.775393580177E-1));
#3815=VECTOR('',#3814,5.107670686423E-2);
#3816=CARTESIAN_POINT('',(1.142937246057E1,5.000000000018E-2,
-7.162140748321E0));
#3817=LINE('',#3816,#3815);
#3818=DIRECTION('',(-4.827780581862E-1,0.E0,8.757427399265E-1));
#3819=VECTOR('',#3818,4.732843298189E-2);
#3820=CARTESIAN_POINT('',(1.139725367658E1,5.000000000018E-2,
-7.122426598456E0));
#3821=LINE('',#3820,#3819);
#3822=DIRECTION('',(-3.144422336086E-1,0.E0,9.492766096998E-1));
#3823=VECTOR('',#3822,4.369957845934E-2);
#3824=CARTESIAN_POINT('',(1.137440454761E1,5.000000000018E-2,
-7.080979066880E0));
#3825=LINE('',#3824,#3823);
#3826=DIRECTION('',(-1.098622503846E-1,0.E0,9.939468224912E-1));
#3827=VECTOR('',#3826,4.177525517446E-2);
#3828=CARTESIAN_POINT('',(1.136066355455E1,5.000000000018E-2,
-7.039496079195E0));
#3829=LINE('',#3828,#3827);
#3830=DIRECTION('',(1.222494103009E-1,0.E0,9.924994114261E-1));
#3831=VECTOR('',#3830,4.753209092646E-2);
#3832=CARTESIAN_POINT('',(1.135607403101E1,5.000000000018E-2,
-6.997973697056E0));
#3833=LINE('',#3832,#3831);
#3834=DIRECTION('',(4.049984173204E-1,0.E0,9.143173857955E-1));
#3835=VECTOR('',#3834,4.297481728736E-2);
#3836=CARTESIAN_POINT('',(1.136188480109E1,5.000000000018E-2,
-6.950798124787E0));
#3837=LINE('',#3836,#3835);
#3838=DIRECTION('',(6.773917916322E-1,0.E0,7.356224307547E-1));
#3839=VECTOR('',#3838,4.275699947847E-2);
#3840=CARTESIAN_POINT('',(1.137928953408E1,5.000000000018E-2,
-6.911505502190E0));
#3841=LINE('',#3840,#3839);
#3842=DIRECTION('',(8.626366410062E-1,0.E0,5.058241053899E-1));
#3843=VECTOR('',#3842,4.348981272982E-2);
#3844=CARTESIAN_POINT('',(1.140825277456E1,5.000000000018E-2,
-6.880052494302E0));
#3845=LINE('',#3844,#3843);
#3846=DIRECTION('',(9.694558565541E-1,0.E0,2.452658602272E-1));
#3847=VECTOR('',#3846,4.446012025410E-2);
#3848=CARTESIAN_POINT('',(1.144576868053E1,5.000000000018E-2,
-6.858054298684E0));
#3849=LINE('',#3848,#3847);
#3850=DIRECTION('',(9.999933703157E-1,0.E0,-3.641335571463E-3));
#3851=VECTOR('',#3850,4.868472497008E-2);
#3852=CARTESIAN_POINT('',(1.148887080450E1,5.000000000018E-2,
-6.847149749044E0));
#3853=LINE('',#3852,#3851);
#3854=DIRECTION('',(9.790091092264E-1,0.E0,-2.038164960247E-1));
#3855=VECTOR('',#3854,8.336462239258E-2);
#3856=CARTESIAN_POINT('',(1.153755520670E1,5.000000000018E-2,
-6.847327026465E0));
#3857=LINE('',#3856,#3855);
#3858=DIRECTION('',(9.225019677471E-1,0.E0,-3.859923827004E-1));
#3859=VECTOR('',#3858,8.346608167641E-2);
#3860=CARTESIAN_POINT('',(1.161916993141E1,5.000000000018E-2,
-6.864318111694E0));
#3861=LINE('',#3860,#3859);
#3862=DIRECTION('',(8.369551793943E-1,0.E0,-5.472714387623E-1));
#3863=VECTOR('',#3862,8.653254259028E-2);
#3864=CARTESIAN_POINT('',(1.169616755600E1,5.000000000018E-2,
-6.896535383435E0));
#3865=LINE('',#3864,#3863);
#3866=DIRECTION('',(7.077966280055E-1,0.E0,-7.064162607019E-1));
#3867=VECTOR('',#3866,8.276450677552E-2);
#3868=CARTESIAN_POINT('',(1.176859141570E1,5.000000000018E-2,
-6.943892172518E0));
#3869=LINE('',#3868,#3867);
#3870=DIRECTION('',(4.744837700738E-1,0.E0,-8.802642511977E-1));
#3871=VECTOR('',#3870,7.402703429938E-2);
#3872=CARTESIAN_POINT('',(1.182717185452E1,5.000000000018E-2,
-7.002358365913E0));
#3873=LINE('',#3872,#3871);
#3874=DIRECTION('',(1.607123806588E-1,0.E0,-9.870012820169E-1));
#3875=VECTOR('',#3874,7.280291525529E-2);
#3876=CARTESIAN_POINT('',(1.186229648084E1,5.000000000018E-2,
-7.067521717829E0));
#3877=LINE('',#3876,#3875);
#3878=DIRECTION('',(-1.197264509755E-11,1.E0,1.181277298201E-11));
#3879=VECTOR('',#3878,5.000000000002E-2);
#3880=CARTESIAN_POINT('',(1.186840271351E1,5.000000000018E-2,
-7.185013514132E0));
#3881=LINE('',#3880,#3879);
#3882=DIRECTION('',(-4.458655666893E-11,1.E0,-6.306066779868E-11));
#3883=VECTOR('',#3882,5.000000000002E-2);
#3884=CARTESIAN_POINT('',(1.185160072495E1,5.000000000018E-2,
-7.223541872884E0));
#3885=LINE('',#3884,#3883);
#3886=DIRECTION('',(3.652189661805E-11,1.E0,2.810196519930E-11));
#3887=VECTOR('',#3886,5.000000000002E-2);
#3888=CARTESIAN_POINT('',(1.182355932866E1,5.000000000018E-2,
-7.255050033612E0));
#3889=LINE('',#3888,#3887);
#3890=DIRECTION('',(-2.984279490191E-11,1.E0,-1.080024958355E-11));
#3891=VECTOR('',#3890,5.000000000002E-2);
#3892=CARTESIAN_POINT('',(1.178580705235E1,5.000000000018E-2,
-7.277182172396E0));
#3893=LINE('',#3892,#3891);
#3894=DIRECTION('',(1.591615728102E-11,1.E0,-2.664535259099E-13));
#3895=VECTOR('',#3894,5.000000000002E-2);
#3896=CARTESIAN_POINT('',(1.173956514288E1,5.000000000018E-2,
-7.287866110031E0));
#3897=LINE('',#3896,#3895);
#3898=DIRECTION('',(-9.998921970700E-1,0.E0,1.468312768368E-2));
#3899=VECTOR('',#3898,5.473350363179E-2);
#3900=CARTESIAN_POINT('',(1.173956514288E1,1.000000000002E-1,
-7.287866110031E0));
#3901=LINE('',#3900,#3899);
#3902=DIRECTION('',(-2.771116669463E-12,1.E0,5.329070518199E-14));
#3903=VECTOR('',#3902,5.000000000002E-2);
#3904=CARTESIAN_POINT('',(1.168483753968E1,5.000000000018E-2,
-7.287062451009E0));
#3905=LINE('',#3904,#3903);
#3906=DIRECTION('',(1.943334382303E-11,1.E0,-4.209965709377E-12));
#3907=VECTOR('',#3906,5.000000000002E-2);
#3908=CARTESIAN_POINT('',(1.163150058193E1,5.000000000018E-2,
-7.276949741808E0));
#3909=LINE('',#3908,#3907);
#3910=DIRECTION('',(-1.205435751217E-10,1.E0,4.368061468083E-11));
#3911=VECTOR('',#3910,5.000000000002E-2);
#3912=CARTESIAN_POINT('',(1.157722996140E1,5.000000000018E-2,
-7.258390733702E0));
#3913=LINE('',#3912,#3911);
#3914=DIRECTION('',(3.418065830373E-10,1.E0,-1.821121031752E-10));
#3915=VECTOR('',#3914,5.000000000002E-2);
#3916=CARTESIAN_POINT('',(1.152202961785E1,5.000000000018E-2,
-7.231428761608E0));
#3917=LINE('',#3916,#3915);
#3918=DIRECTION('',(-3.380051794009E-10,1.E0,2.568079082720E-10));
#3919=VECTOR('',#3918,5.000000000002E-2);
#3920=CARTESIAN_POINT('',(1.147094999625E1,5.000000000018E-2,
-7.198447226017E0));
#3921=LINE('',#3920,#3919);
#3922=DIRECTION('',(1.710276364974E-10,1.E0,-1.876721000826E-10));
#3923=VECTOR('',#3922,5.000000000002E-2);
#3924=CARTESIAN_POINT('',(1.142937246057E1,5.000000000018E-2,
-7.162140748321E0));
#3925=LINE('',#3924,#3923);
#3926=DIRECTION('',(-1.166355900750E-10,1.E0,1.679367755968E-10));
#3927=VECTOR('',#3926,5.000000000002E-2);
#3928=CARTESIAN_POINT('',(1.139725367658E1,5.000000000018E-2,
-7.122426598456E0));
#3929=LINE('',#3928,#3927);
#3930=DIRECTION('',(5.080380560683E-11,1.E0,-1.356781353933E-10));
#3931=VECTOR('',#3930,5.000000000002E-2);
#3932=CARTESIAN_POINT('',(1.137440454761E1,5.000000000018E-2,
-7.080979066880E0));
#3933=LINE('',#3932,#3931);
#3934=DIRECTION('',(4.231281991450E-11,1.E0,-1.099209612220E-10));
#3935=VECTOR('',#3934,5.000000000002E-2);
#3936=CARTESIAN_POINT('',(1.136066355455E1,5.000000000018E-2,
-7.039496079195E0));
#3937=LINE('',#3936,#3935);
#3938=DIRECTION('',(8.881784196998E-13,1.E0,2.643396612710E-10));
#3939=VECTOR('',#3938,5.000000000002E-2);
#3940=CARTESIAN_POINT('',(1.135607403101E1,5.000000000018E-2,
-6.997973697056E0));
#3941=LINE('',#3940,#3939);
#3942=DIRECTION('',(-4.757083615912E-11,1.E0,-1.294431228870E-10));
#3943=VECTOR('',#3942,5.000000000002E-2);
#3944=CARTESIAN_POINT('',(1.136188480109E1,5.000000000018E-2,
-6.950798124787E0));
#3945=LINE('',#3944,#3943);
#3946=DIRECTION('',(2.245315045001E-11,1.E0,2.854605440915E-11));
#3947=VECTOR('',#3946,5.000000000002E-2);
#3948=CARTESIAN_POINT('',(1.137928953408E1,5.000000000018E-2,
-6.911505502190E0));
#3949=LINE('',#3948,#3947);
#3950=DIRECTION('',(1.087130385713E-11,1.E0,1.598721155460E-11));
#3951=VECTOR('',#3950,5.000000000002E-2);
#3952=CARTESIAN_POINT('',(1.140825277456E1,5.000000000018E-2,
-6.880052494302E0));
#3953=LINE('',#3952,#3951);
#3954=DIRECTION('',(-3.780087354242E-11,1.E0,-1.250555214937E-11));
#3955=VECTOR('',#3954,5.000000000002E-2);
#3956=CARTESIAN_POINT('',(1.144576868053E1,5.000000000018E-2,
-6.858054298684E0));
#3957=LINE('',#3956,#3955);
#3958=CARTESIAN_POINT('',(1.148887080450E1,5.000000000018E-2,
-6.847149749044E0));
#3959=CARTESIAN_POINT('',(1.148887080450E1,6.666671204618E-2,
-6.847149749044E0));
#3960=CARTESIAN_POINT('',(1.148867619650E1,8.333328795420E-2,
-6.847189002405E0));
#3961=CARTESIAN_POINT('',(1.148867619650E1,1.000000000002E-1,
-6.847189002405E0));
#3963=DIRECTION('',(9.999979515356E-1,0.E0,-2.024086126704E-3));
#3964=VECTOR('',#3963,4.864253802463E-2);
#3965=CARTESIAN_POINT('',(1.148867619650E1,1.000000000002E-1,
-6.847189002405E0));
#3966=LINE('',#3965,#3964);
#3967=CARTESIAN_POINT('',(1.153755520670E1,5.000000000018E-2,
-6.847327026465E0));
#3968=CARTESIAN_POINT('',(1.153755520670E1,6.666673671611E-2,
-6.847327026465E0));
#3969=CARTESIAN_POINT('',(1.153731863488E1,8.333326328427E-2,
-6.847287459091E0));
#3970=CARTESIAN_POINT('',(1.153731863488E1,1.000000000002E-1,
-6.847287459091E0));
#3972=DIRECTION('',(-9.237055564878E-11,1.E0,2.202682480855E-11));
#3973=VECTOR('',#3972,5.000000000002E-2);
#3974=CARTESIAN_POINT('',(1.161916993141E1,5.000000000018E-2,
-6.864318111694E0));
#3975=LINE('',#3974,#3973);
#3976=DIRECTION('',(2.295763579240E-10,1.E0,-1.126920778915E-10));
#3977=VECTOR('',#3976,5.000000000002E-2);
#3978=CARTESIAN_POINT('',(1.169616755600E1,5.000000000018E-2,
-6.896535383435E0));
#3979=LINE('',#3978,#3977);
#3980=DIRECTION('',(-2.118838438036E-10,1.E0,1.759303813741E-10));
#3981=VECTOR('',#3980,5.000000000002E-2);
#3982=CARTESIAN_POINT('',(1.176859141570E1,5.000000000018E-2,
-6.943892172518E0));
#3983=LINE('',#3982,#3981);
#3984=DIRECTION('',(5.652367462969E-11,1.E0,-9.197975714411E-11));
#3985=VECTOR('',#3984,5.000000000002E-2);
#3986=CARTESIAN_POINT('',(1.182717185452E1,5.000000000018E-2,
-7.002358365913E0));
#3987=LINE('',#3986,#3985);
#3988=DIRECTION('',(1.065814103640E-13,1.E0,1.280753281207E-11));
#3989=VECTOR('',#3988,5.000000000002E-2);
#3990=CARTESIAN_POINT('',(1.186229648084E1,5.000000000018E-2,
-7.067521717829E0));
#3991=LINE('',#3990,#3989);
#3992=DIRECTION('',(-7.531752999054E-12,1.E0,-8.476774837615E-11));
#3993=VECTOR('',#3992,5.000000000002E-2);
#3994=CARTESIAN_POINT('',(1.187799934778E1,5.000000000018E-2,
-5.524181248720E0));
#3995=LINE('',#3994,#3993);
#3996=DIRECTION('',(-8.904036737959E-2,0.E0,-9.960280181686E-1));
#3997=VECTOR('',#3996,3.990811928145E-2);
#3998=CARTESIAN_POINT('',(1.187799934778E1,1.000000000002E-1,
-5.524181248724E0));
#3999=LINE('',#3998,#3997);
#4000=DIRECTION('',(-2.490452288838E-11,1.E0,1.122657522501E-10));
#4001=VECTOR('',#4000,5.000000000002E-2);
#4002=CARTESIAN_POINT('',(1.187369740833E1,5.000000000018E-2,
-5.475225020101E0));
#4003=LINE('',#4002,#4001);
#4004=DIRECTION('',(9.094947017726E-12,1.E0,-1.186606368719E-11));
#4005=VECTOR('',#4004,5.000000000002E-2);
#4006=CARTESIAN_POINT('',(1.186078765055E1,5.000000000018E-2,
-5.428104601366E0));
#4007=LINE('',#4006,#4005);
#4008=DIRECTION('',(6.426859044948E-11,1.E0,-1.282707273730E-10));
#4009=VECTOR('',#4008,5.000000000002E-2);
#4010=CARTESIAN_POINT('',(1.183927007444E1,5.000000000018E-2,
-5.382717564328E0));
#4011=LINE('',#4010,#4009);
#4012=DIRECTION('',(-1.442046482225E-10,1.E0,1.568167817822E-10));
#4013=VECTOR('',#4012,5.000000000002E-2);
#4014=CARTESIAN_POINT('',(1.180859708874E1,5.000000000018E-2,
-5.340781534063E0));
#4015=LINE('',#4014,#4013);
#4016=DIRECTION('',(1.166711172118E-10,1.E0,-8.400391493520E-11));
#4017=VECTOR('',#4016,5.000000000002E-2);
#4018=CARTESIAN_POINT('',(1.176854808112E1,5.000000000018E-2,
-5.303813219357E0));
#4019=LINE('',#4018,#4017);
#4020=DIRECTION('',(-7.382539024544E-11,1.E0,3.931077685591E-11));
#4021=VECTOR('',#4020,5.000000000002E-2);
#4022=CARTESIAN_POINT('',(1.171903638239E1,5.000000000018E-2,
-5.271773225373E0));
#4023=LINE('',#4022,#4021);
#4024=DIRECTION('',(1.762145984684E-11,1.E0,-3.037570195373E-12));
#4025=VECTOR('',#4024,5.000000000002E-2);
#4026=CARTESIAN_POINT('',(1.166326087099E1,5.000000000018E-2,
-5.245961588647E0));
#4027=LINE('',#4026,#4025);
#4028=DIRECTION('',(1.779909553078E-11,1.E0,-3.090860900555E-12));
#4029=VECTOR('',#4028,5.000000000002E-2);
#4030=CARTESIAN_POINT('',(1.160414859891E1,5.000000000018E-2,
-5.227646830050E0));
#4031=LINE('',#4030,#4029);
#4032=CARTESIAN_POINT('',(1.154049936940E1,5.000000000018E-2,
-5.216527231610E0));
#4033=CARTESIAN_POINT('',(1.154049936940E1,6.666802843594E-2,
-5.216527231610E0));
#4034=CARTESIAN_POINT('',(1.154174290073E1,8.333197156444E-2,
-5.216793493825E0));
#4035=CARTESIAN_POINT('',(1.154174290073E1,1.000000000002E-1,
-5.216793493825E0));
#4037=CARTESIAN_POINT('',(1.148285328182E1,5.000000000018E-2,
-5.215412866474E0));
#4038=CARTESIAN_POINT('',(1.148285328182E1,6.666790290568E-2,
-5.215412866474E0));
#4039=CARTESIAN_POINT('',(1.148409218495E1,8.333209709470E-2,
-5.215146780947E0));
#4040=CARTESIAN_POINT('',(1.148409218495E1,1.000000000002E-1,
-5.215146780947E0));
#4042=DIRECTION('',(9.995923093882E-1,0.E0,-2.855197036867E-2));
#4043=VECTOR('',#4042,5.767422902142E-2);
#4044=CARTESIAN_POINT('',(1.148409218495E1,1.000000000002E-1,
-5.215146780947E0));
#4045=LINE('',#4044,#4043);
#4046=DIRECTION('',(4.828137889488E-11,1.E0,9.592326932758E-12));
#4047=VECTOR('',#4046,5.000000000002E-2);
#4048=CARTESIAN_POINT('',(1.143745632480E1,5.000000000018E-2,
-5.224262795369E0));
#4049=LINE('',#4048,#4047);
#4050=DIRECTION('',(-9.791278898770E-11,1.E0,-7.190692485889E-11));
#4051=VECTOR('',#4050,5.000000000002E-2);
#4052=CARTESIAN_POINT('',(1.140179986521E1,5.000000000018E-2,
-5.244137598011E0));
#4053=LINE('',#4052,#4051);
#4054=DIRECTION('',(1.065814103640E-10,1.E0,1.741184973979E-10));
#4055=VECTOR('',#4054,5.000000000002E-2);
#4056=CARTESIAN_POINT('',(1.137666188408E1,5.000000000018E-2,
-5.274385117036E0));
#4057=LINE('',#4056,#4055);
#4058=DIRECTION('',(-1.502797886132E-11,1.E0,-1.510969127593E-10));
#4059=VECTOR('',#4058,5.000000000002E-2);
#4060=CARTESIAN_POINT('',(1.136160903558E1,5.000000000018E-2,
-5.314638978991E0));
#4061=LINE('',#4060,#4059);
#4062=CARTESIAN_POINT('',(1.135680418321E1,5.000000000018E-2,
-5.363684942188E0));
#4063=CARTESIAN_POINT('',(1.135680418321E1,6.666799545856E-2,
-5.363684942188E0));
#4064=CARTESIAN_POINT('',(1.135660192486E1,8.333200454182E-2,
-5.364926759824E0));
#4065=CARTESIAN_POINT('',(1.135660192486E1,1.000000000002E-1,
-5.364926759824E0));
#4067=DIRECTION('',(3.066184780050E-3,9.999951866012E-1,-4.746423361974E-4));
#4068=VECTOR('',#4067,5.000024067112E-2);
#4069=CARTESIAN_POINT('',(1.135802038393E1,5.000000000018E-2,
-5.398359258848E0));
#4070=LINE('',#4069,#4068);
#4071=DIRECTION('',(-4.692810045541E-2,0.E0,9.988982697891E-1));
#4072=VECTOR('',#4071,3.349313165043E-2);
#4073=CARTESIAN_POINT('',(1.135817369390E1,1.000000000002E-1,
-5.398382991079E0));
#4074=LINE('',#4073,#4072);
#4075=DIRECTION('',(3.161915174131E-12,1.E0,-2.701838752727E-11));
#4076=VECTOR('',#4075,5.000000000002E-2);
#4077=CARTESIAN_POINT('',(1.136288543528E1,5.000000000018E-2,
-5.432800491141E0));
#4078=LINE('',#4077,#4076);
#4079=DIRECTION('',(-1.307043362430E-10,1.E0,5.772982092365E-10));
#4080=VECTOR('',#4079,5.000000000002E-2);
#4081=CARTESIAN_POINT('',(1.137073292918E1,5.000000000018E-2,
-5.468220580423E0));
#4082=LINE('',#4081,#4080);
#4083=DIRECTION('',(2.252775743726E-10,1.E0,-6.563283250213E-10));
#4084=VECTOR('',#4083,5.000000000002E-2);
#4085=CARTESIAN_POINT('',(1.138061714720E1,5.000000000018E-2,
-5.502474576294E0));
#4086=LINE('',#4085,#4084);
#4087=DIRECTION('',(3.048228336410E-11,1.E0,-1.118927173138E-10));
#4088=VECTOR('',#4087,5.000000000002E-2);
#4089=CARTESIAN_POINT('',(1.139178564375E1,5.000000000018E-2,
-5.533699092623E0));
#4090=LINE('',#4089,#4088);
#4091=DIRECTION('',(-2.337685600650E-11,1.E0,1.012523398458E-11));
#4092=VECTOR('',#4091,5.000000000002E-2);
#4093=CARTESIAN_POINT('',(1.140423447945E1,5.000000000018E-2,
-5.561838976705E0));
#4094=LINE('',#4093,#4092);
#4095=DIRECTION('',(0.E0,1.E0,2.646771690705E-12));
#4096=VECTOR('',#4095,5.000000000002E-2);
#4097=CARTESIAN_POINT('',(1.151556488991E1,5.000000000018E-2,
-5.597263005367E0));
#4098=LINE('',#4097,#4096);
#4099=DIRECTION('',(0.E0,1.E0,1.509903313490E-12));
#4100=VECTOR('',#4099,5.000000000002E-2);
#4101=CARTESIAN_POINT('',(1.151556488991E1,5.000000000018E-2,
-5.406011857401E0));
#4102=LINE('',#4101,#4100);
#4103=DIRECTION('',(-7.430467668479E-14,0.E0,-1.E0));
#4104=VECTOR('',#4103,1.912511479659E-1);
#4105=CARTESIAN_POINT('',(1.151556488991E1,1.000000000002E-1,
-5.406011857401E0));
#4106=LINE('',#4105,#4104);
#4107=DIRECTION('',(0.E0,1.E0,1.545430450278E-12));
#4108=VECTOR('',#4107,5.000000000002E-2);
#4109=CARTESIAN_POINT('',(1.164085296669E1,5.000000000018E-2,
-5.446119957615E0));
#4110=LINE('',#4109,#4108);
#4111=DIRECTION('',(7.105427357598E-14,1.E0,7.887024366934E-12));
#4112=VECTOR('',#4111,5.000000000002E-2);
#4113=CARTESIAN_POINT('',(1.164085296669E1,5.000000000018E-2,
-5.781521532223E0));
#4114=LINE('',#4113,#4112);
#4115=DIRECTION('',(2.277369871732E-13,0.E0,1.E0));
#4116=VECTOR('',#4115,3.354015746073E-1);
#4117=CARTESIAN_POINT('',(1.164085296669E1,1.000000000002E-1,
-5.781521532222E0));
#4118=LINE('',#4117,#4116);
#4119=DIRECTION('',(1.705302565824E-12,1.E0,7.318590178326E-12));
#4120=VECTOR('',#4119,5.000000000002E-2);
#4121=CARTESIAN_POINT('',(1.131925541747E1,5.000000000018E-2,
-5.678180437646E0));
#4122=LINE('',#4121,#4120);
#4123=DIRECTION('',(-2.021494083237E-11,1.E0,4.847677814721E-11));
#4124=VECTOR('',#4123,5.000000000002E-2);
#4125=CARTESIAN_POINT('',(1.129506291770E1,5.000000000018E-2,
-5.632915525525E0));
#4126=LINE('',#4125,#4124);
#4127=DIRECTION('',(-2.496847173460E-10,1.E0,5.884004394827E-10));
#4128=VECTOR('',#4127,5.000000000002E-2);
#4129=CARTESIAN_POINT('',(1.127342321670E1,5.000000000018E-2,
-5.581997423741E0));
#4130=LINE('',#4129,#4128);
#4131=DIRECTION('',(3.538147552716E-10,1.E0,-1.201527766170E-9));
#4132=VECTOR('',#4131,5.000000000002E-2);
#4133=CARTESIAN_POINT('',(1.125434813364E1,5.000000000018E-2,
-5.525422192637E0));
#4134=LINE('',#4133,#4132);
#4135=DIRECTION('',(-8.203215884347E-11,1.E0,5.580069739606E-10));
#4136=VECTOR('',#4135,5.000000000002E-2);
#4137=CARTESIAN_POINT('',(1.123963408265E1,5.000000000018E-2,
-5.466022336516E0));
#4138=LINE('',#4137,#4136);
#4139=CARTESIAN_POINT('',(1.123039628940E1,5.000000000018E-2,
-5.405345715440E0));
#4140=CARTESIAN_POINT('',(1.123039628940E1,6.666793894826E-2,
-5.405345715440E0));
#4141=CARTESIAN_POINT('',(1.123078201482E1,8.333206105212E-2,
-5.406539750926E0));
#4142=CARTESIAN_POINT('',(1.123078201482E1,1.000000000002E-1,
-5.406539750926E0));
#4144=CARTESIAN_POINT('',(1.122812033516E1,5.000000000018E-2,
-5.346351527454E0));
#4145=CARTESIAN_POINT('',(1.122812033516E1,6.666774300227E-2,
-5.346351527454E0));
#4146=CARTESIAN_POINT('',(1.122782344682E1,8.333225699811E-2,
-5.346935040725E0));
#4147=CARTESIAN_POINT('',(1.122782344682E1,1.000000000002E-1,
-5.346935040725E0));
#4149=DIRECTION('',(4.957544603189E-2,0.E0,-9.987703815947E-1));
#4150=VECTOR('',#4149,5.967809148080E-2);
#4151=CARTESIAN_POINT('',(1.122782344682E1,1.000000000002E-1,
-5.346935040725E0));
#4152=LINE('',#4151,#4150);
#4153=DIRECTION('',(4.707345624409E-11,1.E0,1.730171561575E-10));
#4154=VECTOR('',#4153,5.000000000002E-2);
#4155=CARTESIAN_POINT('',(1.123480424934E1,5.000000000018E-2,
-5.262259320868E0));
#4156=LINE('',#4155,#4154);
#4157=DIRECTION('',(-6.892264536870E-12,1.E0,-4.281019982953E-12));
#4158=VECTOR('',#4157,5.000000000002E-2);
#4159=CARTESIAN_POINT('',(1.125574271852E1,5.000000000018E-2,
-5.193518898501E0));
#4160=LINE('',#4159,#4158);
#4161=DIRECTION('',(-3.979039320255E-12,1.E0,1.065814103640E-13));
#4162=VECTOR('',#4161,5.000000000002E-2);
#4163=CARTESIAN_POINT('',(1.129063885333E1,5.000000000018E-2,
-5.140670439103E0));
#4164=LINE('',#4163,#4162);
#4165=DIRECTION('',(-3.510081114653E-11,1.E0,-2.295053036504E-11));
#4166=VECTOR('',#4165,5.000000000002E-2);
#4167=CARTESIAN_POINT('',(1.135647586052E1,5.000000000018E-2,
-5.091832395975E0));
#4168=LINE('',#4167,#4166);
#4169=DIRECTION('',(4.270361841916E-11,1.E0,0.E0));
#4170=VECTOR('',#4169,5.000000000002E-2);
#4171=CARTESIAN_POINT('',(1.143961554568E1,5.000000000018E-2,
-5.067280933459E0));
#4172=LINE('',#4171,#4170);
#4173=DIRECTION('',(3.048228336410E-11,1.E0,-1.776356839400E-14));
#4174=VECTOR('',#4173,5.000000000002E-2);
#4175=CARTESIAN_POINT('',(1.153984712056E1,5.000000000018E-2,
-5.067210878398E0));
#4176=LINE('',#4175,#4174);
#4177=DIRECTION('',(-9.999997557471E-1,0.E0,-6.989318872969E-4));
#4178=VECTOR('',#4177,1.002315993618E-1);
#4179=CARTESIAN_POINT('',(1.153984712056E1,1.000000000002E-1,
-5.067210878398E0));
#4180=LINE('',#4179,#4178);
#4181=DIRECTION('',(-4.888534022028E-11,1.E0,1.413980044162E-11));
#4182=VECTOR('',#4181,5.000000000002E-2);
#4183=CARTESIAN_POINT('',(1.161155092869E1,5.000000000018E-2,
-5.080021760141E0));
#4184=LINE('',#4183,#4182);
#4185=DIRECTION('',(4.646949491869E-11,1.E0,-1.623590151211E-11));
#4186=VECTOR('',#4185,5.000000000002E-2);
#4187=CARTESIAN_POINT('',(1.168139441241E1,5.000000000018E-2,
-5.102276023853E0));
#4188=LINE('',#4187,#4186);
#4189=DIRECTION('',(-8.391509709323E-11,1.E0,4.463984737411E-11));
#4190=VECTOR('',#4189,5.000000000002E-2);
#4191=CARTESIAN_POINT('',(1.174922086974E1,5.000000000018E-2,
-5.133953583164E0));
#4192=LINE('',#4191,#4190);
#4193=DIRECTION('',(-1.515942926744E-10,1.E0,8.826717134976E-11));
#4194=VECTOR('',#4193,5.000000000002E-2);
#4195=CARTESIAN_POINT('',(1.182362236067E1,5.000000000018E-2,
-5.181984027848E0));
#4196=LINE('',#4195,#4194);
#4197=DIRECTION('',(2.070521532004E-10,1.E0,-2.360600603878E-10));
#4198=VECTOR('',#4197,5.000000000002E-2);
#4199=CARTESIAN_POINT('',(1.188596108741E1,5.000000000018E-2,
-5.238358344262E0));
#4200=LINE('',#4199,#4198);
#4201=DIRECTION('',(-1.133315663537E-11,1.E0,4.503064587878E-11));
#4202=VECTOR('',#4201,5.000000000002E-2);
#4203=CARTESIAN_POINT('',(1.193628432401E1,5.000000000018E-2,
-5.303119866345E0));
#4204=LINE('',#4203,#4202);
#4205=DIRECTION('',(-4.188649427304E-11,1.E0,1.045563635671E-10));
#4206=VECTOR('',#4205,5.000000000002E-2);
#4207=CARTESIAN_POINT('',(1.197322506213E1,5.000000000018E-2,
-5.375043408783E0));
#4208=LINE('',#4207,#4206);
#4209=DIRECTION('',(2.202682480855E-12,1.E0,-5.025313498661E-11));
#4210=VECTOR('',#4209,5.000000000002E-2);
#4211=CARTESIAN_POINT('',(1.199538871692E1,5.000000000018E-2,
-5.452844692385E0));
#4212=LINE('',#4211,#4210);
#4213=DIRECTION('',(2.984279490191E-12,1.E0,-5.918820988879E-11));
#4214=VECTOR('',#4213,5.000000000002E-2);
#4215=CARTESIAN_POINT('',(1.200277528871E1,5.000000000018E-2,
-5.536480383234E0));
#4216=LINE('',#4215,#4214);
#4217=DIRECTION('',(1.016076112137E-11,1.E0,2.579270130808E-11));
#4218=VECTOR('',#4217,5.000000000002E-2);
#4219=CARTESIAN_POINT('',(1.199607813052E1,5.000000000018E-2,
-5.616594156159E0));
#4220=LINE('',#4219,#4218);
#4221=DIRECTION('',(7.212008767962E-12,1.E0,1.605826582817E-11));
#4222=VECTOR('',#4221,5.000000000002E-2);
#4223=CARTESIAN_POINT('',(1.197596301812E1,5.000000000018E-2,
-5.683809990220E0));
#4224=LINE('',#4223,#4222);
#4225=DIRECTION('',(-2.138733634637E-11,1.E0,-3.019806626979E-11));
#4226=VECTOR('',#4225,5.000000000002E-2);
#4227=CARTESIAN_POINT('',(1.194239449609E1,5.000000000018E-2,
-5.738123945331E0));
#4228=LINE('',#4227,#4226);
#4229=DIRECTION('',(4.135358722122E-11,1.E0,2.559730205575E-11));
#4230=VECTOR('',#4229,5.000000000002E-2);
#4231=CARTESIAN_POINT('',(1.189609743379E1,5.000000000018E-2,
-5.779323288322E0));
#4232=LINE('',#4231,#4230);
#4233=DIRECTION('',(-2.021494083237E-11,1.E0,-3.979039320255E-12));
#4234=VECTOR('',#4233,5.000000000002E-2);
#4235=CARTESIAN_POINT('',(1.183751305522E1,5.000000000018E-2,
-5.807478930366E0));
#4236=LINE('',#4235,#4234);
#4237=DIRECTION('',(-1.087130385713E-11,1.E0,-1.989519660127E-12));
#4238=VECTOR('',#4237,5.000000000002E-2);
#4239=CARTESIAN_POINT('',(1.176666893731E1,5.000000000018E-2,
-5.822559355458E0));
#4240=LINE('',#4239,#4238);
#4241=DIRECTION('',(-1.080024958355E-11,1.E0,-2.913225216615E-12));
#4242=VECTOR('',#4241,5.000000000002E-2);
#4243=CARTESIAN_POINT('',(1.175027271735E1,5.000000000018E-2,
-5.677124650281E0));
#4244=LINE('',#4243,#4242);
#4245=DIRECTION('',(-2.344791028007E-11,1.E0,-6.465938895414E-12));
#4246=VECTOR('',#4245,5.000000000002E-2);
#4247=CARTESIAN_POINT('',(1.178905714386E1,5.000000000018E-2,
-5.666192524058E0));
#4248=LINE('',#4247,#4246);
#4249=DIRECTION('',(-1.090683099391E-11,1.E0,1.243449787580E-13));
#4250=VECTOR('',#4249,5.000000000002E-2);
#4251=CARTESIAN_POINT('',(1.182094349726E1,5.000000000018E-2,
-5.649406293166E0));
#4252=LINE('',#4251,#4250);
#4253=DIRECTION('',(2.319922032256E-11,1.E0,3.115729896307E-11));
#4254=VECTOR('',#4253,5.000000000002E-2);
#4255=CARTESIAN_POINT('',(1.184589238238E1,5.000000000018E-2,
-5.626687167946E0));
#4256=LINE('',#4255,#4254);
#4257=DIRECTION('',(1.918465386552E-12,1.E0,-2.842170943039E-12));
#4258=VECTOR('',#4257,5.000000000002E-2);
#4259=CARTESIAN_POINT('',(1.186375803713E1,5.000000000018E-2,
-5.598074543560E0));
#4260=LINE('',#4259,#4258);
#4261=DIRECTION('',(-1.136868377216E-12,1.E0,-1.271871497010E-11));
#4262=VECTOR('',#4261,5.000000000002E-2);
#4263=CARTESIAN_POINT('',(1.187444591418E1,5.000000000018E-2,
-5.563930853680E0));
#4264=LINE('',#4263,#4262);
#4265=DIRECTION('',(-8.753586648175E-2,0.E0,9.961613684937E-1));
#4266=VECTOR('',#4265,4.914487770480E-2);
#4267=CARTESIAN_POINT('',(1.187799934778E1,1.000000000002E-1,
-5.524181248724E0));
#4268=LINE('',#4267,#4266);
#4269=DIRECTION('',(-2.642361754900E-1,0.E0,9.644580050798E-1));
#4270=VECTOR('',#4269,4.885689006718E-2);
#4271=CARTESIAN_POINT('',(1.187369740833E1,1.000000000002E-1,
-5.475225020095E0));
#4272=LINE('',#4271,#4270);
#4273=DIRECTION('',(-4.283863765154E-1,0.E0,9.035956575903E-1));
#4274=VECTOR('',#4273,5.022936603417E-2);
#4275=CARTESIAN_POINT('',(1.186078765055E1,1.000000000002E-1,
-5.428104601366E0));
#4276=LINE('',#4275,#4274);
#4277=DIRECTION('',(-5.903606302982E-1,0.E0,8.071395952337E-1));
#4278=VECTOR('',#4277,5.195635368066E-2);
#4279=CARTESIAN_POINT('',(1.183927007444E1,1.000000000002E-1,
-5.382717564334E0));
#4280=LINE('',#4279,#4278);
#4281=DIRECTION('',(-7.348034448420E-1,0.E0,6.782801025007E-1));
#4282=VECTOR('',#4281,5.450302103352E-2);
#4283=CARTESIAN_POINT('',(1.180859708873E1,1.000000000002E-1,
-5.340781534055E0));
#4284=LINE('',#4283,#4282);
#4285=DIRECTION('',(-8.395468585557E-1,0.E0,5.432872833862E-1));
#4286=VECTOR('',#4285,5.897431243108E-2);
#4287=CARTESIAN_POINT('',(1.176854808112E1,1.000000000002E-1,
-5.303813219362E0));
#4288=LINE('',#4287,#4286);
#4289=DIRECTION('',(-9.075311587541E-1,0.E0,4.199847567358E-1));
#4290=VECTOR('',#4289,6.145850845755E-2);
#4291=CARTESIAN_POINT('',(1.171903638239E1,1.000000000002E-1,
-5.271773225371E0));
#4292=LINE('',#4291,#4290);
#4293=DIRECTION('',(-9.552032251803E-1,0.E0,2.959506692087E-1));
#4294=VECTOR('',#4293,6.188449800253E-2);
#4295=CARTESIAN_POINT('',(1.166326087099E1,1.000000000002E-1,
-5.245961588647E0));
#4296=LINE('',#4295,#4294);
#4297=DIRECTION('',(-9.852112982388E-1,0.E0,1.713438000707E-1));
#4298=VECTOR('',#4297,6.334245079499E-2);
#4299=CARTESIAN_POINT('',(1.160414859891E1,1.000000000002E-1,
-5.227646830050E0));
#4300=LINE('',#4299,#4298);
#4301=DIRECTION('',(-9.814259233091E-1,0.E0,-1.918414894041E-1));
#4302=VECTOR('',#4301,4.751847189124E-2);
#4303=CARTESIAN_POINT('',(1.148409218495E1,1.000000000002E-1,
-5.215146780947E0));
#4304=LINE('',#4303,#4302);
#4305=DIRECTION('',(-8.734735881943E-1,0.E0,-4.868715341104E-1));
#4306=VECTOR('',#4305,4.082145135497E-2);
#4307=CARTESIAN_POINT('',(1.143745632480E1,1.000000000002E-1,
-5.224262795369E0));
#4308=LINE('',#4307,#4306);
#4309=DIRECTION('',(-6.391591818268E-1,0.E0,-7.690744699224E-1));
#4310=VECTOR('',#4309,3.932976609622E-2);
#4311=CARTESIAN_POINT('',(1.140179986521E1,1.000000000002E-1,
-5.244137598014E0));
#4312=LINE('',#4311,#4310);
#4313=DIRECTION('',(-3.502593615846E-1,0.E0,-9.366527529572E-1));
#4314=VECTOR('',#4313,4.297629174178E-2);
#4315=CARTESIAN_POINT('',(1.137666188409E1,1.000000000002E-1,
-5.274385117027E0));
#4316=LINE('',#4315,#4314);
#4317=DIRECTION('',(-9.907920776665E-2,0.E0,-9.950795498795E-1));
#4318=VECTOR('',#4317,5.053644287118E-2);
#4319=CARTESIAN_POINT('',(1.136160903558E1,1.000000000002E-1,
-5.314638978999E0));
#4320=LINE('',#4319,#4318);
#4321=DIRECTION('',(1.356344854498E-1,0.E0,-9.907589446262E-1));
#4322=VECTOR('',#4321,3.473852065652E-2);
#4323=CARTESIAN_POINT('',(1.135817369390E1,1.000000000002E-1,
-5.398382991079E0));
#4324=LINE('',#4323,#4322);
#4325=DIRECTION('',(2.163095389687E-1,0.E0,-9.763248349556E-1));
#4326=VECTOR('',#4325,3.627900057774E-2);
#4327=CARTESIAN_POINT('',(1.136288543528E1,1.000000000002E-1,
-5.432800491143E0));
#4328=LINE('',#4327,#4326);
#4329=DIRECTION('',(2.772450064063E-1,0.E0,-9.607992539666E-1));
#4330=VECTOR('',#4329,3.565156383256E-2);
#4331=CARTESIAN_POINT('',(1.137073292917E1,1.000000000002E-1,
-5.468220580394E0));
#4332=LINE('',#4331,#4330);
#4333=DIRECTION('',(3.367878917568E-1,0.E0,-9.415805414122E-1));
#4334=VECTOR('',#4333,3.316181136743E-2);
#4335=CARTESIAN_POINT('',(1.138061714721E1,1.000000000002E-1,
-5.502474576327E0));
#4336=LINE('',#4335,#4334);
#4337=DIRECTION('',(4.045698487522E-1,0.E0,-9.145071008366E-1));
#4338=VECTOR('',#4337,3.077054738064E-2);
#4339=CARTESIAN_POINT('',(1.139178564375E1,1.000000000002E-1,
-5.533699092629E0));
#4340=LINE('',#4339,#4338);
#4341=DIRECTION('',(9.529240086728E-1,0.E0,-3.032092242908E-1));
#4342=VECTOR('',#4341,1.168303132756E-1);
#4343=CARTESIAN_POINT('',(1.140423447945E1,1.000000000002E-1,
-5.561838976705E0));
#4344=LINE('',#4343,#4342);
#4345=DIRECTION('',(9.523890220788E-1,0.E0,-3.048854713230E-1));
#4346=VECTOR('',#4345,1.315513659602E-1);
#4347=CARTESIAN_POINT('',(1.151556488991E1,1.000000000002E-1,
-5.406011857401E0));
#4348=LINE('',#4347,#4346);
#4349=DIRECTION('',(-9.520540401063E-1,0.E0,3.059299016396E-1));
#4350=VECTOR('',#4349,3.377933769216E-1);
#4351=CARTESIAN_POINT('',(1.164085296669E1,1.000000000002E-1,
-5.781521532222E0));
#4352=LINE('',#4351,#4350);
#4353=DIRECTION('',(-4.713649150808E-1,0.E0,8.819382726874E-1));
#4354=VECTOR('',#4353,5.132435401125E-2);
#4355=CARTESIAN_POINT('',(1.131925541747E1,1.000000000002E-1,
-5.678180437646E0));
#4356=LINE('',#4355,#4354);
#4357=DIRECTION('',(-3.911331040546E-1,0.E0,9.203341213454E-1));
#4358=VECTOR('',#4357,5.532566991759E-2);
#4359=CARTESIAN_POINT('',(1.129506291770E1,1.000000000002E-1,
-5.632915525523E0));
#4360=LINE('',#4359,#4358);
#4361=DIRECTION('',(-3.194920736462E-1,0.E0,9.475889482667E-1));
#4362=VECTOR('',#4361,5.970440148883E-2);
#4363=CARTESIAN_POINT('',(1.127342321669E1,1.000000000002E-1,
-5.581997423711E0));
#4364=LINE('',#4363,#4362);
#4365=DIRECTION('',(-2.404447303051E-1,0.E0,9.706628310946E-1));
#4366=VECTOR('',#4365,6.119514862036E-2);
#4367=CARTESIAN_POINT('',(1.125434813365E1,1.000000000002E-1,
-5.525422192697E0));
#4368=LINE('',#4367,#4366);
#4369=DIRECTION('',(-1.471967669769E-1,0.E0,9.891072296731E-1));
#4370=VECTOR('',#4369,6.013765118468E-2);
#4371=CARTESIAN_POINT('',(1.123963408265E1,1.000000000002E-1,
-5.466022336488E0));
#4372=LINE('',#4371,#4370);
#4373=DIRECTION('',(8.216286624301E-2,0.E0,9.966189158403E-1));
#4374=VECTOR('',#4373,8.496298687420E-2);
#4375=CARTESIAN_POINT('',(1.122782344682E1,1.000000000002E-1,
-5.346935040725E0));
#4376=LINE('',#4375,#4374);
#4377=DIRECTION('',(2.913841274928E-1,0.E0,9.566061311978E-1));
#4378=VECTOR('',#4377,7.185864706101E-2);
#4379=CARTESIAN_POINT('',(1.123480424934E1,1.000000000002E-1,
-5.262259320860E0));
#4380=LINE('',#4379,#4378);
#4381=DIRECTION('',(5.510198487109E-1,0.E0,8.344921367674E-1));
#4382=VECTOR('',#4381,6.333008673181E-2);
#4383=CARTESIAN_POINT('',(1.125574271852E1,1.000000000002E-1,
-5.193518898502E0));
#4384=LINE('',#4383,#4382);
#4385=DIRECTION('',(8.031492126135E-1,0.E0,5.957779303384E-1));
#4386=VECTOR('',#4385,8.197356874178E-2);
#4387=CARTESIAN_POINT('',(1.129063885333E1,1.000000000002E-1,
-5.140670439103E0));
#4388=LINE('',#4387,#4386);
#4389=DIRECTION('',(9.590569920152E-1,0.E0,2.832131459991E-1));
#4390=VECTOR('',#4389,8.668899330275E-2);
#4391=CARTESIAN_POINT('',(1.135647586052E1,1.000000000002E-1,
-5.091832395976E0));
#4392=LINE('',#4391,#4390);
#4393=DIRECTION('',(9.844118191585E-1,0.E0,-1.758788512047E-1));
#4394=VECTOR('',#4393,7.283923936668E-2);
#4395=CARTESIAN_POINT('',(1.153984712056E1,1.000000000002E-1,
-5.067210878398E0));
#4396=LINE('',#4395,#4394);
#4397=DIRECTION('',(9.528021833505E-1,0.E0,-3.035918302630E-1));
#4398=VECTOR('',#4397,7.330323643574E-2);
#4399=CARTESIAN_POINT('',(1.161155092869E1,1.000000000002E-1,
-5.080021760141E0));
#4400=LINE('',#4399,#4398);
#4401=DIRECTION('',(9.060540321804E-1,0.E0,-4.231620148E-1));
#4402=VECTOR('',#4401,7.485917497139E-2);
#4403=CARTESIAN_POINT('',(1.168139441241E1,1.000000000002E-1,
-5.102276023854E0));
#4404=LINE('',#4403,#4402);
#4405=DIRECTION('',(8.401449540272E-1,0.E0,-5.423619236475E-1));
#4406=VECTOR('',#4405,8.855792154272E-2);
#4407=CARTESIAN_POINT('',(1.174922086974E1,1.000000000002E-1,
-5.133953583161E0));
#4408=LINE('',#4407,#4406);
#4409=DIRECTION('',(7.416978786029E-1,0.E0,-6.707341178708E-1));
#4410=VECTOR('',#4409,8.404867879554E-2);
#4411=CARTESIAN_POINT('',(1.182362236066E1,1.000000000002E-1,
-5.181984027844E0));
#4412=LINE('',#4411,#4410);
#4413=DIRECTION('',(6.135847324779E-1,0.E0,-7.896288850277E-1));
#4414=VECTOR('',#4413,8.201513812019E-2);
#4415=CARTESIAN_POINT('',(1.188596108742E1,1.000000000002E-1,
-5.238358344274E0));
#4416=LINE('',#4415,#4414);
#4417=DIRECTION('',(4.568734579691E-1,0.E0,-8.895316989311E-1));
#4418=VECTOR('',#4417,8.085551366159E-2);
#4419=CARTESIAN_POINT('',(1.193628432401E1,1.000000000002E-1,
-5.303119866343E0));
#4420=LINE('',#4419,#4418);
#4421=DIRECTION('',(2.739749532445E-1,0.E0,-9.617368273050E-1));
#4422=VECTOR('',#4421,8.089664594308E-2);
#4423=CARTESIAN_POINT('',(1.197322506213E1,1.000000000002E-1,
-5.375043408778E0));
#4424=LINE('',#4423,#4422);
#4425=DIRECTION('',(8.797597054997E-2,0.E0,-9.961225971766E-1));
#4426=VECTOR('',#4425,8.396124240780E-2);
#4427=CARTESIAN_POINT('',(1.199538871692E1,1.000000000002E-1,
-5.452844692387E0));
#4428=LINE('',#4427,#4426);
#4429=DIRECTION('',(-8.330502066084E-2,0.E0,-9.965240958114E-1));
#4430=VECTOR('',#4429,8.039321202391E-2);
#4431=CARTESIAN_POINT('',(1.200277528871E1,1.000000000002E-1,
-5.536480383237E0));
#4432=LINE('',#4431,#4430);
#4433=DIRECTION('',(-2.866987525939E-1,0.E0,-9.580207854014E-1));
#4434=VECTOR('',#4433,7.016114377242E-2);
#4435=CARTESIAN_POINT('',(1.199607813052E1,1.000000000002E-1,
-5.616594156158E0));
#4436=LINE('',#4435,#4434);
#4437=DIRECTION('',(-5.257384978232E-1,0.E0,-8.506462436916E-1));
#4438=VECTOR('',#4437,6.385022624311E-2);
#4439=CARTESIAN_POINT('',(1.197596301812E1,1.000000000002E-1,
-5.683809990220E0));
#4440=LINE('',#4439,#4438);
#4441=DIRECTION('',(-7.470374444029E-1,0.E0,-6.647819617438E-1));
#4442=VECTOR('',#4441,6.197421915686E-2);
#4443=CARTESIAN_POINT('',(1.194239449609E1,1.000000000002E-1,
-5.738123945332E0));
#4444=LINE('',#4443,#4442);
#4445=DIRECTION('',(-9.013120418809E-1,0.E0,-4.331704089159E-1));
#4446=VECTOR('',#4445,6.499899685191E-2);
#4447=CARTESIAN_POINT('',(1.189609743379E1,1.000000000002E-1,
-5.779323288321E0));
#4448=LINE('',#4447,#4446);
#4449=DIRECTION('',(-9.780856665239E-1,0.E0,-2.082028552648E-1));
#4450=VECTOR('',#4449,7.243140384612E-2);
#4451=CARTESIAN_POINT('',(1.183751305522E1,1.000000000002E-1,
-5.807478930366E0));
#4452=LINE('',#4451,#4450);
#4453=DIRECTION('',(-1.120296799726E-1,0.E0,9.937048610152E-1));
#4454=VECTOR('',#4453,1.463560367693E-1);
#4455=CARTESIAN_POINT('',(1.176666893731E1,1.000000000002E-1,
-5.822559355458E0));
#4456=LINE('',#4455,#4454);
#4457=DIRECTION('',(9.624955087605E-1,0.E0,2.712976144678E-1));
#4458=VECTOR('',#4457,4.029569609175E-2);
#4459=CARTESIAN_POINT('',(1.175027271735E1,1.000000000002E-1,
-5.677124650281E0));
#4460=LINE('',#4459,#4458);
#4461=DIRECTION('',(8.848731589739E-1,0.E0,4.658320432598E-1));
#4462=VECTOR('',#4461,3.603494249677E-2);
#4463=CARTESIAN_POINT('',(1.178905714386E1,1.000000000002E-1,
-5.666192524058E0));
#4464=LINE('',#4463,#4462);
#4465=DIRECTION('',(7.393745554648E-1,0.E0,6.732943388528E-1));
#4466=VECTOR('',#4465,3.374322924007E-2);
#4467=CARTESIAN_POINT('',(1.182094349726E1,1.000000000002E-1,
-5.649406293166E0));
#4468=LINE('',#4467,#4466);
#4469=DIRECTION('',(5.296314654557E-1,0.E0,8.482278649038E-1));
#4470=VECTOR('',#4469,3.373223819665E-2);
#4471=CARTESIAN_POINT('',(1.184589238238E1,1.000000000002E-1,
-5.626687167944E0));
#4472=LINE('',#4471,#4470);
#4473=DIRECTION('',(2.987326459979E-1,0.E0,9.543368410656E-1));
#4474=VECTOR('',#4473,3.577739893356E-2);
#4475=CARTESIAN_POINT('',(1.186375803713E1,1.000000000002E-1,
-5.598074543560E0));
#4476=LINE('',#4475,#4474);
#4477=DIRECTION('',(0.E0,1.E0,0.E0));
#4478=VECTOR('',#4477,5.000000000002E-2);
#4479=CARTESIAN_POINT('',(1.124055986626E1,5.000000000018E-2,
-2.909380484579E0));
#4480=LINE('',#4479,#4478);
#4481=DIRECTION('',(1.E0,0.E0,0.E0));
#4482=VECTOR('',#4481,7.480180294595E-1);
#4483=CARTESIAN_POINT('',(1.124055986626E1,1.000000000002E-1,
-2.909380484579E0));
#4484=LINE('',#4483,#4482);
#4485=DIRECTION('',(0.E0,1.E0,0.E0));
#4486=VECTOR('',#4485,5.000000000002E-2);
#4487=CARTESIAN_POINT('',(1.124055986626E1,5.000000000018E-2,
-1.415007861405E0));
#4488=LINE('',#4487,#4486);
#4489=DIRECTION('',(0.E0,0.E0,-1.E0));
#4490=VECTOR('',#4489,1.494372623174E0);
#4491=CARTESIAN_POINT('',(1.124055986626E1,1.000000000002E-1,
-1.415007861405E0));
#4492=LINE('',#4491,#4490);
#4493=DIRECTION('',(1.925570813909E-11,1.E0,0.E0));
#4494=VECTOR('',#4493,5.000000000002E-2);
#4495=CARTESIAN_POINT('',(1.198857789572E1,5.000000000018E-2,
-1.415007861406E0));
#4496=LINE('',#4495,#4494);
#4497=DIRECTION('',(-1.E0,0.E0,6.572124413354E-13));
#4498=VECTOR('',#4497,7.480180294596E-1);
#4499=CARTESIAN_POINT('',(1.198857789572E1,1.000000000002E-1,
-1.415007861406E0));
#4500=LINE('',#4499,#4498);
#4501=DIRECTION('',(4.689582056015E-12,1.E0,1.454836251468E-11));
#4502=VECTOR('',#4501,5.000000000002E-2);
#4503=CARTESIAN_POINT('',(1.273577180289E1,5.000000000018E-2,
-2.162186577408E0));
#4504=LINE('',#4503,#4502);
#4505=DIRECTION('',(-9.805489753485E-12,1.E0,0.E0));
#4506=VECTOR('',#4505,5.000000000002E-2);
#4507=CARTESIAN_POINT('',(1.198857789572E1,5.000000000018E-2,
-2.909380484579E0));
#4508=LINE('',#4507,#4506);
#4509=DIRECTION('',(7.071139693033E-1,0.E0,-7.070995929967E-1));
#4510=VECTOR('',#4509,1.056681015520E0);
#4511=CARTESIAN_POINT('',(1.198857789572E1,1.000000000002E-1,
-1.415007861406E0));
#4512=LINE('',#4511,#4510);
#4513=DIRECTION('',(-7.071067811863E-1,0.E0,-7.071067811868E-1));
#4514=VECTOR('',#4513,1.056691757245E0);
#4515=CARTESIAN_POINT('',(1.273577180289E1,1.000000000002E-1,
-2.162186577407E0));
#4516=LINE('',#4515,#4514);
#4517=DIRECTION('',(7.061975263372E-1,0.E0,-7.080148683434E-1));
#4518=VECTOR('',#4517,9.969412469637E-1);
#4519=CARTESIAN_POINT('',(1.128458381615E1,1.000000000002E-1,
-2.162194172700E0));
#4520=LINE('',#4519,#4518);
#4521=DIRECTION('',(-7.061975263389E-1,0.E0,-7.080148683416E-1));
#4522=VECTOR('',#4521,9.969412469608E-1);
#4523=CARTESIAN_POINT('',(1.198862125866E1,1.000000000002E-1,
-1.456344946989E0));
#4524=LINE('',#4523,#4522);
#4525=DIRECTION('',(0.E0,1.E0,-5.480060849548E-12));
#4526=VECTOR('',#4525,5.000000000002E-2);
#4527=CARTESIAN_POINT('',(1.198862125866E1,5.000000000018E-2,
-2.868043398415E0));
#4528=LINE('',#4527,#4526);
#4529=DIRECTION('',(-7.061975263372E-1,0.E0,7.080148683434E-1));
#4530=VECTOR('',#4529,9.969412469638E-1);
#4531=CARTESIAN_POINT('',(1.198862125866E1,5.000000000018E-2,
-2.868043398415E0));
#4532=LINE('',#4531,#4530);
#4533=DIRECTION('',(7.061975263389E-1,0.E0,7.080148683416E-1));
#4534=VECTOR('',#4533,9.969412469610E-1);
#4535=CARTESIAN_POINT('',(1.128458381615E1,5.000000000018E-2,
-2.162194172700E0));
#4536=LINE('',#4535,#4534);
#4537=DIRECTION('',(1.698720949057E-13,0.E0,-1.E0));
#4538=VECTOR('',#4537,1.411698451427E0);
#4539=CARTESIAN_POINT('',(1.198862125866E1,5.000000000018E-2,
-1.456344946988E0));
#4540=LINE('',#4539,#4538);
#4541=DIRECTION('',(2.700062395887E-12,1.E0,-8.162359677041E-12));
#4542=VECTOR('',#4541,5.000000000002E-2);
#4543=CARTESIAN_POINT('',(1.128458381615E1,5.000000000018E-2,
-2.162194172700E0));
#4544=LINE('',#4543,#4542);
#4545=DIRECTION('',(0.E0,1.E0,-1.085354028873E-11));
#4546=VECTOR('',#4545,5.000000000002E-2);
#4547=CARTESIAN_POINT('',(1.198862125866E1,5.000000000018E-2,
-1.456344946988E0));
#4548=LINE('',#4547,#4546);
#4549=DIRECTION('',(1.686137830917E-13,0.E0,-1.E0));
#4550=VECTOR('',#4549,1.411698451426E0);
#4551=CARTESIAN_POINT('',(1.198862125866E1,1.000000000002E-1,
-1.456344946989E0));
#4552=LINE('',#4551,#4550);
#4553=DIRECTION('',(0.E0,1.E0,1.951454871258E-13));
#4554=VECTOR('',#4553,6.999999998042E0);
#4555=CARTESIAN_POINT('',(5.319999999940E0,5.000000000018E-2,
-9.199999999760E0));
#4556=LINE('',#4555,#4554);
#4557=DIRECTION('',(0.E0,1.666435298919E-2,9.998611400287E-1));
#4558=VECTOR('',#4557,3.000416637246E0);
#4559=CARTESIAN_POINT('',(5.319999999940E0,7.049999998042E0,-9.199999999758E0));
#4560=LINE('',#4559,#4558);
#4561=CARTESIAN_POINT('',(5.319999999940E0,7.089999999220E0,-5.999999998960E0));
#4562=DIRECTION('',(1.E0,0.E0,0.E0));
#4563=DIRECTION('',(0.E0,1.E0,-2.309263905307E-13));
#4564=AXIS2_PLACEMENT_3D('',#4561,#4562,#4563);
#4566=DIRECTION('',(0.E0,1.439621580682E-10,1.E0));
#4567=VECTOR('',#4566,5.300000025318E0);
#4568=CARTESIAN_POINT('',(5.319999999940E0,7.050000000301E0,-5.800000000181E0));
#4569=LINE('',#4568,#4567);
#4570=CARTESIAN_POINT('',(5.319999999940E0,6.550000001782E0,
-5.000000007603E-1));
#4571=DIRECTION('',(1.E0,0.E0,0.E0));
#4572=DIRECTION('',(0.E0,1.E0,8.933754344930E-8));
#4573=AXIS2_PLACEMENT_3D('',#4570,#4571,#4572);
#4575=DIRECTION('',(0.E0,-1.E0,0.E0));
#4576=VECTOR('',#4575,6.500000001716E0);
#4577=CARTESIAN_POINT('',(5.319999999940E0,6.550000001716E0,
6.105412711134E-14));
#4578=LINE('',#4577,#4576);
#4579=DIRECTION('',(0.E0,0.E0,-1.E0));
#4580=VECTOR('',#4579,9.199999999760E0);
#4581=CARTESIAN_POINT('',(5.319999999940E0,5.000000000018E-2,
1.903710992870E-14));
#4582=LINE('',#4581,#4580);
#4583=CARTESIAN_POINT('',(1.372999999994E1,6.550000001782E0,
-5.000000007603E-1));
#4584=DIRECTION('',(-1.E0,0.E0,0.E0));
#4585=DIRECTION('',(0.E0,-1.188329433047E-10,1.E0));
#4586=AXIS2_PLACEMENT_3D('',#4583,#4584,#4585);
#4588=DIRECTION('',(4.440892217943E-14,1.E0,8.282263986464E-12));
#4589=VECTOR('',#4588,3.999999892416E-2);
#4590=CARTESIAN_POINT('',(1.372999999994E1,7.050000000301E0,-5.800000000181E0));
#4591=LINE('',#4590,#4589);
#4592=CARTESIAN_POINT('',(1.372999999994E1,7.089999999220E0,-5.999999998960E0));
#4593=DIRECTION('',(-1.E0,0.E0,0.E0));
#4594=DIRECTION('',(0.E0,6.318057227077E-11,1.E0));
#4595=AXIS2_PLACEMENT_3D('',#4592,#4593,#4594);
#4597=DIRECTION('',(0.E0,-2.220446034595E-14,-1.E0));
#4598=VECTOR('',#4597,2.000000013200E-1);
#4599=CARTESIAN_POINT('',(1.372999999994E1,7.289999998E0,-5.999999998960E0));
#4600=LINE('',#4599,#4598);
#4601=DIRECTION('',(0.E0,-1.E0,4.207160979703E-14));
#4602=VECTOR('',#4601,1.899999980002E-1);
#4603=CARTESIAN_POINT('',(1.372999999994E1,7.289999998E0,-6.200000000280E0));
#4604=LINE('',#4603,#4602);
#4605=DIRECTION('',(0.E0,-1.666435298919E-2,-9.998611400287E-1));
#4606=VECTOR('',#4605,3.000416637246E0);
#4607=CARTESIAN_POINT('',(1.372999999994E1,7.1E0,-6.200000000280E0));
#4608=LINE('',#4607,#4606);
#4609=DIRECTION('',(0.E0,-1.E0,0.E0));
#4610=VECTOR('',#4609,1.999999987800E-1);
#4611=CARTESIAN_POINT('',(1.102999999990E1,6.549776767860E0,-2.400000000600E0));
#4612=LINE('',#4611,#4610);
#4613=DIRECTION('',(0.E0,0.E0,-1.E0));
#4614=VECTOR('',#4613,1.200000000300E0);
#4615=CARTESIAN_POINT('',(1.102999999990E1,6.349776769080E0,-2.400000000600E0));
#4616=LINE('',#4615,#4614);
#4617=DIRECTION('',(1.E0,0.E0,0.E0));
#4618=VECTOR('',#4617,8.000000002E-1);
#4619=CARTESIAN_POINT('',(1.102999999990E1,6.349776769080E0,-2.400000000600E0));
#4620=LINE('',#4619,#4618);
#4621=DIRECTION('',(0.E0,0.E0,-1.E0));
#4622=VECTOR('',#4621,1.200000000300E0);
#4623=CARTESIAN_POINT('',(1.183000000010E1,6.349776769080E0,-2.400000000600E0));
#4624=LINE('',#4623,#4622);
#4625=DIRECTION('',(0.E0,1.E0,0.E0));
#4626=VECTOR('',#4625,1.999999987800E-1);
#4627=CARTESIAN_POINT('',(1.183000000010E1,6.349776769080E0,-2.400000000600E0));
#4628=LINE('',#4627,#4626);
#4629=DIRECTION('',(0.E0,0.E0,-1.E0));
#4630=VECTOR('',#4629,1.200000000300E0);
#4631=CARTESIAN_POINT('',(1.183000000010E1,6.549776767860E0,-2.400000000600E0));
#4632=LINE('',#4631,#4630);
#4633=DIRECTION('',(1.E0,0.E0,0.E0));
#4634=VECTOR('',#4633,8.000000002E-1);
#4635=CARTESIAN_POINT('',(1.102999999990E1,6.349776769080E0,-3.600000000900E0));
#4636=LINE('',#4635,#4634);
#4637=DIRECTION('',(0.E0,1.E0,0.E0));
#4638=VECTOR('',#4637,1.999999987800E-1);
#4639=CARTESIAN_POINT('',(1.183000000010E1,6.349776769080E0,-3.600000000900E0));
#4640=LINE('',#4639,#4638);
#4641=DIRECTION('',(-1.E0,0.E0,0.E0));
#4642=VECTOR('',#4641,8.000000002E-1);
#4643=CARTESIAN_POINT('',(1.183000000010E1,6.549776767860E0,-3.600000000900E0));
#4644=LINE('',#4643,#4642);
#4645=DIRECTION('',(0.E0,-1.E0,0.E0));
#4646=VECTOR('',#4645,1.999999987800E-1);
#4647=CARTESIAN_POINT('',(1.102999999990E1,6.549776767860E0,-3.600000000900E0));
#4648=LINE('',#4647,#4646);
#4649=DIRECTION('',(-1.E0,-4.274358644805E-14,1.210143096841E-13));
#4650=VECTOR('',#4649,8.000000000003E-1);
#4651=CARTESIAN_POINT('',(1.182999999994E1,2.65E0,-6.999999999761E0));
#4652=LINE('',#4651,#4650);
#4653=DIRECTION('',(4.821539993318E-14,-4.910357835300E-14,1.E0));
#4654=VECTOR('',#4653,3.499999999521E0);
#4655=CARTESIAN_POINT('',(1.102999999994E1,2.65E0,-6.999999999761E0));
#4656=LINE('',#4655,#4654);
#4657=CARTESIAN_POINT('',(1.122999999994E1,2.850000000001E0,-7.599999999760E0));
#4658=CARTESIAN_POINT('',(1.162999999994E1,2.850000000001E0,-7.599999999760E0));
#4659=VERTEX_POINT('',#4657);
#4660=VERTEX_POINT('',#4658);
#4661=CARTESIAN_POINT('',(1.162999999994E1,3.250000000001E0,-7.599999999760E0));
#4662=VERTEX_POINT('',#4661);
#4663=CARTESIAN_POINT('',(1.122999999994E1,3.250000000001E0,-7.599999999760E0));
#4664=VERTEX_POINT('',#4663);
#4665=CARTESIAN_POINT('',(1.102999999994E1,2.65E0,-6.999999999761E0));
#4666=VERTEX_POINT('',#4665);
#4667=CARTESIAN_POINT('',(1.182999999994E1,2.65E0,-6.999999999761E0));
#4668=VERTEX_POINT('',#4667);
#4669=CARTESIAN_POINT('',(1.102999999994E1,3.45E0,-6.999999999762E0));
#4670=VERTEX_POINT('',#4669);
#4671=CARTESIAN_POINT('',(1.102999999994E1,3.45E0,-3.500000000240E0));
#4672=VERTEX_POINT('',#4671);
#4673=CARTESIAN_POINT('',(1.102999999994E1,2.65E0,-3.500000000240E0));
#4674=VERTEX_POINT('',#4673);
#4675=CARTESIAN_POINT('',(1.182999999994E1,3.45E0,-6.999999999762E0));
#4676=VERTEX_POINT('',#4675);
#4677=CARTESIAN_POINT('',(1.182999999994E1,3.45E0,-3.500000000240E0));
#4678=VERTEX_POINT('',#4677);
#4679=CARTESIAN_POINT('',(1.182999999994E1,2.65E0,-3.500000000240E0));
#4680=VERTEX_POINT('',#4679);
#4681=CARTESIAN_POINT('',(1.237999999992E1,3.05E0,-3.500000000240E0));
#4682=CARTESIAN_POINT('',(1.048000000008E1,3.05E0,-3.500000000240E0));
#4683=VERTEX_POINT('',#4681);
#4684=VERTEX_POINT('',#4682);
#4685=CARTESIAN_POINT('',(1.237999999992E1,3.05E0,-2.400000000600E0));
#4686=VERTEX_POINT('',#4685);
#4687=CARTESIAN_POINT('',(1.048000000008E1,3.05E0,-2.400000000600E0));
#4688=VERTEX_POINT('',#4687);
#4689=CARTESIAN_POINT('',(9.914342710143E0,5.199776767840E0,-2.400000000600E0));
#4690=CARTESIAN_POINT('',(9.914342710143E0,6.497769750742E-1,
-2.400000000600E0));
#4691=VERTEX_POINT('',#4689);
#4692=VERTEX_POINT('',#4690);
#4693=CARTESIAN_POINT('',(1.065500181717E1,6.497772545371E-1,
-2.400000000600E0));
#4694=VERTEX_POINT('',#4693);
#4695=CARTESIAN_POINT('',(1.220459650651E1,6.500000914136E-1,
-2.400000000600E0));
#4696=VERTEX_POINT('',#4695);
#4697=CARTESIAN_POINT('',(1.294565729974E1,6.500000912219E-1,
-2.400000000600E0));
#4698=VERTEX_POINT('',#4697);
#4699=CARTESIAN_POINT('',(1.294565729974E1,5.199776767840E0,-2.400000000600E0));
#4700=VERTEX_POINT('',#4699);
#4701=CARTESIAN_POINT('',(1.217999999860E1,5.199776767840E0,-2.400000000600E0));
#4702=VERTEX_POINT('',#4701);
#4703=CARTESIAN_POINT('',(1.217999999860E1,5.649776767E0,-2.400000000600E0));
#4704=VERTEX_POINT('',#4703);
#4705=CARTESIAN_POINT('',(1.248000000058E1,5.649776767E0,-2.400000000600E0));
#4706=VERTEX_POINT('',#4705);
#4707=CARTESIAN_POINT('',(1.282999999908E1,6.549776767860E0,-2.400000000600E0));
#4708=VERTEX_POINT('',#4707);
#4709=CARTESIAN_POINT('',(1.183000000010E1,6.549776767860E0,-2.400000000600E0));
#4710=VERTEX_POINT('',#4709);
#4711=CARTESIAN_POINT('',(1.183000000010E1,6.349776769080E0,-2.400000000600E0));
#4712=VERTEX_POINT('',#4711);
#4713=CARTESIAN_POINT('',(1.102999999990E1,6.349776769080E0,-2.400000000600E0));
#4714=VERTEX_POINT('',#4713);
#4715=CARTESIAN_POINT('',(1.102999999990E1,6.549776767860E0,-2.400000000600E0));
#4716=VERTEX_POINT('',#4715);
#4717=CARTESIAN_POINT('',(1.002999999838E1,6.549776767860E0,-2.400000000600E0));
#4718=VERTEX_POINT('',#4717);
#4719=CARTESIAN_POINT('',(1.037999999942E1,5.649776767E0,-2.400000000600E0));
#4720=VERTEX_POINT('',#4719);
#4721=CARTESIAN_POINT('',(1.067999999886E1,5.649776767E0,-2.400000000600E0));
#4722=VERTEX_POINT('',#4721);
#4723=CARTESIAN_POINT('',(1.067999999886E1,5.199776767840E0,-2.400000000600E0));
#4724=VERTEX_POINT('',#4723);
#4725=CARTESIAN_POINT('',(9.855000009076E0,5.199776767840E0,-9.200000005292E0));
#4726=VERTEX_POINT('',#4725);
#4727=CARTESIAN_POINT('',(9.855000008800E0,4.497765705208E-1,
-9.200000048036E0));
#4728=VERTEX_POINT('',#4727);
#4729=CARTESIAN_POINT('',(9.861981550383E0,6.497773615062E-1,
-8.399994697881E0));
#4730=VERTEX_POINT('',#4729);
#4731=CARTESIAN_POINT('',(1.067999999886E1,5.199776767840E0,-9.199999999760E0));
#4732=VERTEX_POINT('',#4731);
#4733=CARTESIAN_POINT('',(1.067999999886E1,5.649776767E0,-9.199999999760E0));
#4734=VERTEX_POINT('',#4733);
#4735=CARTESIAN_POINT('',(1.037999999942E1,5.649776767E0,-9.199999999760E0));
#4736=VERTEX_POINT('',#4735);
#4737=CARTESIAN_POINT('',(1.002999999838E1,6.549776767860E0,-9.199999999760E0));
#4738=VERTEX_POINT('',#4737);
#4739=CARTESIAN_POINT('',(1.282999999908E1,6.549776767860E0,-9.199999999760E0));
#4740=VERTEX_POINT('',#4739);
#4741=CARTESIAN_POINT('',(1.102999999990E1,6.549776767860E0,-3.600000000900E0));
#4742=VERTEX_POINT('',#4741);
#4743=CARTESIAN_POINT('',(1.183000000010E1,6.549776767860E0,-3.600000000900E0));
#4744=VERTEX_POINT('',#4743);
#4745=CARTESIAN_POINT('',(1.248000000058E1,5.649776767E0,-9.199999999760E0));
#4746=VERTEX_POINT('',#4745);
#4747=CARTESIAN_POINT('',(1.217999999860E1,5.649776767E0,-9.199999999760E0));
#4748=VERTEX_POINT('',#4747);
#4749=CARTESIAN_POINT('',(1.217999999860E1,5.199776767840E0,-9.199999999760E0));
#4750=VERTEX_POINT('',#4749);
#4751=CARTESIAN_POINT('',(1.300500000071E1,5.199776767840E0,-9.199999999760E0));
#4752=VERTEX_POINT('',#4751);
#4753=CARTESIAN_POINT('',(1.299801847468E1,6.500004208699E-1,
-8.399996392869E0));
#4754=VERTEX_POINT('',#4753);
#4755=CARTESIAN_POINT('',(1.300500000093E1,4.499998821988E-1,
-9.200000028652E0));
#4756=VERTEX_POINT('',#4755);
#4757=CARTESIAN_POINT('',(1.300500000076E1,2.849999999281E0,-9.200000003016E0));
#4758=VERTEX_POINT('',#4757);
#4759=CARTESIAN_POINT('',(1.299103701224E1,2.849999999281E0,-7.599999999760E0));
#4760=VERTEX_POINT('',#4759);
#4761=CARTESIAN_POINT('',(1.299103701224E1,4.650000001001E0,-7.599999999760E0));
#4762=VERTEX_POINT('',#4761);
#4763=CARTESIAN_POINT('',(1.300500000071E1,4.650000001001E0,-9.199999999760E0));
#4764=VERTEX_POINT('',#4763);
#4765=CARTESIAN_POINT('',(1.220459675779E1,6.500013102197E-1,
-8.399993437197E0));
#4766=VERTEX_POINT('',#4765);
#4767=CARTESIAN_POINT('',(1.065500378973E1,6.497763513930E-1,
-8.399992656435E0));
#4768=VERTEX_POINT('',#4767);
#4769=CARTESIAN_POINT('',(1.143001108934E1,8.500004068122E-1,
-8.399991221762E0));
#4770=VERTEX_POINT('',#4769);
#4771=CARTESIAN_POINT('',(1.070853850208E1,4.497762372917E-1,
-9.200000042505E0));
#4772=VERTEX_POINT('',#4771);
#4773=CARTESIAN_POINT('',(1.372999999994E1,5.000000000018E-2,
-9.199999999760E0));
#4774=CARTESIAN_POINT('',(1.372999999994E1,7.049999998042E0,-9.199999999758E0));
#4775=VERTEX_POINT('',#4773);
#4776=VERTEX_POINT('',#4774);
#4777=CARTESIAN_POINT('',(1.342999999994E1,2.849999999281E0,-9.199999999760E0));
#4778=VERTEX_POINT('',#4777);
#4779=CARTESIAN_POINT('',(1.215111212178E1,4.499995618271E-1,
-9.200000025396E0));
#4780=VERTEX_POINT('',#4779);
#4781=CARTESIAN_POINT('',(1.342999999994E1,4.650000001001E0,-9.199999999760E0));
#4782=VERTEX_POINT('',#4781);
#4783=CARTESIAN_POINT('',(1.372999999994E1,7.1E0,-6.200000000280E0));
#4784=VERTEX_POINT('',#4783);
#4785=CARTESIAN_POINT('',(1.372999999994E1,7.289999998E0,-6.200000000280E0));
#4786=VERTEX_POINT('',#4785);
#4787=CARTESIAN_POINT('',(1.372999999994E1,7.289999998E0,-5.999999998960E0));
#4788=VERTEX_POINT('',#4787);
#4789=CARTESIAN_POINT('',(1.372999999994E1,7.089999999233E0,-5.800000000180E0));
#4790=VERTEX_POINT('',#4789);
#4791=CARTESIAN_POINT('',(1.372999999994E1,7.050000000301E0,-5.800000000181E0));
#4792=VERTEX_POINT('',#4791);
#4793=CARTESIAN_POINT('',(1.372999999994E1,7.050000001064E0,
-4.999999849553E-1));
#4794=VERTEX_POINT('',#4793);
#4795=CARTESIAN_POINT('',(1.372999999994E1,6.550000001723E0,
-3.000932835562E-13));
#4796=VERTEX_POINT('',#4795);
#4797=CARTESIAN_POINT('',(1.372999999994E1,5.000000000018E-2,
1.903710992870E-14));
#4798=VERTEX_POINT('',#4797);
#4799=CARTESIAN_POINT('',(1.102999999994E1,2.65E0,1.913369240826E-13));
#4800=CARTESIAN_POINT('',(1.182999999994E1,2.65E0,1.913369240826E-13));
#4801=VERTEX_POINT('',#4799);
#4802=VERTEX_POINT('',#4800);
#4803=CARTESIAN_POINT('',(1.182999999994E1,3.45E0,2.286430298655E-13));
#4804=VERTEX_POINT('',#4803);
#4805=CARTESIAN_POINT('',(1.102999999994E1,3.45E0,2.286430298655E-13));
#4806=VERTEX_POINT('',#4805);
#4807=CARTESIAN_POINT('',(1.182999999994E1,2.65E0,2.800000000241E0));
#4808=CARTESIAN_POINT('',(1.102999999994E1,2.65E0,2.800000000241E0));
#4809=VERTEX_POINT('',#4807);
#4810=VERTEX_POINT('',#4808);
#4811=CARTESIAN_POINT('',(1.162999999994E1,2.85E0,3.400000000240E0));
#4812=VERTEX_POINT('',#4811);
#4813=CARTESIAN_POINT('',(1.122999999994E1,2.85E0,3.400000000240E0));
#4814=VERTEX_POINT('',#4813);
#4815=CARTESIAN_POINT('',(1.162999999994E1,3.25E0,3.400000000240E0));
#4816=CARTESIAN_POINT('',(1.182999999994E1,3.45E0,2.800000000241E0));
#4817=VERTEX_POINT('',#4815);
#4818=VERTEX_POINT('',#4816);
#4819=CARTESIAN_POINT('',(1.102999999994E1,3.45E0,2.800000000241E0));
#4820=CARTESIAN_POINT('',(1.122999999994E1,3.25E0,3.400000000240E0));
#4821=VERTEX_POINT('',#4819);
#4822=VERTEX_POINT('',#4820);
#4823=VERTEX_POINT('',#1035);
#4824=VERTEX_POINT('',#1038);
#4825=CARTESIAN_POINT('',(1.199002300229E1,5.000000000018E-2,
-3.656452762583E0));
#4826=VERTEX_POINT('',#4825);
#4827=CARTESIAN_POINT('',(1.124057688273E1,5.000000000018E-2,
-3.416149713410E0));
#4828=VERTEX_POINT('',#4827);
#4829=CARTESIAN_POINT('',(1.124067048022E1,5.000000000018E-2,
-3.680339621932E0));
#4830=VERTEX_POINT('',#4829);
#4831=VERTEX_POINT('',#1055);
#4832=VERTEX_POINT('',#1060);
#4833=CARTESIAN_POINT('',(1.125172442341E1,5.000000000018E-2,
-3.829386510615E0));
#4834=VERTEX_POINT('',#4833);
#4835=CARTESIAN_POINT('',(1.126795912329E1,5.000000000018E-2,
-3.884291391589E0));
#4836=VERTEX_POINT('',#4835);
#4837=CARTESIAN_POINT('',(1.128911820445E1,5.000000000018E-2,
-3.932845790345E0));
#4838=VERTEX_POINT('',#4837);
#4839=CARTESIAN_POINT('',(1.131523712270E1,5.000000000018E-2,
-3.975010312135E0));
#4840=VERTEX_POINT('',#4839);
#4841=CARTESIAN_POINT('',(1.135632221993E1,5.000000000018E-2,
-4.023675016912E0));
#4842=VERTEX_POINT('',#4841);
#4843=CARTESIAN_POINT('',(1.140597574067E1,5.000000000018E-2,
-4.067990508582E0));
#4844=VERTEX_POINT('',#4843);
#4845=CARTESIAN_POINT('',(1.146427253513E1,5.000000000018E-2,
-4.107992242201E0));
#4846=VERTEX_POINT('',#4845);
#4847=CARTESIAN_POINT('',(1.152981013998E1,5.000000000018E-2,
-4.140926503799E0));
#4848=VERTEX_POINT('',#4847);
#4849=CARTESIAN_POINT('',(1.160148549350E1,5.000000000018E-2,
-4.164342921121E0));
#4850=VERTEX_POINT('',#4849);
#4851=CARTESIAN_POINT('',(1.168046227019E1,5.000000000018E-2,
-4.178542530864E0));
#4852=VERTEX_POINT('',#4851);
#4853=VERTEX_POINT('',#1105);
#4854=CARTESIAN_POINT('',(1.175020517228E1,5.000000000018E-2,
-4.180490665575E0));
#4855=VERTEX_POINT('',#4854);
#4856=VERTEX_POINT('',#1114);
#4857=CARTESIAN_POINT('',(1.181304478962E1,5.000000000018E-2,
-4.172229810178E0));
#4858=VERTEX_POINT('',#4857);
#4859=CARTESIAN_POINT('',(1.184088133190E1,5.000000000018E-2,
-4.164157764536E0));
#4860=VERTEX_POINT('',#4859);
#4861=CARTESIAN_POINT('',(1.186630295737E1,5.000000000018E-2,
-4.153607770070E0));
#4862=VERTEX_POINT('',#4861);
#4863=CARTESIAN_POINT('',(1.188935300127E1,5.000000000018E-2,
-4.140808318626E0));
#4864=VERTEX_POINT('',#4863);
#4865=CARTESIAN_POINT('',(1.191003934177E1,5.000000000018E-2,
-4.125920929290E0));
#4866=VERTEX_POINT('',#4865);
#4867=CARTESIAN_POINT('',(1.192843683012E1,5.000000000018E-2,
-4.108874691227E0));
#4868=VERTEX_POINT('',#4867);
#4869=CARTESIAN_POINT('',(1.194438788565E1,5.000000000018E-2,
-4.090016280783E0));
#4870=VERTEX_POINT('',#4869);
#4871=CARTESIAN_POINT('',(1.195773886811E1,5.000000000018E-2,
-4.069385093455E0));
#4872=VERTEX_POINT('',#4871);
#4873=CARTESIAN_POINT('',(1.196856068799E1,5.000000000018E-2,
-4.047036281409E0));
#4874=VERTEX_POINT('',#4873);
#4875=CARTESIAN_POINT('',(1.197705426090E1,5.000000000018E-2,
-4.022457710135E0));
#4876=VERTEX_POINT('',#4875);
#4877=CARTESIAN_POINT('',(1.198334171074E1,5.000000000018E-2,
-3.995452403458E0));
#4878=VERTEX_POINT('',#4877);
#4879=VERTEX_POINT('',#1163);
#4880=VERTEX_POINT('',#1168);
#4881=CARTESIAN_POINT('',(1.199002705068E1,5.000000000018E-2,
-8.181905248027E0));
#4882=CARTESIAN_POINT('',(1.148851624899E1,5.000000000018E-2,
-8.021208900588E0));
#4883=VERTEX_POINT('',#4881);
#4884=VERTEX_POINT('',#4882);
#4885=CARTESIAN_POINT('',(1.199002705068E1,5.000000000018E-2,
-7.874095966198E0));
#4886=VERTEX_POINT('',#4885);
#4887=CARTESIAN_POINT('',(1.199002705068E1,5.000000000018E-2,
-7.729949479305E0));
#4888=VERTEX_POINT('',#4887);
#4889=CARTESIAN_POINT('',(1.124055986626E1,5.000000000018E-2,
-7.490195145976E0));
#4890=VERTEX_POINT('',#4889);
#4891=CARTESIAN_POINT('',(1.124055986626E1,5.000000000018E-2,
-7.633801920767E0));
#4892=VERTEX_POINT('',#4891);
#4893=CARTESIAN_POINT('',(1.174416254526E1,5.000000000018E-2,
-7.795073436056E0));
#4894=VERTEX_POINT('',#4893);
#4895=CARTESIAN_POINT('',(1.124055986626E1,5.000000000018E-2,
-7.941441804007E0));
#4896=VERTEX_POINT('',#4895);
#4897=CARTESIAN_POINT('',(1.124055986626E1,5.000000000018E-2,
-8.085233735389E0));
#4898=VERTEX_POINT('',#4897);
#4899=CARTESIAN_POINT('',(1.199002705068E1,5.000000000018E-2,
-8.324999887302E0));
#4900=VERTEX_POINT('',#4899);
#4901=CARTESIAN_POINT('',(1.199002705068E1,5.000000000018E-2,
-4.467775412912E0));
#4902=CARTESIAN_POINT('',(1.124055986626E1,5.000000000018E-2,
-4.227820164995E0));
#4903=VERTEX_POINT('',#4901);
#4904=VERTEX_POINT('',#4902);
#4905=CARTESIAN_POINT('',(1.124055986626E1,5.000000000018E-2,
-4.813258180718E0));
#4906=VERTEX_POINT('',#4905);
#4907=CARTESIAN_POINT('',(1.136584794303E1,5.000000000018E-2,
-4.853720836440E0));
#4908=VERTEX_POINT('',#4907);
#4909=CARTESIAN_POINT('',(1.136584794303E1,5.000000000018E-2,
-4.417660970084E0));
#4910=VERTEX_POINT('',#4909);
#4911=CARTESIAN_POINT('',(1.156931943551E1,5.000000000018E-2,
-4.487240506878E0));
#4912=VERTEX_POINT('',#4911);
#4913=CARTESIAN_POINT('',(1.156931943551E1,5.000000000018E-2,
-4.875325081631E0));
#4914=VERTEX_POINT('',#4913);
#4915=CARTESIAN_POINT('',(1.169460751229E1,5.000000000018E-2,
-4.915279541090E0));
#4916=VERTEX_POINT('',#4915);
#4917=CARTESIAN_POINT('',(1.169460751229E1,5.000000000018E-2,
-4.527380123089E0));
#4918=VERTEX_POINT('',#4917);
#4919=CARTESIAN_POINT('',(1.186473897391E1,5.000000000018E-2,
-4.582080149713E0));
#4920=VERTEX_POINT('',#4919);
#4921=CARTESIAN_POINT('',(1.186473897391E1,5.000000000018E-2,
-4.983413279591E0));
#4922=VERTEX_POINT('',#4921);
#4923=CARTESIAN_POINT('',(1.199002705068E1,5.000000000018E-2,
-5.023367739048E0));
#4924=VERTEX_POINT('',#4923);
#4925=CARTESIAN_POINT('',(1.177626951067E1,5.000000000018E-2,
-6.581721661573E0));
#4926=CARTESIAN_POINT('',(1.184026676922E1,5.000000000018E-2,
-6.576753946016E0));
#4927=VERTEX_POINT('',#4925);
#4928=VERTEX_POINT('',#4926);
#4929=CARTESIAN_POINT('',(1.189514801301E1,5.000000000018E-2,
-6.556347310111E0));
#4930=VERTEX_POINT('',#4929);
#4931=CARTESIAN_POINT('',(1.194099991122E1,5.000000000018E-2,
-6.520505693932E0));
#4932=VERTEX_POINT('',#4931);
#4933=CARTESIAN_POINT('',(1.197531693910E1,5.000000000018E-2,
-6.469516680917E0));
#4934=VERTEX_POINT('',#4933);
#4935=CARTESIAN_POINT('',(1.199590873160E1,5.000000000018E-2,
-6.403750584891E0));
#4936=VERTEX_POINT('',#4935);
#4937=CARTESIAN_POINT('',(1.200277528871E1,5.000000000018E-2,
-6.323203466132E0));
#4938=VERTEX_POINT('',#4937);
#4939=CARTESIAN_POINT('',(1.199585357876E1,5.000000000018E-2,
-6.242691803118E0));
#4940=VERTEX_POINT('',#4939);
#4941=CARTESIAN_POINT('',(1.197508450851E1,5.000000000018E-2,
-6.174246843692E0));
#4942=VERTEX_POINT('',#4941);
#4943=CARTESIAN_POINT('',(1.194047201770E1,5.000000000018E-2,
-6.117868587849E0));
#4944=VERTEX_POINT('',#4943);
#4945=CARTESIAN_POINT('',(1.189525831902E1,5.000000000018E-2,
-6.074734947886E0));
#4946=VERTEX_POINT('',#4945);
#4947=CARTESIAN_POINT('',(1.184294563263E1,5.000000000018E-2,
-6.046047472581E0));
#4948=VERTEX_POINT('',#4947);
#4949=CARTESIAN_POINT('',(1.178217260840E1,5.000000000018E-2,
-6.031533258189E0));
#4950=VERTEX_POINT('',#4949);
#4951=VERTEX_POINT('',#1313);
#4952=CARTESIAN_POINT('',(1.171735421376E1,5.000000000018E-2,
-6.034685940260E0));
#4953=VERTEX_POINT('',#4952);
#4954=CARTESIAN_POINT('',(1.168884007679E1,5.000000000018E-2,
-6.044306211365E0));
#4955=VERTEX_POINT('',#4954);
#4956=CARTESIAN_POINT('',(1.166365088191E1,5.000000000018E-2,
-6.058772073774E0));
#4957=VERTEX_POINT('',#4956);
#4958=CARTESIAN_POINT('',(1.164179450863E1,5.000000000018E-2,
-6.077413811299E0));
#4959=VERTEX_POINT('',#4958);
#4960=CARTESIAN_POINT('',(1.162323156111E1,5.000000000018E-2,
-6.100172331688E0));
#4961=VERTEX_POINT('',#4960);
#4962=CARTESIAN_POINT('',(1.160496013712E1,5.000000000018E-2,
-6.130077113746E0));
#4963=VERTEX_POINT('',#4962);
#4964=CARTESIAN_POINT('',(1.158392711989E1,5.000000000018E-2,
-6.170134000300E0));
#4965=VERTEX_POINT('',#4964);
#4966=CARTESIAN_POINT('',(1.153722084142E1,5.000000000018E-2,
-6.268414780938E0));
#4967=VERTEX_POINT('',#4966);
#4968=CARTESIAN_POINT('',(1.151898831976E1,5.000000000018E-2,
-6.301934078950E0));
#4969=VERTEX_POINT('',#4968);
#4970=CARTESIAN_POINT('',(1.150545218071E1,5.000000000018E-2,
-6.320890976816E0));
#4971=VERTEX_POINT('',#4970);
#4972=CARTESIAN_POINT('',(1.148893777591E1,5.000000000018E-2,
-6.334470450450E0));
#4973=VERTEX_POINT('',#4972);
#4974=CARTESIAN_POINT('',(1.146959913129E1,5.000000000018E-2,
-6.341788171814E0));
#4975=VERTEX_POINT('',#4974);
#4976=VERTEX_POINT('',#1366);
#4977=CARTESIAN_POINT('',(1.142483021136E1,5.000000000018E-2,
-6.335884732739E0));
#4978=VERTEX_POINT('',#4977);
#4979=CARTESIAN_POINT('',(1.140302111208E1,5.000000000018E-2,
-6.322167376520E0));
#4980=VERTEX_POINT('',#4979);
#4981=CARTESIAN_POINT('',(1.138365056578E1,5.000000000018E-2,
-6.301240725927E0));
#4982=VERTEX_POINT('',#4981);
#4983=CARTESIAN_POINT('',(1.136864893103E1,5.000000000018E-2,
-6.272403549457E0));
#4984=VERTEX_POINT('',#4983);
#4985=CARTESIAN_POINT('',(1.135917510307E1,5.000000000018E-2,
-6.233735162941E0));
#4986=VERTEX_POINT('',#4985);
#4987=VERTEX_POINT('',#1391);
#4988=CARTESIAN_POINT('',(1.136102992832E1,5.000000000018E-2,
-6.135044829661E0));
#4989=VERTEX_POINT('',#4988);
#4990=CARTESIAN_POINT('',(1.137433363677E1,5.000000000018E-2,
-6.094909152872E0));
#4991=VERTEX_POINT('',#4990);
#4992=CARTESIAN_POINT('',(1.139655638415E1,5.000000000018E-2,
-6.068486892879E0));
#4993=VERTEX_POINT('',#4992);
#4994=CARTESIAN_POINT('',(1.141790062225E1,5.000000000018E-2,
-6.058890258943E0));
#4995=VERTEX_POINT('',#4994);
#4996=CARTESIAN_POINT('',(1.144825046802E1,5.000000000018E-2,
-6.054562503191E0));
#4997=VERTEX_POINT('',#4996);
#4998=VERTEX_POINT('',#1416);
#4999=CARTESIAN_POINT('',(1.148345792451E1,5.000000000018E-2,
-5.907506901099E0));
#5000=VERTEX_POINT('',#4999);
#5001=CARTESIAN_POINT('',(1.143521868607E1,5.000000000018E-2,
-5.904225293589E0));
#5002=VERTEX_POINT('',#5001);
#5003=CARTESIAN_POINT('',(1.139093471074E1,5.000000000018E-2,
-5.908326318121E0));
#5004=VERTEX_POINT('',#5003);
#5005=CARTESIAN_POINT('',(1.135049175243E1,5.000000000018E-2,
-5.919746943027E0));
#5006=VERTEX_POINT('',#5005);
#5007=CARTESIAN_POINT('',(1.131477226085E1,5.000000000018E-2,
-5.939791144590E0));
#5008=VERTEX_POINT('',#5007);
#5009=CARTESIAN_POINT('',(1.128470989842E1,5.000000000018E-2,
-5.969778656433E0));
#5010=VERTEX_POINT('',#5009);
#5011=CARTESIAN_POINT('',(1.126027314915E1,5.000000000018E-2,
-6.009685841723E0));
#5012=VERTEX_POINT('',#5011);
#5013=CARTESIAN_POINT('',(1.124224203489E1,5.000000000018E-2,
-6.057700528412E0));
#5014=VERTEX_POINT('',#5013);
#5015=CARTESIAN_POINT('',(1.123142809383E1,5.000000000018E-2,
-6.112290248700E0));
#5016=VERTEX_POINT('',#5015);
#5017=CARTESIAN_POINT('',(1.122782344682E1,5.000000000018E-2,
-6.173423486897E0));
#5018=VERTEX_POINT('',#5017);
#5019=CARTESIAN_POINT('',(1.123562366637E1,5.000000000018E-2,
-6.260912013388E0));
#5020=VERTEX_POINT('',#5019);
#5021=CARTESIAN_POINT('',(1.125904796320E1,5.000000000018E-2,
-6.336381110255E0));
#5022=VERTEX_POINT('',#5021);
#5023=CARTESIAN_POINT('',(1.129814755004E1,5.000000000018E-2,
-6.399901688711E0));
#5024=VERTEX_POINT('',#5023);
#5025=CARTESIAN_POINT('',(1.134815956570E1,5.000000000018E-2,
-6.449090347590E0));
#5026=VERTEX_POINT('',#5025);
#5027=CARTESIAN_POINT('',(1.140464812754E1,5.000000000018E-2,
-6.481555808255E0));
#5028=VERTEX_POINT('',#5027);
#5029=CARTESIAN_POINT('',(1.146726704653E1,5.000000000018E-2,
-6.497224440765E0));
#5030=VERTEX_POINT('',#5029);
#5031=VERTEX_POINT('',#1485);
#5032=CARTESIAN_POINT('',(1.156157436879E1,5.000000000018E-2,
-6.484305582497E0));
#5033=VERTEX_POINT('',#5032);
#5034=CARTESIAN_POINT('',(1.159897602901E1,5.000000000018E-2,
-6.459210935958E0));
#5035=VERTEX_POINT('',#5034);
#5036=CARTESIAN_POINT('',(1.162447250506E1,5.000000000018E-2,
-6.428069148998E0));
#5037=VERTEX_POINT('',#5036);
#5038=CARTESIAN_POINT('',(1.165457426266E1,5.000000000018E-2,
-6.376540424216E0));
#5039=VERTEX_POINT('',#5038);
#5040=CARTESIAN_POINT('',(1.171252238218E1,5.000000000018E-2,
-6.256640706117E0));
#5041=VERTEX_POINT('',#5040);
#5042=CARTESIAN_POINT('',(1.173211553909E1,5.000000000018E-2,
-6.221875458859E0));
#5043=VERTEX_POINT('',#5042);
#5044=CARTESIAN_POINT('',(1.174818084037E1,5.000000000018E-2,
-6.200286971594E0));
#5045=VERTEX_POINT('',#5044);
#5046=CARTESIAN_POINT('',(1.176341096664E1,5.000000000018E-2,
-6.188023292493E0));
#5047=VERTEX_POINT('',#5046);
#5048=CARTESIAN_POINT('',(1.178157505689E1,5.000000000018E-2,
-6.181503362312E0));
#5049=VERTEX_POINT('',#5048);
#5050=VERTEX_POINT('',#1526);
#5051=CARTESIAN_POINT('',(1.182292506823E1,5.000000000018E-2,
-6.186510522452E0));
#5052=VERTEX_POINT('',#5051);
#5053=CARTESIAN_POINT('',(1.184181499468E1,5.000000000018E-2,
-6.197730232767E0));
#5054=VERTEX_POINT('',#5053);
#5055=CARTESIAN_POINT('',(1.185811272655E1,5.000000000018E-2,
-6.214788289412E0));
#5056=VERTEX_POINT('',#5055);
#5057=CARTESIAN_POINT('',(1.187061277599E1,5.000000000018E-2,
-6.238441077084E0));
#5058=VERTEX_POINT('',#5057);
#5059=CARTESIAN_POINT('',(1.187851351823E1,5.000000000018E-2,
-6.270939769358E0));
#5060=VERTEX_POINT('',#5059);
#5061=VERTEX_POINT('',#1551);
#5062=VERTEX_POINT('',#1556);
#5063=VERTEX_POINT('',#1561);
#5064=CARTESIAN_POINT('',(1.185200255447E1,5.000000000018E-2,
-6.403435424555E0));
#5065=VERTEX_POINT('',#5064);
#5066=CARTESIAN_POINT('',(1.183015012027E1,5.000000000018E-2,
-6.420087711941E0));
#5067=VERTEX_POINT('',#5066);
#5068=CARTESIAN_POINT('',(1.180266813349E1,5.000000000018E-2,
-6.429991627722E0));
#5069=VERTEX_POINT('',#5068);
#5070=CARTESIAN_POINT('',(1.176964720307E1,5.000000000018E-2,
-6.433182626643E0));
#5071=VERTEX_POINT('',#5070);
#5072=CARTESIAN_POINT('',(1.199810697549E1,5.000000000018E-2,
-7.098860479962E0));
#5073=CARTESIAN_POINT('',(1.198405870060E1,5.000000000018E-2,
-7.035607787853E0));
#5074=VERTEX_POINT('',#5072);
#5075=VERTEX_POINT('',#5073);
#5076=CARTESIAN_POINT('',(1.196053985610E1,5.000000000018E-2,
-6.976263084845E0));
#5077=VERTEX_POINT('',#5076);
#5078=CARTESIAN_POINT('',(1.192907896938E1,5.000000000018E-2,
-6.921697001377E0));
#5079=VERTEX_POINT('',#5078);
#5080=CARTESIAN_POINT('',(1.189086183157E1,5.000000000018E-2,
-6.872516221347E0));
#5081=VERTEX_POINT('',#5080);
#5082=CARTESIAN_POINT('',(1.184589238238E1,5.000000000018E-2,
-6.828779837277E0));
#5083=VERTEX_POINT('',#5082);
#5084=CARTESIAN_POINT('',(1.179452123727E1,5.000000000018E-2,
-6.790495727706E0));
#5085=VERTEX_POINT('',#5084);
#5086=CARTESIAN_POINT('',(1.173741811274E1,5.000000000018E-2,
-6.757659953857E0));
#5087=VERTEX_POINT('',#5086);
#5088=CARTESIAN_POINT('',(1.167453967389E1,5.000000000018E-2,
-6.730307970839E0));
#5089=VERTEX_POINT('',#5088);
#5090=CARTESIAN_POINT('',(1.162626891945E1,5.000000000018E-2,
-6.713836900626E0));
#5091=VERTEX_POINT('',#5090);
#5092=CARTESIAN_POINT('',(1.157959760390E1,5.000000000018E-2,
-6.701931716458E0));
#5093=VERTEX_POINT('',#5092);
#5094=CARTESIAN_POINT('',(1.153335820469E1,5.000000000018E-2,
-6.694367147404E0));
#5095=VERTEX_POINT('',#5094);
#5096=VERTEX_POINT('',#1630);
#5097=CARTESIAN_POINT('',(1.143966244753E1,5.000000000018E-2,
-6.697314616660E0));
#5098=VERTEX_POINT('',#5097);
#5099=CARTESIAN_POINT('',(1.139272718537E1,5.000000000018E-2,
-6.708546145227E0));
#5100=VERTEX_POINT('',#5099);
#5101=CARTESIAN_POINT('',(1.134833290371E1,5.000000000018E-2,
-6.728042755526E0));
#5102=VERTEX_POINT('',#5101);
#5103=CARTESIAN_POINT('',(1.130902452310E1,5.000000000018E-2,
-6.757214789763E0));
#5104=VERTEX_POINT('',#5103);
#5105=CARTESIAN_POINT('',(1.127475870897E1,5.000000000018E-2,
-6.796097704027E0));
#5106=VERTEX_POINT('',#5105);
#5107=CARTESIAN_POINT('',(1.124841917873E1,5.000000000018E-2,
-6.844356639879E0));
#5108=VERTEX_POINT('',#5107);
#5109=CARTESIAN_POINT('',(1.123258630803E1,5.000000000018E-2,
-6.901227333824E0));
#5110=VERTEX_POINT('',#5109);
#5111=CARTESIAN_POINT('',(1.122729555297E1,5.000000000018E-2,
-6.966721604058E0));
#5112=VERTEX_POINT('',#5111);
#5113=CARTESIAN_POINT('',(1.123393755832E1,5.000000000018E-2,
-7.045113813548E0));
#5114=VERTEX_POINT('',#5113);
#5115=CARTESIAN_POINT('',(1.125387539296E1,5.000000000018E-2,
-7.119440453883E0));
#5116=VERTEX_POINT('',#5115);
#5117=CARTESIAN_POINT('',(1.128714845206E1,5.000000000018E-2,
-7.189756677924E0));
#5118=VERTEX_POINT('',#5117);
#5119=CARTESIAN_POINT('',(1.133263397651E1,5.000000000018E-2,
-7.254088794239E0));
#5120=VERTEX_POINT('',#5119);
#5121=CARTESIAN_POINT('',(1.138952042846E1,5.000000000018E-2,
-7.310853121599E0));
#5122=VERTEX_POINT('',#5121);
#5123=CARTESIAN_POINT('',(1.145780386813E1,5.000000000018E-2,
-7.360037841066E0));
#5124=VERTEX_POINT('',#5123);
#5125=CARTESIAN_POINT('',(1.153262688597E1,5.000000000018E-2,
-7.399318645415E0));
#5126=VERTEX_POINT('',#5125);
#5127=CARTESIAN_POINT('',(1.160914783080E1,5.000000000018E-2,
-7.426375165513E0));
#5128=VERTEX_POINT('',#5127);
#5129=CARTESIAN_POINT('',(1.168800384720E1,5.000000000018E-2,
-7.441347954131E0));
#5130=VERTEX_POINT('',#5129);
#5131=VERTEX_POINT('',#1703);
#5132=CARTESIAN_POINT('',(1.185253832715E1,5.000000000018E-2,
-7.421612303963E0));
#5133=VERTEX_POINT('',#5132);
#5134=CARTESIAN_POINT('',(1.191638588419E1,5.000000000018E-2,
-7.381070858239E0));
#5135=VERTEX_POINT('',#5134);
#5136=CARTESIAN_POINT('',(1.196437693371E1,5.000000000018E-2,
-7.323412263280E0));
#5137=VERTEX_POINT('',#5136);
#5138=CARTESIAN_POINT('',(1.199317471536E1,5.000000000018E-2,
-7.251756607507E0));
#5139=VERTEX_POINT('',#5138);
#5140=CARTESIAN_POINT('',(1.200277528871E1,5.000000000018E-2,
-7.166103890279E0));
#5141=VERTEX_POINT('',#5140);
#5142=CARTESIAN_POINT('',(1.187799934778E1,5.000000000018E-2,
-5.524181248720E0));
#5143=CARTESIAN_POINT('',(1.187444591418E1,5.000000000018E-2,
-5.563930853680E0));
#5144=VERTEX_POINT('',#5142);
#5145=VERTEX_POINT('',#5143);
#5146=CARTESIAN_POINT('',(1.186375803713E1,5.000000000018E-2,
-5.598074543560E0));
#5147=VERTEX_POINT('',#5146);
#5148=CARTESIAN_POINT('',(1.184589238238E1,5.000000000018E-2,
-5.626687167946E0));
#5149=VERTEX_POINT('',#5148);
#5150=CARTESIAN_POINT('',(1.182094349726E1,5.000000000018E-2,
-5.649406293166E0));
#5151=VERTEX_POINT('',#5150);
#5152=CARTESIAN_POINT('',(1.178905714386E1,5.000000000018E-2,
-5.666192524058E0));
#5153=VERTEX_POINT('',#5152);
#5154=CARTESIAN_POINT('',(1.175027271735E1,5.000000000018E-2,
-5.677124650281E0));
#5155=VERTEX_POINT('',#5154);
#5156=CARTESIAN_POINT('',(1.176666893731E1,5.000000000018E-2,
-5.822559355458E0));
#5157=VERTEX_POINT('',#5156);
#5158=CARTESIAN_POINT('',(1.183751305522E1,5.000000000018E-2,
-5.807478930366E0));
#5159=VERTEX_POINT('',#5158);
#5160=CARTESIAN_POINT('',(1.189609743379E1,5.000000000018E-2,
-5.779323288322E0));
#5161=VERTEX_POINT('',#5160);
#5162=CARTESIAN_POINT('',(1.194239449609E1,5.000000000018E-2,
-5.738123945331E0));
#5163=VERTEX_POINT('',#5162);
#5164=CARTESIAN_POINT('',(1.197596301812E1,5.000000000018E-2,
-5.683809990220E0));
#5165=VERTEX_POINT('',#5164);
#5166=CARTESIAN_POINT('',(1.199607813052E1,5.000000000018E-2,
-5.616594156159E0));
#5167=VERTEX_POINT('',#5166);
#5168=CARTESIAN_POINT('',(1.200277528871E1,5.000000000018E-2,
-5.536480383234E0));
#5169=VERTEX_POINT('',#5168);
#5170=CARTESIAN_POINT('',(1.199538871692E1,5.000000000018E-2,
-5.452844692385E0));
#5171=VERTEX_POINT('',#5170);
#5172=CARTESIAN_POINT('',(1.197322506213E1,5.000000000018E-2,
-5.375043408783E0));
#5173=VERTEX_POINT('',#5172);
#5174=CARTESIAN_POINT('',(1.193628432401E1,5.000000000018E-2,
-5.303119866345E0));
#5175=VERTEX_POINT('',#5174);
#5176=CARTESIAN_POINT('',(1.188596108741E1,5.000000000018E-2,
-5.238358344262E0));
#5177=VERTEX_POINT('',#5176);
#5178=CARTESIAN_POINT('',(1.182362236067E1,5.000000000018E-2,
-5.181984027848E0));
#5179=VERTEX_POINT('',#5178);
#5180=CARTESIAN_POINT('',(1.174922086974E1,5.000000000018E-2,
-5.133953583164E0));
#5181=VERTEX_POINT('',#5180);
#5182=CARTESIAN_POINT('',(1.168139441241E1,5.000000000018E-2,
-5.102276023853E0));
#5183=VERTEX_POINT('',#5182);
#5184=CARTESIAN_POINT('',(1.161155092869E1,5.000000000018E-2,
-5.080021760141E0));
#5185=VERTEX_POINT('',#5184);
#5186=CARTESIAN_POINT('',(1.153984712056E1,5.000000000018E-2,
-5.067210878398E0));
#5187=VERTEX_POINT('',#5186);
#5188=CARTESIAN_POINT('',(1.143961554568E1,5.000000000018E-2,
-5.067280933459E0));
#5189=VERTEX_POINT('',#5188);
#5190=CARTESIAN_POINT('',(1.135647586052E1,5.000000000018E-2,
-5.091832395975E0));
#5191=VERTEX_POINT('',#5190);
#5192=CARTESIAN_POINT('',(1.129063885333E1,5.000000000018E-2,
-5.140670439103E0));
#5193=VERTEX_POINT('',#5192);
#5194=CARTESIAN_POINT('',(1.125574271852E1,5.000000000018E-2,
-5.193518898501E0));
#5195=VERTEX_POINT('',#5194);
#5196=CARTESIAN_POINT('',(1.123480424934E1,5.000000000018E-2,
-5.262259320868E0));
#5197=VERTEX_POINT('',#5196);
#5198=CARTESIAN_POINT('',(1.122812033516E1,5.000000000018E-2,
-5.346351527454E0));
#5199=VERTEX_POINT('',#5198);
#5200=VERTEX_POINT('',#1844);
#5201=CARTESIAN_POINT('',(1.123963408265E1,5.000000000018E-2,
-5.466022336516E0));
#5202=VERTEX_POINT('',#5201);
#5203=CARTESIAN_POINT('',(1.125434813364E1,5.000000000018E-2,
-5.525422192637E0));
#5204=VERTEX_POINT('',#5203);
#5205=CARTESIAN_POINT('',(1.127342321670E1,5.000000000018E-2,
-5.581997423741E0));
#5206=VERTEX_POINT('',#5205);
#5207=CARTESIAN_POINT('',(1.129506291770E1,5.000000000018E-2,
-5.632915525525E0));
#5208=VERTEX_POINT('',#5207);
#5209=CARTESIAN_POINT('',(1.131925541747E1,5.000000000018E-2,
-5.678180437646E0));
#5210=VERTEX_POINT('',#5209);
#5211=CARTESIAN_POINT('',(1.164085296669E1,5.000000000018E-2,
-5.781521532223E0));
#5212=VERTEX_POINT('',#5211);
#5213=CARTESIAN_POINT('',(1.164085296669E1,5.000000000018E-2,
-5.446119957615E0));
#5214=VERTEX_POINT('',#5213);
#5215=CARTESIAN_POINT('',(1.151556488991E1,5.000000000018E-2,
-5.406011857401E0));
#5216=VERTEX_POINT('',#5215);
#5217=CARTESIAN_POINT('',(1.151556488991E1,5.000000000018E-2,
-5.597263005367E0));
#5218=VERTEX_POINT('',#5217);
#5219=CARTESIAN_POINT('',(1.140423447945E1,5.000000000018E-2,
-5.561838976705E0));
#5220=VERTEX_POINT('',#5219);
#5221=CARTESIAN_POINT('',(1.139178564375E1,5.000000000018E-2,
-5.533699092623E0));
#5222=VERTEX_POINT('',#5221);
#5223=CARTESIAN_POINT('',(1.138061714720E1,5.000000000018E-2,
-5.502474576294E0));
#5224=VERTEX_POINT('',#5223);
#5225=CARTESIAN_POINT('',(1.137073292918E1,5.000000000018E-2,
-5.468220580423E0));
#5226=VERTEX_POINT('',#5225);
#5227=CARTESIAN_POINT('',(1.136288543528E1,5.000000000018E-2,
-5.432800491141E0));
#5228=VERTEX_POINT('',#5227);
#5229=VERTEX_POINT('',#1905);
#5230=VERTEX_POINT('',#1910);
#5231=CARTESIAN_POINT('',(1.136160903558E1,5.000000000018E-2,
-5.314638978991E0));
#5232=VERTEX_POINT('',#5231);
#5233=CARTESIAN_POINT('',(1.137666188408E1,5.000000000018E-2,
-5.274385117036E0));
#5234=VERTEX_POINT('',#5233);
#5235=CARTESIAN_POINT('',(1.140179986521E1,5.000000000018E-2,
-5.244137598011E0));
#5236=VERTEX_POINT('',#5235);
#5237=CARTESIAN_POINT('',(1.143745632480E1,5.000000000018E-2,
-5.224262795369E0));
#5238=VERTEX_POINT('',#5237);
#5239=CARTESIAN_POINT('',(1.148285328182E1,5.000000000018E-2,
-5.215412866474E0));
#5240=VERTEX_POINT('',#5239);
#5241=VERTEX_POINT('',#1935);
#5242=CARTESIAN_POINT('',(1.160414859891E1,5.000000000018E-2,
-5.227646830050E0));
#5243=VERTEX_POINT('',#5242);
#5244=CARTESIAN_POINT('',(1.166326087099E1,5.000000000018E-2,
-5.245961588647E0));
#5245=VERTEX_POINT('',#5244);
#5246=CARTESIAN_POINT('',(1.171903638239E1,5.000000000018E-2,
-5.271773225373E0));
#5247=VERTEX_POINT('',#5246);
#5248=CARTESIAN_POINT('',(1.176854808112E1,5.000000000018E-2,
-5.303813219357E0));
#5249=VERTEX_POINT('',#5248);
#5250=CARTESIAN_POINT('',(1.180859708874E1,5.000000000018E-2,
-5.340781534063E0));
#5251=VERTEX_POINT('',#5250);
#5252=CARTESIAN_POINT('',(1.183927007444E1,5.000000000018E-2,
-5.382717564328E0));
#5253=VERTEX_POINT('',#5252);
#5254=CARTESIAN_POINT('',(1.186078765055E1,5.000000000018E-2,
-5.428104601366E0));
#5255=VERTEX_POINT('',#5254);
#5256=CARTESIAN_POINT('',(1.187369740833E1,5.000000000018E-2,
-5.475225020101E0));
#5257=VERTEX_POINT('',#5256);
#5258=CARTESIAN_POINT('',(1.124055986626E1,5.000000000018E-2,
-2.909380484579E0));
#5259=CARTESIAN_POINT('',(1.198857789572E1,5.000000000018E-2,
-2.909380484579E0));
#5260=VERTEX_POINT('',#5258);
#5261=VERTEX_POINT('',#5259);
#5262=CARTESIAN_POINT('',(1.273577180289E1,5.000000000018E-2,
-2.162186577408E0));
#5263=VERTEX_POINT('',#5262);
#5264=CARTESIAN_POINT('',(1.198857789572E1,5.000000000018E-2,
-1.415007861406E0));
#5265=VERTEX_POINT('',#5264);
#5266=CARTESIAN_POINT('',(1.124055986626E1,5.000000000018E-2,
-1.415007861405E0));
#5267=VERTEX_POINT('',#5266);
#5268=CARTESIAN_POINT('',(1.198973552258E1,1.000000000002E-1,
-3.907877447614E0));
#5269=VERTEX_POINT('',#5268);
#5270=CARTESIAN_POINT('',(1.199002705054E1,1.000000000002E-1,
-3.858345835617E0));
#5271=VERTEX_POINT('',#5270);
#5272=CARTESIAN_POINT('',(1.198886879731E1,1.000000000002E-1,
-3.943774697114E0));
#5273=VERTEX_POINT('',#5272);
#5274=CARTESIAN_POINT('',(1.198741909844E1,1.000000000002E-1,
-3.966059756866E0));
#5275=VERTEX_POINT('',#5274);
#5276=CARTESIAN_POINT('',(1.198334171074E1,1.000000000002E-1,
-3.995452403465E0));
#5277=VERTEX_POINT('',#5276);
#5278=CARTESIAN_POINT('',(1.197705426090E1,1.000000000002E-1,
-4.022457710116E0));
#5279=VERTEX_POINT('',#5278);
#5280=CARTESIAN_POINT('',(1.196856068798E1,1.000000000002E-1,
-4.047036281432E0));
#5281=VERTEX_POINT('',#5280);
#5282=CARTESIAN_POINT('',(1.195773886812E1,1.000000000002E-1,
-4.069385093441E0));
#5283=VERTEX_POINT('',#5282);
#5284=CARTESIAN_POINT('',(1.194438788565E1,1.000000000002E-1,
-4.090016280786E0));
#5285=VERTEX_POINT('',#5284);
#5286=CARTESIAN_POINT('',(1.192843683012E1,1.000000000002E-1,
-4.108874691232E0));
#5287=VERTEX_POINT('',#5286);
#5288=CARTESIAN_POINT('',(1.191003934177E1,1.000000000002E-1,
-4.125920929287E0));
#5289=VERTEX_POINT('',#5288);
#5290=CARTESIAN_POINT('',(1.188935300127E1,1.000000000002E-1,
-4.140808318627E0));
#5291=VERTEX_POINT('',#5290);
#5292=CARTESIAN_POINT('',(1.186630295737E1,1.000000000002E-1,
-4.153607770067E0));
#5293=VERTEX_POINT('',#5292);
#5294=CARTESIAN_POINT('',(1.184088133189E1,1.000000000002E-1,
-4.164157764537E0));
#5295=VERTEX_POINT('',#5294);
#5296=CARTESIAN_POINT('',(1.181304478962E1,1.000000000002E-1,
-4.172229810178E0));
#5297=VERTEX_POINT('',#5296);
#5298=VERTEX_POINT('',#2076);
#5299=VERTEX_POINT('',#2081);
#5300=CARTESIAN_POINT('',(1.171573496221E1,1.000000000002E-1,
-4.180880668168E0));
#5301=VERTEX_POINT('',#5300);
#5302=VERTEX_POINT('',#2098);
#5303=CARTESIAN_POINT('',(1.160148549350E1,1.000000000002E-1,
-4.164342921122E0));
#5304=VERTEX_POINT('',#5303);
#5305=CARTESIAN_POINT('',(1.152981013998E1,1.000000000002E-1,
-4.140926503796E0));
#5306=VERTEX_POINT('',#5305);
#5307=CARTESIAN_POINT('',(1.146427253513E1,1.000000000002E-1,
-4.107992242204E0));
#5308=VERTEX_POINT('',#5307);
#5309=CARTESIAN_POINT('',(1.140597574066E1,1.000000000002E-1,
-4.067990508578E0));
#5310=VERTEX_POINT('',#5309);
#5311=CARTESIAN_POINT('',(1.135632221993E1,1.000000000002E-1,
-4.023675016917E0));
#5312=VERTEX_POINT('',#5311);
#5313=CARTESIAN_POINT('',(1.131523712270E1,1.000000000002E-1,
-3.975010312134E0));
#5314=VERTEX_POINT('',#5313);
#5315=CARTESIAN_POINT('',(1.128911820446E1,1.000000000002E-1,
-3.932845790356E0));
#5316=VERTEX_POINT('',#5315);
#5317=CARTESIAN_POINT('',(1.126795912328E1,1.000000000002E-1,
-3.884291391567E0));
#5318=VERTEX_POINT('',#5317);
#5319=CARTESIAN_POINT('',(1.125172442341E1,1.000000000002E-1,
-3.829386510620E0));
#5320=VERTEX_POINT('',#5319);
#5321=CARTESIAN_POINT('',(1.124549212640E1,1.000000000002E-1,
-3.790881789025E0));
#5322=VERTEX_POINT('',#5321);
#5323=CARTESIAN_POINT('',(1.124178495106E1,1.000000000002E-1,
-3.741210904942E0));
#5324=VERTEX_POINT('',#5323);
#5325=CARTESIAN_POINT('',(1.124055987315E1,1.000000000002E-1,
-3.680339621937E0));
#5326=VERTEX_POINT('',#5325);
#5327=CARTESIAN_POINT('',(1.124055986626E1,1.000000000002E-1,
-3.416144257234E0));
#5328=VERTEX_POINT('',#5327);
#5329=CARTESIAN_POINT('',(1.199002705068E1,1.000000000002E-1,
-3.656454060661E0));
#5330=VERTEX_POINT('',#5329);
#5331=CARTESIAN_POINT('',(1.186526686776E1,1.000000000002E-1,
-3.900577305204E0));
#5332=CARTESIAN_POINT('',(1.186217041684E1,1.000000000002E-1,
-3.931774245003E0));
#5333=VERTEX_POINT('',#5331);
#5334=VERTEX_POINT('',#5332);
#5335=CARTESIAN_POINT('',(1.186630295737E1,1.000000000002E-1,
-3.859925553156E0));
#5336=VERTEX_POINT('',#5335);
#5337=CARTESIAN_POINT('',(1.186630295737E1,1.000000000002E-1,
-3.770589398875E0));
#5338=VERTEX_POINT('',#5337);
#5339=CARTESIAN_POINT('',(1.136113235548E1,1.000000000002E-1,
-3.608947570408E0));
#5340=VERTEX_POINT('',#5339);
#5341=CARTESIAN_POINT('',(1.136113235548E1,1.000000000002E-1,
-3.687130986095E0));
#5342=VERTEX_POINT('',#5341);
#5343=CARTESIAN_POINT('',(1.136229450943E1,1.000000000002E-1,
-3.738695166638E0));
#5344=VERTEX_POINT('',#5343);
#5345=CARTESIAN_POINT('',(1.136578491103E1,1.000000000002E-1,
-3.780056029399E0));
#5346=VERTEX_POINT('',#5345);
#5347=CARTESIAN_POINT('',(1.137159962019E1,1.000000000002E-1,
-3.811335698921E0));
#5348=VERTEX_POINT('',#5347);
#5349=CARTESIAN_POINT('',(1.138069987662E1,1.000000000002E-1,
-3.836989755332E0));
#5350=VERTEX_POINT('',#5349);
#5351=CARTESIAN_POINT('',(1.139374751732E1,1.000000000002E-1,
-3.861733786118E0));
#5352=VERTEX_POINT('',#5351);
#5353=CARTESIAN_POINT('',(1.141087254537E1,1.000000000002E-1,
-3.885489000925E0));
#5354=VERTEX_POINT('',#5353);
#5355=CARTESIAN_POINT('',(1.144151401508E1,1.000000000002E-1,
-3.917643240680E0));
#5356=VERTEX_POINT('',#5355);
#5357=CARTESIAN_POINT('',(1.147828535462E1,1.000000000002E-1,
-3.947256499593E0));
#5358=VERTEX_POINT('',#5357);
#5359=CARTESIAN_POINT('',(1.152114716849E1,1.000000000002E-1,
-3.974376051694E0));
#5360=VERTEX_POINT('',#5359);
#5361=CARTESIAN_POINT('',(1.156994975619E1,1.000000000002E-1,
-3.997130632664E0));
#5362=VERTEX_POINT('',#5361);
#5363=CARTESIAN_POINT('',(1.162417704215E1,1.000000000002E-1,
-4.013589884297E0));
#5364=VERTEX_POINT('',#5363);
#5365=CARTESIAN_POINT('',(1.168378175265E1,1.000000000002E-1,
-4.023710472665E0));
#5366=VERTEX_POINT('',#5365);
#5367=CARTESIAN_POINT('',(1.173258827977E1,1.000000000002E-1,
-4.026290848319E0));
#5368=VERTEX_POINT('',#5367);
#5369=CARTESIAN_POINT('',(1.177254667848E1,1.000000000002E-1,
-4.022142549787E0));
#5370=VERTEX_POINT('',#5369);
#5371=CARTESIAN_POINT('',(1.180366088885E1,1.000000000002E-1,
-4.011226181232E0));
#5372=VERTEX_POINT('',#5371);
#5373=CARTESIAN_POINT('',(1.182739640627E1,1.000000000002E-1,
-3.995302702282E0));
#5374=VERTEX_POINT('',#5373);
#5375=CARTESIAN_POINT('',(1.184519508994E1,1.000000000002E-1,
-3.976085796906E0));
#5376=VERTEX_POINT('',#5375);
#5377=CARTESIAN_POINT('',(1.185706087895E1,1.000000000002E-1,
-3.953480917427E0));
#5378=VERTEX_POINT('',#5377);
#5379=CARTESIAN_POINT('',(1.186526686776E1,5.000000000018E-2,
-3.900577305204E0));
#5380=CARTESIAN_POINT('',(1.186217041684E1,5.000000000018E-2,
-3.931774244994E0));
#5381=VERTEX_POINT('',#5379);
#5382=VERTEX_POINT('',#5380);
#5383=CARTESIAN_POINT('',(1.185706087895E1,5.000000000018E-2,
-3.953480917434E0));
#5384=VERTEX_POINT('',#5383);
#5385=CARTESIAN_POINT('',(1.184519508994E1,5.000000000018E-2,
-3.976085796906E0));
#5386=VERTEX_POINT('',#5385);
#5387=CARTESIAN_POINT('',(1.182739640627E1,5.000000000018E-2,
-3.995302702279E0));
#5388=VERTEX_POINT('',#5387);
#5389=CARTESIAN_POINT('',(1.180366088885E1,5.000000000018E-2,
-4.011226181232E0));
#5390=VERTEX_POINT('',#5389);
#5391=CARTESIAN_POINT('',(1.177254667848E1,5.000000000018E-2,
-4.022142549788E0));
#5392=VERTEX_POINT('',#5391);
#5393=CARTESIAN_POINT('',(1.173258827977E1,5.000000000018E-2,
-4.026290848319E0));
#5394=VERTEX_POINT('',#5393);
#5395=CARTESIAN_POINT('',(1.168378175265E1,5.000000000018E-2,
-4.023710472665E0));
#5396=VERTEX_POINT('',#5395);
#5397=CARTESIAN_POINT('',(1.162417704214E1,5.000000000018E-2,
-4.013589884295E0));
#5398=VERTEX_POINT('',#5397);
#5399=CARTESIAN_POINT('',(1.156994975619E1,5.000000000018E-2,
-3.997130632666E0));
#5400=VERTEX_POINT('',#5399);
#5401=CARTESIAN_POINT('',(1.152114716850E1,5.000000000018E-2,
-3.974376051697E0));
#5402=VERTEX_POINT('',#5401);
#5403=CARTESIAN_POINT('',(1.147828535461E1,5.000000000018E-2,
-3.947256499591E0));
#5404=VERTEX_POINT('',#5403);
#5405=CARTESIAN_POINT('',(1.144151401507E1,5.000000000018E-2,
-3.917643240667E0));
#5406=VERTEX_POINT('',#5405);
#5407=CARTESIAN_POINT('',(1.141087254539E1,5.000000000018E-2,
-3.885489000947E0));
#5408=VERTEX_POINT('',#5407);
#5409=CARTESIAN_POINT('',(1.139374751732E1,5.000000000018E-2,
-3.861733786103E0));
#5410=VERTEX_POINT('',#5409);
#5411=CARTESIAN_POINT('',(1.138069987662E1,5.000000000018E-2,
-3.836989755334E0));
#5412=VERTEX_POINT('',#5411);
#5413=CARTESIAN_POINT('',(1.137159962019E1,5.000000000018E-2,
-3.811335698924E0));
#5414=VERTEX_POINT('',#5413);
#5415=CARTESIAN_POINT('',(1.136578491103E1,5.000000000018E-2,
-3.780056029398E0));
#5416=VERTEX_POINT('',#5415);
#5417=CARTESIAN_POINT('',(1.136229450943E1,5.000000000018E-2,
-3.738695166638E0));
#5418=VERTEX_POINT('',#5417);
#5419=CARTESIAN_POINT('',(1.136113235548E1,5.000000000018E-2,
-3.687130986095E0));
#5420=VERTEX_POINT('',#5419);
#5421=CARTESIAN_POINT('',(1.136113235548E1,5.000000000018E-2,
-3.608947570408E0));
#5422=VERTEX_POINT('',#5421);
#5423=CARTESIAN_POINT('',(1.186630295737E1,5.000000000018E-2,
-3.770589398875E0));
#5424=VERTEX_POINT('',#5423);
#5425=CARTESIAN_POINT('',(1.186630295737E1,5.000000000018E-2,
-3.859925553156E0));
#5426=VERTEX_POINT('',#5425);
#5427=CARTESIAN_POINT('',(1.199002705068E1,1.000000000002E-1,
-8.181905248027E0));
#5428=VERTEX_POINT('',#5427);
#5429=CARTESIAN_POINT('',(1.148851624899E1,1.000000000002E-1,
-8.021208900588E0));
#5430=VERTEX_POINT('',#5429);
#5431=CARTESIAN_POINT('',(1.199002705068E1,1.000000000002E-1,
-8.324999887302E0));
#5432=VERTEX_POINT('',#5431);
#5433=CARTESIAN_POINT('',(1.124055986626E1,1.000000000002E-1,
-8.085233735389E0));
#5434=VERTEX_POINT('',#5433);
#5435=CARTESIAN_POINT('',(1.124055986626E1,1.000000000002E-1,
-7.941441804007E0));
#5436=VERTEX_POINT('',#5435);
#5437=CARTESIAN_POINT('',(1.174416254526E1,1.000000000002E-1,
-7.795073436056E0));
#5438=VERTEX_POINT('',#5437);
#5439=CARTESIAN_POINT('',(1.124055986626E1,1.000000000002E-1,
-7.633801920767E0));
#5440=VERTEX_POINT('',#5439);
#5441=CARTESIAN_POINT('',(1.124055986626E1,1.000000000002E-1,
-7.490195145976E0));
#5442=VERTEX_POINT('',#5441);
#5443=CARTESIAN_POINT('',(1.199002705068E1,1.000000000002E-1,
-7.729949479305E0));
#5444=VERTEX_POINT('',#5443);
#5445=CARTESIAN_POINT('',(1.199002705068E1,1.000000000002E-1,
-7.874095966197E0));
#5446=VERTEX_POINT('',#5445);
#5447=CARTESIAN_POINT('',(1.199002705068E1,1.000000000002E-1,
-4.467775412912E0));
#5448=VERTEX_POINT('',#5447);
#5449=CARTESIAN_POINT('',(1.124055986626E1,1.000000000002E-1,
-4.227820164995E0));
#5450=VERTEX_POINT('',#5449);
#5451=CARTESIAN_POINT('',(1.199002705068E1,1.000000000002E-1,
-5.023367739048E0));
#5452=VERTEX_POINT('',#5451);
#5453=CARTESIAN_POINT('',(1.186473897391E1,1.000000000002E-1,
-4.983413279591E0));
#5454=VERTEX_POINT('',#5453);
#5455=CARTESIAN_POINT('',(1.186473897391E1,1.000000000002E-1,
-4.582080149713E0));
#5456=VERTEX_POINT('',#5455);
#5457=CARTESIAN_POINT('',(1.169460751229E1,1.000000000002E-1,
-4.527380123089E0));
#5458=VERTEX_POINT('',#5457);
#5459=CARTESIAN_POINT('',(1.169460751229E1,1.000000000002E-1,
-4.915279541090E0));
#5460=VERTEX_POINT('',#5459);
#5461=CARTESIAN_POINT('',(1.156931943551E1,1.000000000002E-1,
-4.875325081631E0));
#5462=VERTEX_POINT('',#5461);
#5463=CARTESIAN_POINT('',(1.156931943551E1,1.000000000002E-1,
-4.487240506878E0));
#5464=VERTEX_POINT('',#5463);
#5465=CARTESIAN_POINT('',(1.136584794303E1,1.000000000002E-1,
-4.417660970084E0));
#5466=VERTEX_POINT('',#5465);
#5467=CARTESIAN_POINT('',(1.136584794303E1,1.000000000002E-1,
-4.853720836440E0));
#5468=VERTEX_POINT('',#5467);
#5469=CARTESIAN_POINT('',(1.124055986626E1,1.000000000002E-1,
-4.813258180718E0));
#5470=VERTEX_POINT('',#5469);
#5471=CARTESIAN_POINT('',(1.177626951067E1,1.000000000002E-1,
-6.581721661573E0));
#5472=VERTEX_POINT('',#5471);
#5473=CARTESIAN_POINT('',(1.184026676922E1,1.000000000002E-1,
-6.576753946016E0));
#5474=VERTEX_POINT('',#5473);
#5475=CARTESIAN_POINT('',(1.176964720307E1,1.000000000002E-1,
-6.433182626643E0));
#5476=VERTEX_POINT('',#5475);
#5477=CARTESIAN_POINT('',(1.180266813349E1,1.000000000002E-1,
-6.429991627722E0));
#5478=VERTEX_POINT('',#5477);
#5479=CARTESIAN_POINT('',(1.183015012027E1,1.000000000002E-1,
-6.420087711940E0));
#5480=VERTEX_POINT('',#5479);
#5481=CARTESIAN_POINT('',(1.185200255447E1,1.000000000002E-1,
-6.403435424556E0));
#5482=VERTEX_POINT('',#5481);
#5483=CARTESIAN_POINT('',(1.186787482E1,1.000000000002E-1,-6.379550205967E0));
#5484=VERTEX_POINT('',#5483);
#5485=CARTESIAN_POINT('',(1.187742417993E1,1.000000000002E-1,
-6.347939618087E0));
#5486=VERTEX_POINT('',#5485);
#5487=VERTEX_POINT('',#2771);
#5488=VERTEX_POINT('',#2780);
#5489=CARTESIAN_POINT('',(1.187061277599E1,1.000000000002E-1,
-6.238441077084E0));
#5490=VERTEX_POINT('',#5489);
#5491=CARTESIAN_POINT('',(1.185811272655E1,1.000000000002E-1,
-6.214788289412E0));
#5492=VERTEX_POINT('',#5491);
#5493=CARTESIAN_POINT('',(1.184181499468E1,1.000000000002E-1,
-6.197730232766E0));
#5494=VERTEX_POINT('',#5493);
#5495=CARTESIAN_POINT('',(1.182292506823E1,1.000000000002E-1,
-6.186510522452E0));
#5496=VERTEX_POINT('',#5495);
#5497=VERTEX_POINT('',#2805);
#5498=VERTEX_POINT('',#2810);
#5499=CARTESIAN_POINT('',(1.176341096664E1,1.000000000002E-1,
-6.188023292495E0));
#5500=VERTEX_POINT('',#5499);
#5501=CARTESIAN_POINT('',(1.174818084038E1,1.000000000002E-1,
-6.200286971586E0));
#5502=VERTEX_POINT('',#5501);
#5503=CARTESIAN_POINT('',(1.173211553908E1,1.000000000002E-1,
-6.221875458874E0));
#5504=VERTEX_POINT('',#5503);
#5505=CARTESIAN_POINT('',(1.171252238218E1,1.000000000002E-1,
-6.256640706117E0));
#5506=VERTEX_POINT('',#5505);
#5507=CARTESIAN_POINT('',(1.165457426266E1,1.000000000002E-1,
-6.376540424215E0));
#5508=VERTEX_POINT('',#5507);
#5509=CARTESIAN_POINT('',(1.162447250506E1,1.000000000002E-1,
-6.428069149002E0));
#5510=VERTEX_POINT('',#5509);
#5511=CARTESIAN_POINT('',(1.159897602901E1,1.000000000002E-1,
-6.459210935958E0));
#5512=VERTEX_POINT('',#5511);
#5513=CARTESIAN_POINT('',(1.156157436879E1,1.000000000002E-1,
-6.484305582496E0));
#5514=VERTEX_POINT('',#5513);
#5515=CARTESIAN_POINT('',(1.151777495239E1,1.000000000002E-1,
-6.497006546856E0));
#5516=VERTEX_POINT('',#5515);
#5517=CARTESIAN_POINT('',(1.146757777981E1,1.000000000002E-1,
-6.497286251447E0));
#5518=VERTEX_POINT('',#5517);
#5519=CARTESIAN_POINT('',(1.140464812754E1,1.000000000002E-1,
-6.481555808255E0));
#5520=VERTEX_POINT('',#5519);
#5521=CARTESIAN_POINT('',(1.134815956570E1,1.000000000002E-1,
-6.449090347592E0));
#5522=VERTEX_POINT('',#5521);
#5523=CARTESIAN_POINT('',(1.129814755004E1,1.000000000002E-1,
-6.399901688706E0));
#5524=VERTEX_POINT('',#5523);
#5525=CARTESIAN_POINT('',(1.125904796320E1,1.000000000002E-1,
-6.336381110264E0));
#5526=VERTEX_POINT('',#5525);
#5527=CARTESIAN_POINT('',(1.123562366637E1,1.000000000002E-1,
-6.260912013374E0));
#5528=VERTEX_POINT('',#5527);
#5529=CARTESIAN_POINT('',(1.122782344682E1,1.000000000002E-1,
-6.173423486909E0));
#5530=VERTEX_POINT('',#5529);
#5531=CARTESIAN_POINT('',(1.123142809383E1,1.000000000002E-1,
-6.112290248696E0));
#5532=VERTEX_POINT('',#5531);
#5533=CARTESIAN_POINT('',(1.124224203489E1,1.000000000002E-1,
-6.057700528416E0));
#5534=VERTEX_POINT('',#5533);
#5535=CARTESIAN_POINT('',(1.126027314915E1,1.000000000002E-1,
-6.009685841721E0));
#5536=VERTEX_POINT('',#5535);
#5537=CARTESIAN_POINT('',(1.128470989842E1,1.000000000002E-1,
-5.969778656436E0));
#5538=VERTEX_POINT('',#5537);
#5539=CARTESIAN_POINT('',(1.131477226085E1,1.000000000002E-1,
-5.939791144586E0));
#5540=VERTEX_POINT('',#5539);
#5541=CARTESIAN_POINT('',(1.135049175243E1,1.000000000002E-1,
-5.919746943029E0));
#5542=VERTEX_POINT('',#5541);
#5543=CARTESIAN_POINT('',(1.139093471074E1,1.000000000002E-1,
-5.908326318120E0));
#5544=VERTEX_POINT('',#5543);
#5545=CARTESIAN_POINT('',(1.143521868607E1,1.000000000002E-1,
-5.904225293589E0));
#5546=VERTEX_POINT('',#5545);
#5547=CARTESIAN_POINT('',(1.148345792451E1,1.000000000002E-1,
-5.907506901099E0));
#5548=VERTEX_POINT('',#5547);
#5549=CARTESIAN_POINT('',(1.149113469802E1,1.000000000002E-1,
-6.055116191022E0));
#5550=VERTEX_POINT('',#5549);
#5551=CARTESIAN_POINT('',(1.144944029897E1,1.000000000002E-1,
-6.054422860317E0));
#5552=VERTEX_POINT('',#5551);
#5553=CARTESIAN_POINT('',(1.141790062225E1,1.000000000002E-1,
-6.058890258943E0));
#5554=VERTEX_POINT('',#5553);
#5555=CARTESIAN_POINT('',(1.139655638415E1,1.000000000002E-1,
-6.068486892877E0));
#5556=VERTEX_POINT('',#5555);
#5557=CARTESIAN_POINT('',(1.137433363677E1,1.000000000002E-1,
-6.094909152875E0));
#5558=VERTEX_POINT('',#5557);
#5559=CARTESIAN_POINT('',(1.136102992832E1,1.000000000002E-1,
-6.135044829657E0));
#5560=VERTEX_POINT('',#5559);
#5561=CARTESIAN_POINT('',(1.135660192486E1,1.000000000002E-1,
-6.188811193530E0));
#5562=VERTEX_POINT('',#5561);
#5563=CARTESIAN_POINT('',(1.135961958544E1,1.000000000002E-1,
-6.234927038648E0));
#5564=VERTEX_POINT('',#5563);
#5565=CARTESIAN_POINT('',(1.136864893103E1,1.000000000002E-1,
-6.272403549458E0));
#5566=VERTEX_POINT('',#5565);
#5567=CARTESIAN_POINT('',(1.138365056578E1,1.000000000002E-1,
-6.301240725927E0));
#5568=VERTEX_POINT('',#5567);
#5569=CARTESIAN_POINT('',(1.140302111208E1,1.000000000002E-1,
-6.322167376519E0));
#5570=VERTEX_POINT('',#5569);
#5571=CARTESIAN_POINT('',(1.142483021136E1,1.000000000002E-1,
-6.335884732739E0));
#5572=VERTEX_POINT('',#5571);
#5573=CARTESIAN_POINT('',(1.144908968321E1,1.000000000002E-1,
-6.342357339505E0));
#5574=VERTEX_POINT('',#5573);
#5575=CARTESIAN_POINT('',(1.147013845805E1,1.000000000002E-1,
-6.341620651899E0));
#5576=VERTEX_POINT('',#5575);
#5577=CARTESIAN_POINT('',(1.148893777591E1,1.000000000002E-1,
-6.334470450450E0));
#5578=VERTEX_POINT('',#5577);
#5579=CARTESIAN_POINT('',(1.150545218071E1,1.000000000002E-1,
-6.320890976816E0));
#5580=VERTEX_POINT('',#5579);
#5581=CARTESIAN_POINT('',(1.151898831975E1,1.000000000002E-1,
-6.301934078961E0));
#5582=VERTEX_POINT('',#5581);
#5583=CARTESIAN_POINT('',(1.153722084142E1,1.000000000002E-1,
-6.268414780927E0));
#5584=VERTEX_POINT('',#5583);
#5585=CARTESIAN_POINT('',(1.158392711989E1,1.000000000002E-1,
-6.170134000313E0));
#5586=VERTEX_POINT('',#5585);
#5587=CARTESIAN_POINT('',(1.160496013711E1,1.000000000002E-1,
-6.130077113764E0));
#5588=VERTEX_POINT('',#5587);
#5589=CARTESIAN_POINT('',(1.162323156112E1,1.000000000002E-1,
-6.100172331677E0));
#5590=VERTEX_POINT('',#5589);
#5591=CARTESIAN_POINT('',(1.164179450863E1,1.000000000002E-1,
-6.077413811300E0));
#5592=VERTEX_POINT('',#5591);
#5593=CARTESIAN_POINT('',(1.166365088191E1,1.000000000002E-1,
-6.058772073776E0));
#5594=VERTEX_POINT('',#5593);
#5595=CARTESIAN_POINT('',(1.168884007679E1,1.000000000002E-1,
-6.044306211364E0));
#5596=VERTEX_POINT('',#5595);
#5597=CARTESIAN_POINT('',(1.171735421376E1,1.000000000002E-1,
-6.034685940260E0));
#5598=VERTEX_POINT('',#5597);
#5599=CARTESIAN_POINT('',(1.174885449565E1,1.000000000002E-1,
-6.030517943977E0));
#5600=VERTEX_POINT('',#5599);
#5601=CARTESIAN_POINT('',(1.178341971245E1,1.000000000002E-1,
-6.031806162265E0));
#5602=VERTEX_POINT('',#5601);
#5603=CARTESIAN_POINT('',(1.184294563263E1,1.000000000002E-1,
-6.046047472581E0));
#5604=VERTEX_POINT('',#5603);
#5605=CARTESIAN_POINT('',(1.189525831902E1,1.000000000002E-1,
-6.074734947888E0));
#5606=VERTEX_POINT('',#5605);
#5607=CARTESIAN_POINT('',(1.194047201770E1,1.000000000002E-1,
-6.117868587846E0));
#5608=VERTEX_POINT('',#5607);
#5609=CARTESIAN_POINT('',(1.197508450851E1,1.000000000002E-1,
-6.174246843691E0));
#5610=VERTEX_POINT('',#5609);
#5611=CARTESIAN_POINT('',(1.199585357877E1,1.000000000002E-1,
-6.242691803131E0));
#5612=VERTEX_POINT('',#5611);
#5613=CARTESIAN_POINT('',(1.200277528871E1,1.000000000002E-1,
-6.323203466122E0));
#5614=VERTEX_POINT('',#5613);
#5615=CARTESIAN_POINT('',(1.199590873160E1,1.000000000002E-1,
-6.403750584893E0));
#5616=VERTEX_POINT('',#5615);
#5617=CARTESIAN_POINT('',(1.197531693910E1,1.000000000002E-1,
-6.469516680917E0));
#5618=VERTEX_POINT('',#5617);
#5619=CARTESIAN_POINT('',(1.194099991122E1,1.000000000002E-1,
-6.520505693931E0));
#5620=VERTEX_POINT('',#5619);
#5621=CARTESIAN_POINT('',(1.189514801301E1,1.000000000002E-1,
-6.556347310111E0));
#5622=VERTEX_POINT('',#5621);
#5623=CARTESIAN_POINT('',(1.199810697550E1,1.000000000002E-1,
-7.098860479994E0));
#5624=VERTEX_POINT('',#5623);
#5625=CARTESIAN_POINT('',(1.198405870059E1,1.000000000002E-1,
-7.035607787825E0));
#5626=VERTEX_POINT('',#5625);
#5627=CARTESIAN_POINT('',(1.200277528871E1,1.000000000002E-1,
-7.166103890264E0));
#5628=VERTEX_POINT('',#5627);
#5629=CARTESIAN_POINT('',(1.199317471536E1,1.000000000002E-1,
-7.251756607511E0));
#5630=VERTEX_POINT('',#5629);
#5631=CARTESIAN_POINT('',(1.196437693371E1,1.000000000002E-1,
-7.323412263277E0));
#5632=VERTEX_POINT('',#5631);
#5633=CARTESIAN_POINT('',(1.191638588419E1,1.000000000002E-1,
-7.381070858242E0));
#5634=VERTEX_POINT('',#5633);
#5635=CARTESIAN_POINT('',(1.185253832715E1,1.000000000002E-1,
-7.421612303961E0));
#5636=VERTEX_POINT('',#5635);
#5637=VERTEX_POINT('',#3401);
#5638=VERTEX_POINT('',#3406);
#5639=CARTESIAN_POINT('',(1.160914783080E1,1.000000000002E-1,
-7.426375165513E0));
#5640=VERTEX_POINT('',#5639);
#5641=CARTESIAN_POINT('',(1.153262688598E1,1.000000000002E-1,
-7.399318645420E0));
#5642=VERTEX_POINT('',#5641);
#5643=CARTESIAN_POINT('',(1.145780386811E1,1.000000000002E-1,
-7.360037841056E0));
#5644=VERTEX_POINT('',#5643);
#5645=CARTESIAN_POINT('',(1.138952042846E1,1.000000000002E-1,
-7.310853121605E0));
#5646=VERTEX_POINT('',#5645);
#5647=CARTESIAN_POINT('',(1.133263397652E1,1.000000000002E-1,
-7.254088794245E0));
#5648=VERTEX_POINT('',#5647);
#5649=CARTESIAN_POINT('',(1.128714845206E1,1.000000000002E-1,
-7.189756677919E0));
#5650=VERTEX_POINT('',#5649);
#5651=CARTESIAN_POINT('',(1.125387539296E1,1.000000000002E-1,
-7.119440453876E0));
#5652=VERTEX_POINT('',#5651);
#5653=CARTESIAN_POINT('',(1.123393755832E1,1.000000000002E-1,
-7.045113813541E0));
#5654=VERTEX_POINT('',#5653);
#5655=CARTESIAN_POINT('',(1.122729555297E1,1.000000000002E-1,
-6.966721604076E0));
#5656=VERTEX_POINT('',#5655);
#5657=CARTESIAN_POINT('',(1.123258630803E1,1.000000000002E-1,
-6.901227333818E0));
#5658=VERTEX_POINT('',#5657);
#5659=CARTESIAN_POINT('',(1.124841917873E1,1.000000000002E-1,
-6.844356639879E0));
#5660=VERTEX_POINT('',#5659);
#5661=CARTESIAN_POINT('',(1.127475870897E1,1.000000000002E-1,
-6.796097704025E0));
#5662=VERTEX_POINT('',#5661);
#5663=CARTESIAN_POINT('',(1.130902452310E1,1.000000000002E-1,
-6.757214789767E0));
#5664=VERTEX_POINT('',#5663);
#5665=CARTESIAN_POINT('',(1.134833290371E1,1.000000000002E-1,
-6.728042755522E0));
#5666=VERTEX_POINT('',#5665);
#5667=CARTESIAN_POINT('',(1.139272718537E1,1.000000000002E-1,
-6.708546145228E0));
#5668=VERTEX_POINT('',#5667);
#5669=CARTESIAN_POINT('',(1.143966244753E1,1.000000000002E-1,
-6.697314616660E0));
#5670=VERTEX_POINT('',#5669);
#5671=VERTEX_POINT('',#3479);
#5672=VERTEX_POINT('',#3484);
#5673=CARTESIAN_POINT('',(1.157959760389E1,1.000000000002E-1,
-6.701931716456E0));
#5674=VERTEX_POINT('',#5673);
#5675=CARTESIAN_POINT('',(1.162626891946E1,1.000000000002E-1,
-6.713836900629E0));
#5676=VERTEX_POINT('',#5675);
#5677=CARTESIAN_POINT('',(1.167453967389E1,1.000000000002E-1,
-6.730307970838E0));
#5678=VERTEX_POINT('',#5677);
#5679=CARTESIAN_POINT('',(1.173741811274E1,1.000000000002E-1,
-6.757659953859E0));
#5680=VERTEX_POINT('',#5679);
#5681=CARTESIAN_POINT('',(1.179452123727E1,1.000000000002E-1,
-6.790495727701E0));
#5682=VERTEX_POINT('',#5681);
#5683=CARTESIAN_POINT('',(1.184589238238E1,1.000000000002E-1,
-6.828779837280E0));
#5684=VERTEX_POINT('',#5683);
#5685=CARTESIAN_POINT('',(1.189086183157E1,1.000000000002E-1,
-6.872516221347E0));
#5686=VERTEX_POINT('',#5685);
#5687=CARTESIAN_POINT('',(1.192907896938E1,1.000000000002E-1,
-6.921697001379E0));
#5688=VERTEX_POINT('',#5687);
#5689=CARTESIAN_POINT('',(1.196053985611E1,1.000000000002E-1,
-6.976263084854E0));
#5690=VERTEX_POINT('',#5689);
#5691=CARTESIAN_POINT('',(1.186840271351E1,1.000000000002E-1,
-7.185013514131E0));
#5692=CARTESIAN_POINT('',(1.187399681067E1,1.000000000002E-1,
-7.139378288518E0));
#5693=VERTEX_POINT('',#5691);
#5694=VERTEX_POINT('',#5692);
#5695=CARTESIAN_POINT('',(1.186229648084E1,1.000000000002E-1,
-7.067521717828E0));
#5696=VERTEX_POINT('',#5695);
#5697=CARTESIAN_POINT('',(1.182717185452E1,1.000000000002E-1,
-7.002358365918E0));
#5698=VERTEX_POINT('',#5697);
#5699=CARTESIAN_POINT('',(1.176859141569E1,1.000000000002E-1,
-6.943892172509E0));
#5700=VERTEX_POINT('',#5699);
#5701=CARTESIAN_POINT('',(1.169616755601E1,1.000000000002E-1,
-6.896535383440E0));
#5702=VERTEX_POINT('',#5701);
#5703=CARTESIAN_POINT('',(1.161916993141E1,1.000000000002E-1,
-6.864318111693E0));
#5704=VERTEX_POINT('',#5703);
#5705=CARTESIAN_POINT('',(1.153731863488E1,1.000000000002E-1,
-6.847287459091E0));
#5706=VERTEX_POINT('',#5705);
#5707=CARTESIAN_POINT('',(1.148867619650E1,1.000000000002E-1,
-6.847189002405E0));
#5708=VERTEX_POINT('',#5707);
#5709=CARTESIAN_POINT('',(1.144576868053E1,1.000000000002E-1,
-6.858054298685E0));
#5710=VERTEX_POINT('',#5709);
#5711=CARTESIAN_POINT('',(1.140825277456E1,1.000000000002E-1,
-6.880052494301E0));
#5712=VERTEX_POINT('',#5711);
#5713=CARTESIAN_POINT('',(1.137928953408E1,1.000000000002E-1,
-6.911505502189E0));
#5714=VERTEX_POINT('',#5713);
#5715=CARTESIAN_POINT('',(1.136188480109E1,1.000000000002E-1,
-6.950798124794E0));
#5716=VERTEX_POINT('',#5715);
#5717=CARTESIAN_POINT('',(1.135607403101E1,1.000000000002E-1,
-6.997973697042E0));
#5718=VERTEX_POINT('',#5717);
#5719=CARTESIAN_POINT('',(1.136066355455E1,1.000000000002E-1,
-7.039496079201E0));
#5720=VERTEX_POINT('',#5719);
#5721=CARTESIAN_POINT('',(1.137440454761E1,1.000000000002E-1,
-7.080979066887E0));
#5722=VERTEX_POINT('',#5721);
#5723=CARTESIAN_POINT('',(1.139725367658E1,1.000000000002E-1,
-7.122426598448E0));
#5724=VERTEX_POINT('',#5723);
#5725=CARTESIAN_POINT('',(1.142937246057E1,1.000000000002E-1,
-7.162140748330E0));
#5726=VERTEX_POINT('',#5725);
#5727=CARTESIAN_POINT('',(1.147094999623E1,1.000000000002E-1,
-7.198447226004E0));
#5728=VERTEX_POINT('',#5727);
#5729=CARTESIAN_POINT('',(1.152202961786E1,1.000000000002E-1,
-7.231428761617E0));
#5730=VERTEX_POINT('',#5729);
#5731=CARTESIAN_POINT('',(1.157722996139E1,1.000000000002E-1,
-7.258390733699E0));
#5732=VERTEX_POINT('',#5731);
#5733=CARTESIAN_POINT('',(1.163150058193E1,1.000000000002E-1,
-7.276949741808E0));
#5734=VERTEX_POINT('',#5733);
#5735=CARTESIAN_POINT('',(1.168483753968E1,1.000000000002E-1,
-7.287062451009E0));
#5736=VERTEX_POINT('',#5735);
#5737=CARTESIAN_POINT('',(1.173956514288E1,1.000000000002E-1,
-7.287866110031E0));
#5738=VERTEX_POINT('',#5737);
#5739=CARTESIAN_POINT('',(1.178580705235E1,1.000000000002E-1,
-7.277182172396E0));
#5740=VERTEX_POINT('',#5739);
#5741=CARTESIAN_POINT('',(1.182355932866E1,1.000000000002E-1,
-7.255050033610E0));
#5742=VERTEX_POINT('',#5741);
#5743=CARTESIAN_POINT('',(1.185160072495E1,1.000000000002E-1,
-7.223541872887E0));
#5744=VERTEX_POINT('',#5743);
#5745=CARTESIAN_POINT('',(1.187399681067E1,5.000000000018E-2,
-7.139378288520E0));
#5746=CARTESIAN_POINT('',(1.186840271351E1,5.000000000018E-2,
-7.185013514132E0));
#5747=VERTEX_POINT('',#5745);
#5748=VERTEX_POINT('',#5746);
#5749=CARTESIAN_POINT('',(1.185160072495E1,5.000000000018E-2,
-7.223541872884E0));
#5750=VERTEX_POINT('',#5749);
#5751=CARTESIAN_POINT('',(1.182355932866E1,5.000000000018E-2,
-7.255050033612E0));
#5752=VERTEX_POINT('',#5751);
#5753=CARTESIAN_POINT('',(1.178580705235E1,5.000000000018E-2,
-7.277182172396E0));
#5754=VERTEX_POINT('',#5753);
#5755=CARTESIAN_POINT('',(1.173956514288E1,5.000000000018E-2,
-7.287866110031E0));
#5756=VERTEX_POINT('',#5755);
#5757=CARTESIAN_POINT('',(1.168483753968E1,5.000000000018E-2,
-7.287062451009E0));
#5758=VERTEX_POINT('',#5757);
#5759=CARTESIAN_POINT('',(1.163150058193E1,5.000000000018E-2,
-7.276949741808E0));
#5760=VERTEX_POINT('',#5759);
#5761=CARTESIAN_POINT('',(1.157722996140E1,5.000000000018E-2,
-7.258390733702E0));
#5762=VERTEX_POINT('',#5761);
#5763=CARTESIAN_POINT('',(1.152202961785E1,5.000000000018E-2,
-7.231428761608E0));
#5764=VERTEX_POINT('',#5763);
#5765=CARTESIAN_POINT('',(1.147094999625E1,5.000000000018E-2,
-7.198447226017E0));
#5766=VERTEX_POINT('',#5765);
#5767=CARTESIAN_POINT('',(1.142937246057E1,5.000000000018E-2,
-7.162140748321E0));
#5768=VERTEX_POINT('',#5767);
#5769=CARTESIAN_POINT('',(1.139725367658E1,5.000000000018E-2,
-7.122426598456E0));
#5770=VERTEX_POINT('',#5769);
#5771=CARTESIAN_POINT('',(1.137440454761E1,5.000000000018E-2,
-7.080979066880E0));
#5772=VERTEX_POINT('',#5771);
#5773=CARTESIAN_POINT('',(1.136066355455E1,5.000000000018E-2,
-7.039496079195E0));
#5774=VERTEX_POINT('',#5773);
#5775=CARTESIAN_POINT('',(1.135607403101E1,5.000000000018E-2,
-6.997973697056E0));
#5776=VERTEX_POINT('',#5775);
#5777=CARTESIAN_POINT('',(1.136188480109E1,5.000000000018E-2,
-6.950798124787E0));
#5778=VERTEX_POINT('',#5777);
#5779=CARTESIAN_POINT('',(1.137928953408E1,5.000000000018E-2,
-6.911505502190E0));
#5780=VERTEX_POINT('',#5779);
#5781=CARTESIAN_POINT('',(1.140825277456E1,5.000000000018E-2,
-6.880052494302E0));
#5782=VERTEX_POINT('',#5781);
#5783=CARTESIAN_POINT('',(1.144576868053E1,5.000000000018E-2,
-6.858054298684E0));
#5784=VERTEX_POINT('',#5783);
#5785=CARTESIAN_POINT('',(1.148887080450E1,5.000000000018E-2,
-6.847149749044E0));
#5786=VERTEX_POINT('',#5785);
#5787=CARTESIAN_POINT('',(1.153755520670E1,5.000000000018E-2,
-6.847327026465E0));
#5788=VERTEX_POINT('',#5787);
#5789=CARTESIAN_POINT('',(1.161916993141E1,5.000000000018E-2,
-6.864318111694E0));
#5790=VERTEX_POINT('',#5789);
#5791=CARTESIAN_POINT('',(1.169616755600E1,5.000000000018E-2,
-6.896535383435E0));
#5792=VERTEX_POINT('',#5791);
#5793=CARTESIAN_POINT('',(1.176859141570E1,5.000000000018E-2,
-6.943892172518E0));
#5794=VERTEX_POINT('',#5793);
#5795=CARTESIAN_POINT('',(1.182717185452E1,5.000000000018E-2,
-7.002358365913E0));
#5796=VERTEX_POINT('',#5795);
#5797=CARTESIAN_POINT('',(1.186229648084E1,5.000000000018E-2,
-7.067521717829E0));
#5798=VERTEX_POINT('',#5797);
#5799=CARTESIAN_POINT('',(1.187799934778E1,1.000000000002E-1,
-5.524181248724E0));
#5800=VERTEX_POINT('',#5799);
#5801=CARTESIAN_POINT('',(1.187444591418E1,1.000000000002E-1,
-5.563930853681E0));
#5802=VERTEX_POINT('',#5801);
#5803=CARTESIAN_POINT('',(1.187369740833E1,1.000000000002E-1,
-5.475225020095E0));
#5804=VERTEX_POINT('',#5803);
#5805=CARTESIAN_POINT('',(1.186078765055E1,1.000000000002E-1,
-5.428104601366E0));
#5806=VERTEX_POINT('',#5805);
#5807=CARTESIAN_POINT('',(1.183927007444E1,1.000000000002E-1,
-5.382717564334E0));
#5808=VERTEX_POINT('',#5807);
#5809=CARTESIAN_POINT('',(1.180859708873E1,1.000000000002E-1,
-5.340781534055E0));
#5810=VERTEX_POINT('',#5809);
#5811=CARTESIAN_POINT('',(1.176854808112E1,1.000000000002E-1,
-5.303813219362E0));
#5812=VERTEX_POINT('',#5811);
#5813=CARTESIAN_POINT('',(1.171903638239E1,1.000000000002E-1,
-5.271773225371E0));
#5814=VERTEX_POINT('',#5813);
#5815=CARTESIAN_POINT('',(1.166326087099E1,1.000000000002E-1,
-5.245961588647E0));
#5816=VERTEX_POINT('',#5815);
#5817=CARTESIAN_POINT('',(1.160414859891E1,1.000000000002E-1,
-5.227646830050E0));
#5818=VERTEX_POINT('',#5817);
#5819=VERTEX_POINT('',#4035);
#5820=VERTEX_POINT('',#4040);
#5821=CARTESIAN_POINT('',(1.143745632480E1,1.000000000002E-1,
-5.224262795369E0));
#5822=VERTEX_POINT('',#5821);
#5823=CARTESIAN_POINT('',(1.140179986521E1,1.000000000002E-1,
-5.244137598014E0));
#5824=VERTEX_POINT('',#5823);
#5825=CARTESIAN_POINT('',(1.137666188409E1,1.000000000002E-1,
-5.274385117027E0));
#5826=VERTEX_POINT('',#5825);
#5827=CARTESIAN_POINT('',(1.136160903558E1,1.000000000002E-1,
-5.314638978999E0));
#5828=VERTEX_POINT('',#5827);
#5829=VERTEX_POINT('',#4065);
#5830=CARTESIAN_POINT('',(1.135817369390E1,1.000000000002E-1,
-5.398382991079E0));
#5831=VERTEX_POINT('',#5830);
#5832=CARTESIAN_POINT('',(1.136288543528E1,1.000000000002E-1,
-5.432800491143E0));
#5833=VERTEX_POINT('',#5832);
#5834=CARTESIAN_POINT('',(1.137073292917E1,1.000000000002E-1,
-5.468220580394E0));
#5835=VERTEX_POINT('',#5834);
#5836=CARTESIAN_POINT('',(1.138061714721E1,1.000000000002E-1,
-5.502474576327E0));
#5837=VERTEX_POINT('',#5836);
#5838=CARTESIAN_POINT('',(1.139178564375E1,1.000000000002E-1,
-5.533699092629E0));
#5839=VERTEX_POINT('',#5838);
#5840=CARTESIAN_POINT('',(1.140423447945E1,1.000000000002E-1,
-5.561838976705E0));
#5841=VERTEX_POINT('',#5840);
#5842=CARTESIAN_POINT('',(1.151556488991E1,1.000000000002E-1,
-5.597263005367E0));
#5843=VERTEX_POINT('',#5842);
#5844=CARTESIAN_POINT('',(1.151556488991E1,1.000000000002E-1,
-5.406011857401E0));
#5845=VERTEX_POINT('',#5844);
#5846=CARTESIAN_POINT('',(1.164085296669E1,1.000000000002E-1,
-5.446119957615E0));
#5847=VERTEX_POINT('',#5846);
#5848=CARTESIAN_POINT('',(1.164085296669E1,1.000000000002E-1,
-5.781521532222E0));
#5849=VERTEX_POINT('',#5848);
#5850=CARTESIAN_POINT('',(1.131925541747E1,1.000000000002E-1,
-5.678180437646E0));
#5851=VERTEX_POINT('',#5850);
#5852=CARTESIAN_POINT('',(1.129506291770E1,1.000000000002E-1,
-5.632915525523E0));
#5853=VERTEX_POINT('',#5852);
#5854=CARTESIAN_POINT('',(1.127342321669E1,1.000000000002E-1,
-5.581997423711E0));
#5855=VERTEX_POINT('',#5854);
#5856=CARTESIAN_POINT('',(1.125434813365E1,1.000000000002E-1,
-5.525422192697E0));
#5857=VERTEX_POINT('',#5856);
#5858=CARTESIAN_POINT('',(1.123963408265E1,1.000000000002E-1,
-5.466022336488E0));
#5859=VERTEX_POINT('',#5858);
#5860=VERTEX_POINT('',#4142);
#5861=VERTEX_POINT('',#4147);
#5862=CARTESIAN_POINT('',(1.123480424934E1,1.000000000002E-1,
-5.262259320860E0));
#5863=VERTEX_POINT('',#5862);
#5864=CARTESIAN_POINT('',(1.125574271852E1,1.000000000002E-1,
-5.193518898502E0));
#5865=VERTEX_POINT('',#5864);
#5866=CARTESIAN_POINT('',(1.129063885333E1,1.000000000002E-1,
-5.140670439103E0));
#5867=VERTEX_POINT('',#5866);
#5868=CARTESIAN_POINT('',(1.135647586052E1,1.000000000002E-1,
-5.091832395976E0));
#5869=VERTEX_POINT('',#5868);
#5870=CARTESIAN_POINT('',(1.143961554568E1,1.000000000002E-1,
-5.067280933459E0));
#5871=VERTEX_POINT('',#5870);
#5872=CARTESIAN_POINT('',(1.153984712056E1,1.000000000002E-1,
-5.067210878398E0));
#5873=VERTEX_POINT('',#5872);
#5874=CARTESIAN_POINT('',(1.161155092869E1,1.000000000002E-1,
-5.080021760141E0));
#5875=VERTEX_POINT('',#5874);
#5876=CARTESIAN_POINT('',(1.168139441241E1,1.000000000002E-1,
-5.102276023854E0));
#5877=VERTEX_POINT('',#5876);
#5878=CARTESIAN_POINT('',(1.174922086974E1,1.000000000002E-1,
-5.133953583161E0));
#5879=VERTEX_POINT('',#5878);
#5880=CARTESIAN_POINT('',(1.182362236066E1,1.000000000002E-1,
-5.181984027844E0));
#5881=VERTEX_POINT('',#5880);
#5882=CARTESIAN_POINT('',(1.188596108742E1,1.000000000002E-1,
-5.238358344274E0));
#5883=VERTEX_POINT('',#5882);
#5884=CARTESIAN_POINT('',(1.193628432401E1,1.000000000002E-1,
-5.303119866343E0));
#5885=VERTEX_POINT('',#5884);
#5886=CARTESIAN_POINT('',(1.197322506213E1,1.000000000002E-1,
-5.375043408778E0));
#5887=VERTEX_POINT('',#5886);
#5888=CARTESIAN_POINT('',(1.199538871692E1,1.000000000002E-1,
-5.452844692387E0));
#5889=VERTEX_POINT('',#5888);
#5890=CARTESIAN_POINT('',(1.200277528871E1,1.000000000002E-1,
-5.536480383237E0));
#5891=VERTEX_POINT('',#5890);
#5892=CARTESIAN_POINT('',(1.199607813052E1,1.000000000002E-1,
-5.616594156158E0));
#5893=VERTEX_POINT('',#5892);
#5894=CARTESIAN_POINT('',(1.197596301812E1,1.000000000002E-1,
-5.683809990220E0));
#5895=VERTEX_POINT('',#5894);
#5896=CARTESIAN_POINT('',(1.194239449609E1,1.000000000002E-1,
-5.738123945332E0));
#5897=VERTEX_POINT('',#5896);
#5898=CARTESIAN_POINT('',(1.189609743379E1,1.000000000002E-1,
-5.779323288321E0));
#5899=VERTEX_POINT('',#5898);
#5900=CARTESIAN_POINT('',(1.183751305522E1,1.000000000002E-1,
-5.807478930366E0));
#5901=VERTEX_POINT('',#5900);
#5902=CARTESIAN_POINT('',(1.176666893731E1,1.000000000002E-1,
-5.822559355458E0));
#5903=VERTEX_POINT('',#5902);
#5904=CARTESIAN_POINT('',(1.175027271735E1,1.000000000002E-1,
-5.677124650281E0));
#5905=VERTEX_POINT('',#5904);
#5906=CARTESIAN_POINT('',(1.178905714386E1,1.000000000002E-1,
-5.666192524058E0));
#5907=VERTEX_POINT('',#5906);
#5908=CARTESIAN_POINT('',(1.182094349726E1,1.000000000002E-1,
-5.649406293166E0));
#5909=VERTEX_POINT('',#5908);
#5910=CARTESIAN_POINT('',(1.184589238238E1,1.000000000002E-1,
-5.626687167944E0));
#5911=VERTEX_POINT('',#5910);
#5912=CARTESIAN_POINT('',(1.186375803713E1,1.000000000002E-1,
-5.598074543560E0));
#5913=VERTEX_POINT('',#5912);
#5914=CARTESIAN_POINT('',(1.124055986626E1,1.000000000002E-1,
-2.909380484579E0));
#5915=VERTEX_POINT('',#5914);
#5916=CARTESIAN_POINT('',(1.198857789572E1,1.000000000002E-1,
-2.909380484579E0));
#5917=VERTEX_POINT('',#5916);
#5918=CARTESIAN_POINT('',(1.124055986626E1,1.000000000002E-1,
-1.415007861405E0));
#5919=VERTEX_POINT('',#5918);
#5920=CARTESIAN_POINT('',(1.198857789572E1,1.000000000002E-1,
-1.415007861406E0));
#5921=VERTEX_POINT('',#5920);
#5922=CARTESIAN_POINT('',(1.273577180289E1,1.000000000002E-1,
-2.162186577407E0));
#5923=VERTEX_POINT('',#5922);
#5924=CARTESIAN_POINT('',(1.128458381615E1,1.000000000002E-1,
-2.162194172700E0));
#5925=CARTESIAN_POINT('',(1.198862125866E1,1.000000000002E-1,
-2.868043398415E0));
#5926=VERTEX_POINT('',#5924);
#5927=VERTEX_POINT('',#5925);
#5928=CARTESIAN_POINT('',(1.198862125866E1,1.000000000002E-1,
-1.456344946989E0));
#5929=VERTEX_POINT('',#5928);
#5930=CARTESIAN_POINT('',(1.198862125866E1,5.000000000018E-2,
-2.868043398415E0));
#5931=CARTESIAN_POINT('',(1.128458381615E1,5.000000000018E-2,
-2.162194172700E0));
#5932=VERTEX_POINT('',#5930);
#5933=VERTEX_POINT('',#5931);
#5934=CARTESIAN_POINT('',(1.198862125866E1,5.000000000018E-2,
-1.456344946988E0));
#5935=VERTEX_POINT('',#5934);
#5936=CARTESIAN_POINT('',(1.324499999994E1,2.849999999281E0,-7.599999999760E0));
#5937=CARTESIAN_POINT('',(1.324499999994E1,2.849999999281E0,-8.099999999760E0));
#5938=VERTEX_POINT('',#5936);
#5939=VERTEX_POINT('',#5937);
#5940=CARTESIAN_POINT('',(1.324499999994E1,4.650000001001E0,-7.599999999760E0));
#5941=CARTESIAN_POINT('',(1.324499999994E1,4.650000001001E0,-8.099999999760E0));
#5942=VERTEX_POINT('',#5940);
#5943=VERTEX_POINT('',#5941);
#5944=CARTESIAN_POINT('',(1.102999999990E1,6.349776769080E0,-3.600000000900E0));
#5945=VERTEX_POINT('',#5944);
#5946=CARTESIAN_POINT('',(1.183000000010E1,6.349776769080E0,-3.600000000900E0));
#5947=VERTEX_POINT('',#5946);
#5948=CARTESIAN_POINT('',(5.319999999940E0,5.000000000018E-2,
-9.199999999760E0));
#5949=CARTESIAN_POINT('',(5.319999999940E0,7.049999998042E0,-9.199999999758E0));
#5950=VERTEX_POINT('',#5948);
#5951=VERTEX_POINT('',#5949);
#5952=CARTESIAN_POINT('',(5.619999999940E0,2.849999999281E0,-9.199999999760E0));
#5953=CARTESIAN_POINT('',(6.044999999118E0,2.849999999281E0,-9.200000003016E0));
#5954=VERTEX_POINT('',#5952);
#5955=VERTEX_POINT('',#5953);
#5956=CARTESIAN_POINT('',(5.619999999940E0,4.650000001001E0,-9.199999999760E0));
#5957=VERTEX_POINT('',#5956);
#5958=CARTESIAN_POINT('',(6.044999999174E0,4.650000001001E0,-9.199999999760E0));
#5959=VERTEX_POINT('',#5958);
#5960=CARTESIAN_POINT('',(6.044999999174E0,5.199776767840E0,-9.199999999760E0));
#5961=VERTEX_POINT('',#5960);
#5962=CARTESIAN_POINT('',(6.870000001280E0,5.199776767840E0,-9.199999999760E0));
#5963=VERTEX_POINT('',#5962);
#5964=CARTESIAN_POINT('',(6.870000001280E0,5.649776767E0,-9.199999999760E0));
#5965=VERTEX_POINT('',#5964);
#5966=CARTESIAN_POINT('',(6.569999999300E0,5.649776767E0,-9.199999999760E0));
#5967=VERTEX_POINT('',#5966);
#5968=CARTESIAN_POINT('',(6.220000000800E0,6.549776767860E0,-9.199999999760E0));
#5969=VERTEX_POINT('',#5968);
#5970=CARTESIAN_POINT('',(9.020000001500E0,6.549776767860E0,-9.199999999760E0));
#5971=VERTEX_POINT('',#5970);
#5972=CARTESIAN_POINT('',(8.670000000460E0,5.649776767E0,-9.199999999760E0));
#5973=VERTEX_POINT('',#5972);
#5974=CARTESIAN_POINT('',(8.370000001020E0,5.649776767E0,-9.199999999760E0));
#5975=VERTEX_POINT('',#5974);
#5976=CARTESIAN_POINT('',(8.370000001020E0,5.199776767840E0,-9.199999999760E0));
#5977=VERTEX_POINT('',#5976);
#5978=CARTESIAN_POINT('',(9.194999990804E0,5.199776767840E0,-9.200000005292E0));
#5979=VERTEX_POINT('',#5978);
#5980=CARTESIAN_POINT('',(9.194999991093E0,4.497765636634E-1,
-9.200000049560E0));
#5981=VERTEX_POINT('',#5980);
#5982=CARTESIAN_POINT('',(8.341462289094E0,4.497760193130E-1,
-9.200000044029E0));
#5983=VERTEX_POINT('',#5982);
#5984=CARTESIAN_POINT('',(6.044999998959E0,4.499998864636E-1,
-9.200000027704E0));
#5985=CARTESIAN_POINT('',(6.898888352367E0,4.499996925034E-1,
-9.200000024448E0));
#5986=VERTEX_POINT('',#5984);
#5987=VERTEX_POINT('',#5985);
#5988=CARTESIAN_POINT('',(5.319999999940E0,7.1E0,-6.200000000280E0));
#5989=VERTEX_POINT('',#5988);
#5990=CARTESIAN_POINT('',(5.319999999940E0,7.289999998E0,-6.200000000280E0));
#5991=VERTEX_POINT('',#5990);
#5992=CARTESIAN_POINT('',(5.319999999940E0,7.289999998E0,-5.999999998960E0));
#5993=VERTEX_POINT('',#5992);
#5994=CARTESIAN_POINT('',(5.319999999940E0,7.089999999229E0,-5.800000000180E0));
#5995=VERTEX_POINT('',#5994);
#5996=CARTESIAN_POINT('',(5.319999999940E0,7.050000000301E0,-5.800000000181E0));
#5997=VERTEX_POINT('',#5996);
#5998=CARTESIAN_POINT('',(5.319999999940E0,7.050000001064E0,
-4.999999748635E-1));
#5999=VERTEX_POINT('',#5998);
#6000=CARTESIAN_POINT('',(5.319999999940E0,6.550000001664E0,
-2.997602166488E-13));
#6001=VERTEX_POINT('',#6000);
#6002=CARTESIAN_POINT('',(5.319999999940E0,5.000000000018E-2,
1.903710992870E-14));
#6003=VERTEX_POINT('',#6002);
#6004=CARTESIAN_POINT('',(7.219999999820E0,2.65E0,1.913369240826E-13));
#6005=CARTESIAN_POINT('',(8.019999999820E0,2.65E0,1.913369240826E-13));
#6006=VERTEX_POINT('',#6004);
#6007=VERTEX_POINT('',#6005);
#6008=CARTESIAN_POINT('',(8.019999999820E0,3.45E0,2.286430298655E-13));
#6009=VERTEX_POINT('',#6008);
#6010=CARTESIAN_POINT('',(7.219999999820E0,3.45E0,2.286430298655E-13));
#6011=VERTEX_POINT('',#6010);
#6012=CARTESIAN_POINT('',(8.019999999820E0,2.65E0,2.800000000241E0));
#6013=CARTESIAN_POINT('',(7.219999999820E0,2.65E0,2.800000000241E0));
#6014=VERTEX_POINT('',#6012);
#6015=VERTEX_POINT('',#6013);
#6016=CARTESIAN_POINT('',(7.819999999820E0,2.85E0,3.400000000240E0));
#6017=VERTEX_POINT('',#6016);
#6018=CARTESIAN_POINT('',(7.419999999820E0,2.85E0,3.400000000240E0));
#6019=VERTEX_POINT('',#6018);
#6020=CARTESIAN_POINT('',(7.819999999820E0,3.25E0,3.400000000240E0));
#6021=CARTESIAN_POINT('',(8.019999999820E0,3.45E0,2.800000000241E0));
#6022=VERTEX_POINT('',#6020);
#6023=VERTEX_POINT('',#6021);
#6024=CARTESIAN_POINT('',(7.219999999820E0,3.45E0,2.800000000241E0));
#6025=CARTESIAN_POINT('',(7.419999999820E0,3.25E0,3.400000000240E0));
#6026=VERTEX_POINT('',#6024);
#6027=VERTEX_POINT('',#6025);
#6028=CARTESIAN_POINT('',(5.804999999940E0,2.849999999281E0,-7.599999999760E0));
#6029=CARTESIAN_POINT('',(5.804999999940E0,2.849999999281E0,-8.099999999760E0));
#6030=VERTEX_POINT('',#6028);
#6031=VERTEX_POINT('',#6029);
#6032=CARTESIAN_POINT('',(6.058962987640E0,2.849999999281E0,-7.599999999760E0));
#6033=VERTEX_POINT('',#6032);
#6034=CARTESIAN_POINT('',(5.804999999940E0,4.650000001001E0,-7.599999999760E0));
#6035=CARTESIAN_POINT('',(5.804999999940E0,4.650000001001E0,-8.099999999760E0));
#6036=VERTEX_POINT('',#6034);
#6037=VERTEX_POINT('',#6035);
#6038=CARTESIAN_POINT('',(6.058962987640E0,4.650000001001E0,-7.599999999760E0));
#6039=VERTEX_POINT('',#6038);
#6040=CARTESIAN_POINT('',(6.104342700144E0,5.199776767840E0,-2.400000000600E0));
#6041=CARTESIAN_POINT('',(6.104342700144E0,6.500000912226E-1,
-2.400000000600E0));
#6042=VERTEX_POINT('',#6040);
#6043=VERTEX_POINT('',#6041);
#6044=CARTESIAN_POINT('',(6.051981525226E0,6.500004215227E-1,
-8.399996390257E0));
#6045=VERTEX_POINT('',#6044);
#6046=CARTESIAN_POINT('',(9.135657289737E0,6.497769750747E-1,
-2.400000000600E0));
#6047=CARTESIAN_POINT('',(9.135657289737E0,5.199776767840E0,-2.400000000600E0));
#6048=VERTEX_POINT('',#6046);
#6049=VERTEX_POINT('',#6047);
#6050=CARTESIAN_POINT('',(8.370000001020E0,5.199776767840E0,-2.400000000600E0));
#6051=VERTEX_POINT('',#6050);
#6052=CARTESIAN_POINT('',(8.370000001020E0,5.649776767E0,-2.400000000600E0));
#6053=VERTEX_POINT('',#6052);
#6054=CARTESIAN_POINT('',(8.670000000460E0,5.649776767E0,-2.400000000600E0));
#6055=VERTEX_POINT('',#6054);
#6056=CARTESIAN_POINT('',(9.020000001500E0,6.549776767860E0,-2.400000000600E0));
#6057=VERTEX_POINT('',#6056);
#6058=CARTESIAN_POINT('',(8.019999999980E0,6.549776767860E0,-2.400000000600E0));
#6059=VERTEX_POINT('',#6058);
#6060=CARTESIAN_POINT('',(8.019999999980E0,6.349776769080E0,-2.400000000600E0));
#6061=VERTEX_POINT('',#6060);
#6062=CARTESIAN_POINT('',(7.219999999780E0,6.349776769080E0,-2.400000000600E0));
#6063=VERTEX_POINT('',#6062);
#6064=CARTESIAN_POINT('',(7.219999999780E0,6.549776767860E0,-2.400000000600E0));
#6065=VERTEX_POINT('',#6064);
#6066=CARTESIAN_POINT('',(6.220000000800E0,6.549776767860E0,-2.400000000600E0));
#6067=VERTEX_POINT('',#6066);
#6068=CARTESIAN_POINT('',(6.569999999300E0,5.649776767E0,-2.400000000600E0));
#6069=VERTEX_POINT('',#6068);
#6070=CARTESIAN_POINT('',(6.870000001280E0,5.649776767E0,-2.400000000600E0));
#6071=VERTEX_POINT('',#6070);
#6072=CARTESIAN_POINT('',(6.870000001280E0,5.199776767840E0,-2.400000000600E0));
#6073=VERTEX_POINT('',#6072);
#6074=CARTESIAN_POINT('',(6.845403725401E0,6.500001452687E-1,
-2.400000000600E0));
#6075=VERTEX_POINT('',#6074);
#6076=CARTESIAN_POINT('',(8.394999485797E0,6.497770539209E-1,
-2.400000000600E0));
#6077=VERTEX_POINT('',#6076);
#6078=CARTESIAN_POINT('',(6.669999999960E0,3.05E0,-2.400000000600E0));
#6079=CARTESIAN_POINT('',(8.569999999800E0,3.05E0,-2.400000000600E0));
#6080=VERTEX_POINT('',#6078);
#6081=VERTEX_POINT('',#6079);
#6082=CARTESIAN_POINT('',(9.188018449533E0,6.497773604617E-1,
-8.399994702059E0));
#6083=VERTEX_POINT('',#6082);
#6084=CARTESIAN_POINT('',(8.394996629215E0,6.497762446381E-1,
-8.399992659569E0));
#6085=VERTEX_POINT('',#6084);
#6086=CARTESIAN_POINT('',(6.845403500672E0,6.500013760860E-1,
-8.399993435239E0));
#6087=VERTEX_POINT('',#6086);
#6088=CARTESIAN_POINT('',(7.619988910550E0,8.500004068122E-1,
-8.399991221762E0));
#6089=VERTEX_POINT('',#6088);
#6090=CARTESIAN_POINT('',(7.219999999780E0,6.549776767860E0,-3.600000000900E0));
#6091=VERTEX_POINT('',#6090);
#6092=CARTESIAN_POINT('',(8.019999999980E0,6.549776767860E0,-3.600000000900E0));
#6093=VERTEX_POINT('',#6092);
#6094=CARTESIAN_POINT('',(7.219999999780E0,6.349776769080E0,-3.600000000900E0));
#6095=VERTEX_POINT('',#6094);
#6096=CARTESIAN_POINT('',(8.019999999980E0,6.349776769080E0,-3.600000000900E0));
#6097=VERTEX_POINT('',#6096);
#6098=CARTESIAN_POINT('',(8.569999999800E0,3.05E0,-3.500000000240E0));
#6099=CARTESIAN_POINT('',(6.669999999960E0,3.05E0,-3.500000000240E0));
#6100=VERTEX_POINT('',#6098);
#6101=VERTEX_POINT('',#6099);
#6102=CARTESIAN_POINT('',(7.219999999820E0,3.45E0,-3.500000000240E0));
#6103=CARTESIAN_POINT('',(8.019999999820E0,3.45E0,-3.500000000240E0));
#6104=VERTEX_POINT('',#6102);
#6105=VERTEX_POINT('',#6103);
#6106=CARTESIAN_POINT('',(8.019999999820E0,2.65E0,-3.500000000240E0));
#6107=VERTEX_POINT('',#6106);
#6108=CARTESIAN_POINT('',(7.219999999820E0,2.65E0,-3.500000000240E0));
#6109=VERTEX_POINT('',#6108);
#6110=CARTESIAN_POINT('',(7.219999999820E0,3.45E0,-6.999999999762E0));
#6111=CARTESIAN_POINT('',(8.019999999820E0,3.45E0,-6.999999999762E0));
#6112=VERTEX_POINT('',#6110);
#6113=VERTEX_POINT('',#6111);
#6114=CARTESIAN_POINT('',(7.819999999820E0,3.250000000001E0,-7.599999999760E0));
#6115=VERTEX_POINT('',#6114);
#6116=CARTESIAN_POINT('',(7.419999999820E0,3.250000000001E0,-7.599999999760E0));
#6117=VERTEX_POINT('',#6116);
#6118=CARTESIAN_POINT('',(7.819999999820E0,2.850000000001E0,-7.599999999760E0));
#6119=CARTESIAN_POINT('',(8.019999999820E0,2.65E0,-6.999999999761E0));
#6120=VERTEX_POINT('',#6118);
#6121=VERTEX_POINT('',#6119);
#6122=CARTESIAN_POINT('',(7.419999999820E0,2.850000000001E0,-7.599999999760E0));
#6123=CARTESIAN_POINT('',(7.219999999820E0,2.65E0,-6.999999999761E0));
#6124=VERTEX_POINT('',#6122);
#6125=VERTEX_POINT('',#6123);
#6126=CARTESIAN_POINT('',(1.142999999994E1,3.050000000001E0,-7.599999999760E0));
#6127=DIRECTION('',(0.E0,-6.472600233565E-14,-1.E0));
#6128=DIRECTION('',(-1.E0,0.E0,0.E0));
#6129=AXIS2_PLACEMENT_3D('',#6126,#6127,#6128);
#6130=PLANE('',#6129);
#6132=ORIENTED_EDGE('',*,*,#6131,.T.);
#6134=ORIENTED_EDGE('',*,*,#6133,.T.);
#6136=ORIENTED_EDGE('',*,*,#6135,.T.);
#6138=ORIENTED_EDGE('',*,*,#6137,.T.);
#6139=EDGE_LOOP('',(#6132,#6134,#6136,#6138));
#6140=FACE_OUTER_BOUND('',#6139,.F.);
#6142=CARTESIAN_POINT('',(1.142999999994E1,2.750000000001E0,-7.299999999760E0));
#6143=DIRECTION('',(0.E0,-9.486832980500E-1,-3.162277660185E-1));
#6144=DIRECTION('',(-1.E0,0.E0,0.E0));
#6145=AXIS2_PLACEMENT_3D('',#6142,#6143,#6144);
#6146=PLANE('',#6145);
#6148=ORIENTED_EDGE('',*,*,#6147,.F.);
#6150=ORIENTED_EDGE('',*,*,#6149,.F.);
#6152=ORIENTED_EDGE('',*,*,#6151,.F.);
#6153=ORIENTED_EDGE('',*,*,#6131,.F.);
#6154=EDGE_LOOP('',(#6148,#6150,#6152,#6153));
#6155=FACE_OUTER_BOUND('',#6154,.F.);
#6157=CARTESIAN_POINT('',(1.112999999994E1,3.050000000001E0,-7.299999999760E0));
#6158=DIRECTION('',(-9.486832980499E-1,-2.046279812262E-14,-3.162277660186E-1));
#6159=DIRECTION('',(0.E0,-1.E0,6.476774530417E-14));
#6160=AXIS2_PLACEMENT_3D('',#6157,#6158,#6159);
#6161=PLANE('',#6160);
#6163=ORIENTED_EDGE('',*,*,#6162,.F.);
#6164=ORIENTED_EDGE('',*,*,#6147,.T.);
#6165=ORIENTED_EDGE('',*,*,#6137,.F.);
#6167=ORIENTED_EDGE('',*,*,#6166,.T.);
#6168=EDGE_LOOP('',(#6163,#6164,#6165,#6167));
#6169=FACE_OUTER_BOUND('',#6168,.F.);
#6171=CARTESIAN_POINT('',(1.102999999994E1,3.05E0,-3.549999999760E0));
#6172=DIRECTION('',(1.E0,0.E0,0.E0));
#6173=DIRECTION('',(0.E0,1.E0,0.E0));
#6174=AXIS2_PLACEMENT_3D('',#6171,#6172,#6173);
#6175=PLANE('',#6174);
#6176=ORIENTED_EDGE('',*,*,#6162,.T.);
#6178=ORIENTED_EDGE('',*,*,#6177,.T.);
#6180=ORIENTED_EDGE('',*,*,#6179,.F.);
#6182=ORIENTED_EDGE('',*,*,#6181,.F.);
#6183=EDGE_LOOP('',(#6176,#6178,#6180,#6182));
#6184=FACE_OUTER_BOUND('',#6183,.F.);
#6186=CARTESIAN_POINT('',(1.142999999994E1,3.45E0,-3.549999999760E0));
#6187=DIRECTION('',(0.E0,-1.E0,0.E0));
#6188=DIRECTION('',(1.E0,0.E0,0.E0));
#6189=AXIS2_PLACEMENT_3D('',#6186,#6187,#6188);
#6190=PLANE('',#6189);
#6192=ORIENTED_EDGE('',*,*,#6191,.T.);
#6194=ORIENTED_EDGE('',*,*,#6193,.T.);
#6196=ORIENTED_EDGE('',*,*,#6195,.F.);
#6197=ORIENTED_EDGE('',*,*,#6177,.F.);
#6198=EDGE_LOOP('',(#6192,#6194,#6196,#6197));
#6199=FACE_OUTER_BOUND('',#6198,.F.);
#6201=CARTESIAN_POINT('',(1.142999999994E1,3.350000000001E0,-7.299999999760E0));
#6202=DIRECTION('',(0.E0,-9.486832980499E-1,3.162277660187E-1));
#6203=DIRECTION('',(-1.E0,0.E0,0.E0));
#6204=AXIS2_PLACEMENT_3D('',#6201,#6202,#6203);
#6205=PLANE('',#6204);
#6207=ORIENTED_EDGE('',*,*,#6206,.F.);
#6208=ORIENTED_EDGE('',*,*,#6191,.F.);
#6209=ORIENTED_EDGE('',*,*,#6166,.F.);
#6210=ORIENTED_EDGE('',*,*,#6135,.F.);
#6211=EDGE_LOOP('',(#6207,#6208,#6209,#6210));
#6212=FACE_OUTER_BOUND('',#6211,.F.);
#6214=CARTESIAN_POINT('',(1.172999999994E1,3.050000000001E0,-7.299999999760E0));
#6215=DIRECTION('',(-9.486832980499E-1,2.045585922872E-14,3.162277660186E-1));
#6216=DIRECTION('',(0.E0,-1.E0,6.476357618943E-14));
#6217=AXIS2_PLACEMENT_3D('',#6214,#6215,#6216);
#6218=PLANE('',#6217);
#6219=ORIENTED_EDGE('',*,*,#6151,.T.);
#6221=ORIENTED_EDGE('',*,*,#6220,.F.);
#6222=ORIENTED_EDGE('',*,*,#6206,.T.);
#6223=ORIENTED_EDGE('',*,*,#6133,.F.);
#6224=EDGE_LOOP('',(#6219,#6221,#6222,#6223));
#6225=FACE_OUTER_BOUND('',#6224,.F.);
#6227=CARTESIAN_POINT('',(1.182999999994E1,3.05E0,-3.549999999760E0));
#6228=DIRECTION('',(-1.E0,0.E0,0.E0));
#6229=DIRECTION('',(0.E0,-1.E0,0.E0));
#6230=AXIS2_PLACEMENT_3D('',#6227,#6228,#6229);
#6231=PLANE('',#6230);
#6233=ORIENTED_EDGE('',*,*,#6232,.F.);
#6234=ORIENTED_EDGE('',*,*,#6193,.F.);
#6235=ORIENTED_EDGE('',*,*,#6220,.T.);
#6237=ORIENTED_EDGE('',*,*,#6236,.T.);
#6238=EDGE_LOOP('',(#6233,#6234,#6235,#6237));
#6239=FACE_OUTER_BOUND('',#6238,.F.);
#6241=CARTESIAN_POINT('',(2.286E1,0.E0,-3.500000000240E0));
#6242=DIRECTION('',(0.E0,0.E0,1.E0));
#6243=DIRECTION('',(-1.E0,0.E0,0.E0));
#6244=AXIS2_PLACEMENT_3D('',#6241,#6242,#6243);
#6245=PLANE('',#6244);
#6247=ORIENTED_EDGE('',*,*,#6246,.T.);
#6249=ORIENTED_EDGE('',*,*,#6248,.T.);
#6250=EDGE_LOOP('',(#6247,#6249));
#6251=FACE_OUTER_BOUND('',#6250,.F.);
#6252=ORIENTED_EDGE('',*,*,#6195,.T.);
#6253=ORIENTED_EDGE('',*,*,#6232,.T.);
#6255=ORIENTED_EDGE('',*,*,#6254,.T.);
#6256=ORIENTED_EDGE('',*,*,#6179,.T.);
#6257=EDGE_LOOP('',(#6252,#6253,#6255,#6256));
#6258=FACE_BOUND('',#6257,.F.);
#6260=CARTESIAN_POINT('',(1.143E1,3.05E0,-2.400000000600E0));
#6261=DIRECTION('',(0.E0,0.E0,1.E0));
#6262=DIRECTION('',(-1.E0,0.E0,0.E0));
#6263=AXIS2_PLACEMENT_3D('',#6260,#6261,#6262);
#6264=CYLINDRICAL_SURFACE('',#6263,9.499999999200E-1);
#6265=ORIENTED_EDGE('',*,*,#6246,.F.);
#6267=ORIENTED_EDGE('',*,*,#6266,.F.);
#6269=ORIENTED_EDGE('',*,*,#6268,.F.);
#6271=ORIENTED_EDGE('',*,*,#6270,.T.);
#6272=EDGE_LOOP('',(#6265,#6267,#6269,#6271));
#6273=FACE_OUTER_BOUND('',#6272,.F.);
#6275=CARTESIAN_POINT('',(1.143E1,3.05E0,-2.400000000600E0));
#6276=DIRECTION('',(0.E0,0.E0,1.E0));
#6277=DIRECTION('',(-1.E0,0.E0,0.E0));
#6278=AXIS2_PLACEMENT_3D('',#6275,#6276,#6277);
#6279=CYLINDRICAL_SURFACE('',#6278,9.499999999200E-1);
#6281=ORIENTED_EDGE('',*,*,#6280,.F.);
#6282=ORIENTED_EDGE('',*,*,#6266,.T.);
#6283=ORIENTED_EDGE('',*,*,#6248,.F.);
#6284=ORIENTED_EDGE('',*,*,#6270,.F.);
#6285=EDGE_LOOP('',(#6281,#6282,#6283,#6284));
#6286=FACE_OUTER_BOUND('',#6285,.F.);
#6288=CARTESIAN_POINT('',(1.905E1,0.E0,-2.400000000600E0));
#6289=DIRECTION('',(0.E0,0.E0,1.E0));
#6290=DIRECTION('',(-1.E0,0.E0,0.E0));
#6291=AXIS2_PLACEMENT_3D('',#6288,#6289,#6290);
#6292=PLANE('',#6291);
#6294=ORIENTED_EDGE('',*,*,#6293,.T.);
#6296=ORIENTED_EDGE('',*,*,#6295,.T.);
#6298=ORIENTED_EDGE('',*,*,#6297,.T.);
#6300=ORIENTED_EDGE('',*,*,#6299,.T.);
#6302=ORIENTED_EDGE('',*,*,#6301,.T.);
#6304=ORIENTED_EDGE('',*,*,#6303,.T.);
#6306=ORIENTED_EDGE('',*,*,#6305,.T.);
#6308=ORIENTED_EDGE('',*,*,#6307,.T.);
#6310=ORIENTED_EDGE('',*,*,#6309,.T.);
#6312=ORIENTED_EDGE('',*,*,#6311,.T.);
#6314=ORIENTED_EDGE('',*,*,#6313,.F.);
#6316=ORIENTED_EDGE('',*,*,#6315,.F.);
#6318=ORIENTED_EDGE('',*,*,#6317,.F.);
#6320=ORIENTED_EDGE('',*,*,#6319,.T.);
#6322=ORIENTED_EDGE('',*,*,#6321,.T.);
#6324=ORIENTED_EDGE('',*,*,#6323,.T.);
#6326=ORIENTED_EDGE('',*,*,#6325,.T.);
#6328=ORIENTED_EDGE('',*,*,#6327,.T.);
#6329=EDGE_LOOP('',(#6294,#6296,#6298,#6300,#6302,#6304,#6306,#6308,#6310,#6312,
#6314,#6316,#6318,#6320,#6322,#6324,#6326,#6328));
#6330=FACE_OUTER_BOUND('',#6329,.F.);
#6331=ORIENTED_EDGE('',*,*,#6268,.T.);
#6332=ORIENTED_EDGE('',*,*,#6280,.T.);
#6333=EDGE_LOOP('',(#6331,#6332));
#6334=FACE_BOUND('',#6333,.F.);
#6336=CARTESIAN_POINT('',(9.928300116205E0,6.634865401132E0,
-8.006396806200E-1));
#6337=DIRECTION('',(9.999619230642E-1,0.E0,-8.726535498374E-3));
#6338=DIRECTION('',(0.E0,-1.E0,0.E0));
#6339=AXIS2_PLACEMENT_3D('',#6336,#6337,#6338);
#6340=PLANE('',#6339);
#6341=ORIENTED_EDGE('',*,*,#6293,.F.);
#6343=ORIENTED_EDGE('',*,*,#6342,.F.);
#6345=ORIENTED_EDGE('',*,*,#6344,.F.);
#6347=ORIENTED_EDGE('',*,*,#6346,.T.);
#6349=ORIENTED_EDGE('',*,*,#6348,.F.);
#6350=EDGE_LOOP('',(#6341,#6343,#6345,#6347,#6349));
#6351=FACE_OUTER_BOUND('',#6350,.F.);
#6353=CARTESIAN_POINT('',(1.067999999886E1,5.199776767840E0,-9.199999999760E0));
#6354=DIRECTION('',(0.E0,-1.E0,0.E0));
#6355=DIRECTION('',(-1.E0,0.E0,0.E0));
#6356=AXIS2_PLACEMENT_3D('',#6353,#6354,#6355);
#6357=PLANE('',#6356);
#6358=ORIENTED_EDGE('',*,*,#6327,.F.);
#6360=ORIENTED_EDGE('',*,*,#6359,.F.);
#6362=ORIENTED_EDGE('',*,*,#6361,.T.);
#6363=ORIENTED_EDGE('',*,*,#6342,.T.);
#6364=EDGE_LOOP('',(#6358,#6360,#6362,#6363));
#6365=FACE_OUTER_BOUND('',#6364,.F.);
#6367=CARTESIAN_POINT('',(1.067999999886E1,5.599776765880E0,-9.199999999760E0));
#6368=DIRECTION('',(1.E0,0.E0,0.E0));
#6369=DIRECTION('',(0.E0,-1.E0,0.E0));
#6370=AXIS2_PLACEMENT_3D('',#6367,#6368,#6369);
#6371=PLANE('',#6370);
#6372=ORIENTED_EDGE('',*,*,#6325,.F.);
#6374=ORIENTED_EDGE('',*,*,#6373,.F.);
#6376=ORIENTED_EDGE('',*,*,#6375,.T.);
#6377=ORIENTED_EDGE('',*,*,#6359,.T.);
#6378=EDGE_LOOP('',(#6372,#6374,#6376,#6377));
#6379=FACE_OUTER_BOUND('',#6378,.F.);
#6381=CARTESIAN_POINT('',(1.037999999942E1,5.649776767E0,-9.199999999760E0));
#6382=DIRECTION('',(0.E0,1.E0,0.E0));
#6383=DIRECTION('',(1.E0,0.E0,0.E0));
#6384=AXIS2_PLACEMENT_3D('',#6381,#6382,#6383);
#6385=PLANE('',#6384);
#6386=ORIENTED_EDGE('',*,*,#6323,.F.);
#6388=ORIENTED_EDGE('',*,*,#6387,.F.);
#6390=ORIENTED_EDGE('',*,*,#6389,.T.);
#6391=ORIENTED_EDGE('',*,*,#6373,.T.);
#6392=EDGE_LOOP('',(#6386,#6388,#6390,#6391));
#6393=FACE_OUTER_BOUND('',#6392,.F.);
#6395=CARTESIAN_POINT('',(1.002999999838E1,6.549776767860E0,-9.199999999760E0));
#6396=DIRECTION('',(9.320046712945E-1,3.624462617895E-1,0.E0));
#6397=DIRECTION('',(3.624462617895E-1,-9.320046712945E-1,0.E0));
#6398=AXIS2_PLACEMENT_3D('',#6395,#6396,#6397);
#6399=PLANE('',#6398);
#6400=ORIENTED_EDGE('',*,*,#6321,.F.);
#6402=ORIENTED_EDGE('',*,*,#6401,.F.);
#6404=ORIENTED_EDGE('',*,*,#6403,.F.);
#6405=ORIENTED_EDGE('',*,*,#6387,.T.);
#6406=EDGE_LOOP('',(#6400,#6402,#6404,#6405));
#6407=FACE_OUTER_BOUND('',#6406,.F.);
#6409=CARTESIAN_POINT('',(1.282999999908E1,6.549776767860E0,-9.199999999760E0));
#6410=DIRECTION('',(0.E0,-1.E0,0.E0));
#6411=DIRECTION('',(-1.E0,0.E0,0.E0));
#6412=AXIS2_PLACEMENT_3D('',#6409,#6410,#6411);
#6413=PLANE('',#6412);
#6414=ORIENTED_EDGE('',*,*,#6311,.F.);
#6416=ORIENTED_EDGE('',*,*,#6415,.F.);
#6418=ORIENTED_EDGE('',*,*,#6417,.T.);
#6419=ORIENTED_EDGE('',*,*,#6401,.T.);
#6420=ORIENTED_EDGE('',*,*,#6319,.F.);
#6422=ORIENTED_EDGE('',*,*,#6421,.T.);
#6424=ORIENTED_EDGE('',*,*,#6423,.F.);
#6426=ORIENTED_EDGE('',*,*,#6425,.F.);
#6427=EDGE_LOOP('',(#6414,#6416,#6418,#6419,#6420,#6422,#6424,#6426));
#6428=FACE_OUTER_BOUND('',#6427,.F.);
#6430=CARTESIAN_POINT('',(1.248000000058E1,5.649776767E0,-9.199999999760E0));
#6431=DIRECTION('',(-9.320046721830E-1,3.624462595050E-1,0.E0));
#6432=DIRECTION('',(3.624462595050E-1,9.320046721830E-1,0.E0));
#6433=AXIS2_PLACEMENT_3D('',#6430,#6431,#6432);
#6434=PLANE('',#6433);
#6435=ORIENTED_EDGE('',*,*,#6309,.F.);
#6437=ORIENTED_EDGE('',*,*,#6436,.F.);
#6439=ORIENTED_EDGE('',*,*,#6438,.F.);
#6440=ORIENTED_EDGE('',*,*,#6415,.T.);
#6441=EDGE_LOOP('',(#6435,#6437,#6439,#6440));
#6442=FACE_OUTER_BOUND('',#6441,.F.);
#6444=CARTESIAN_POINT('',(1.217999999860E1,5.649776767E0,-9.199999999760E0));
#6445=DIRECTION('',(0.E0,1.E0,0.E0));
#6446=DIRECTION('',(1.E0,0.E0,0.E0));
#6447=AXIS2_PLACEMENT_3D('',#6444,#6445,#6446);
#6448=PLANE('',#6447);
#6449=ORIENTED_EDGE('',*,*,#6307,.F.);
#6451=ORIENTED_EDGE('',*,*,#6450,.F.);
#6453=ORIENTED_EDGE('',*,*,#6452,.T.);
#6454=ORIENTED_EDGE('',*,*,#6436,.T.);
#6455=EDGE_LOOP('',(#6449,#6451,#6453,#6454));
#6456=FACE_OUTER_BOUND('',#6455,.F.);
#6458=CARTESIAN_POINT('',(1.217999999860E1,5.149776766720E0,-9.199999999760E0));
#6459=DIRECTION('',(-1.E0,0.E0,0.E0));
#6460=DIRECTION('',(0.E0,1.E0,0.E0));
#6461=AXIS2_PLACEMENT_3D('',#6458,#6459,#6460);
#6462=PLANE('',#6461);
#6463=ORIENTED_EDGE('',*,*,#6305,.F.);
#6465=ORIENTED_EDGE('',*,*,#6464,.F.);
#6467=ORIENTED_EDGE('',*,*,#6466,.T.);
#6468=ORIENTED_EDGE('',*,*,#6450,.T.);
#6469=EDGE_LOOP('',(#6463,#6465,#6467,#6468));
#6470=FACE_OUTER_BOUND('',#6469,.F.);
#6472=CARTESIAN_POINT('',(1.300459666792E1,5.199776767840E0,-9.199999999760E0));
#6473=DIRECTION('',(0.E0,-1.E0,0.E0));
#6474=DIRECTION('',(-1.E0,0.E0,0.E0));
#6475=AXIS2_PLACEMENT_3D('',#6472,#6473,#6474);
#6476=PLANE('',#6475);
#6477=ORIENTED_EDGE('',*,*,#6303,.F.);
#6479=ORIENTED_EDGE('',*,*,#6478,.T.);
#6481=ORIENTED_EDGE('',*,*,#6480,.T.);
#6482=ORIENTED_EDGE('',*,*,#6464,.T.);
#6483=EDGE_LOOP('',(#6477,#6479,#6481,#6482));
#6484=FACE_OUTER_BOUND('',#6483,.F.);
#6486=CARTESIAN_POINT('',(1.293169986296E1,-8.850886355328E-1,
-8.006361609796E-1));
#6487=DIRECTION('',(-9.999619230642E-1,0.E0,-8.726535498374E-3));
#6488=DIRECTION('',(0.E0,1.E0,0.E0));
#6489=AXIS2_PLACEMENT_3D('',#6486,#6487,#6488);
#6490=PLANE('',#6489);
#6491=ORIENTED_EDGE('',*,*,#6301,.F.);
#6493=ORIENTED_EDGE('',*,*,#6492,.F.);
#6495=ORIENTED_EDGE('',*,*,#6494,.T.);
#6497=ORIENTED_EDGE('',*,*,#6496,.F.);
#6499=ORIENTED_EDGE('',*,*,#6498,.F.);
#6501=ORIENTED_EDGE('',*,*,#6500,.T.);
#6503=ORIENTED_EDGE('',*,*,#6502,.F.);
#6505=ORIENTED_EDGE('',*,*,#6504,.F.);
#6506=ORIENTED_EDGE('',*,*,#6478,.F.);
#6507=EDGE_LOOP('',(#6491,#6493,#6495,#6497,#6499,#6501,#6503,#6505,#6506));
#6508=FACE_OUTER_BOUND('',#6507,.F.);
#6510=CARTESIAN_POINT('',(1.220459666772E1,6.500000000002E-1,
-9.199999999760E0));
#6511=DIRECTION('',(0.E0,1.E0,0.E0));
#6512=DIRECTION('',(1.E0,0.E0,0.E0));
#6513=AXIS2_PLACEMENT_3D('',#6510,#6511,#6512);
#6514=PLANE('',#6513);
#6515=ORIENTED_EDGE('',*,*,#6299,.F.);
#6517=ORIENTED_EDGE('',*,*,#6516,.F.);
#6519=ORIENTED_EDGE('',*,*,#6518,.F.);
#6520=ORIENTED_EDGE('',*,*,#6492,.T.);
#6521=EDGE_LOOP('',(#6515,#6517,#6519,#6520));
#6522=FACE_OUTER_BOUND('',#6521,.F.);
#6524=CARTESIAN_POINT('',(1.143E1,-7.499999990800E-1,-9.199999999760E0));
#6525=DIRECTION('',(0.E0,0.E0,1.E0));
#6526=DIRECTION('',(-1.E0,0.E0,0.E0));
#6527=AXIS2_PLACEMENT_3D('',#6524,#6525,#6526);
#6528=CYLINDRICAL_SURFACE('',#6527,1.600000000400E0);
#6529=ORIENTED_EDGE('',*,*,#6516,.T.);
#6530=ORIENTED_EDGE('',*,*,#6297,.F.);
#6532=ORIENTED_EDGE('',*,*,#6531,.T.);
#6534=ORIENTED_EDGE('',*,*,#6533,.F.);
#6536=ORIENTED_EDGE('',*,*,#6535,.F.);
#6537=EDGE_LOOP('',(#6529,#6530,#6532,#6534,#6536));
#6538=FACE_OUTER_BOUND('',#6537,.F.);
#6540=CARTESIAN_POINT('',(9.855000000400E0,6.497767670204E-1,
-9.199999999760E0));
#6541=DIRECTION('',(0.E0,1.E0,0.E0));
#6542=DIRECTION('',(1.E0,0.E0,0.E0));
#6543=AXIS2_PLACEMENT_3D('',#6540,#6541,#6542);
#6544=PLANE('',#6543);
#6545=ORIENTED_EDGE('',*,*,#6295,.F.);
#6546=ORIENTED_EDGE('',*,*,#6348,.T.);
#6548=ORIENTED_EDGE('',*,*,#6547,.F.);
#6549=ORIENTED_EDGE('',*,*,#6531,.F.);
#6550=EDGE_LOOP('',(#6545,#6546,#6548,#6549));
#6551=FACE_OUTER_BOUND('',#6550,.F.);
#6553=CARTESIAN_POINT('',(1.025499999815E1,5.497767670204E-1,
-8.799999999760E0));
#6554=DIRECTION('',(0.E0,-9.701425001453E-1,2.425356250363E-1));
#6555=DIRECTION('',(0.E0,2.425356250363E-1,9.701425001453E-1));
#6556=AXIS2_PLACEMENT_3D('',#6553,#6554,#6555);
#6557=PLANE('',#6556);
#6558=ORIENTED_EDGE('',*,*,#6547,.T.);
#6559=ORIENTED_EDGE('',*,*,#6346,.F.);
#6561=ORIENTED_EDGE('',*,*,#6560,.F.);
#6563=ORIENTED_EDGE('',*,*,#6562,.F.);
#6564=EDGE_LOOP('',(#6558,#6559,#6561,#6563));
#6565=FACE_OUTER_BOUND('',#6564,.F.);
#6567=CARTESIAN_POINT('',(1.372999999994E1,5.000000000018E-2,
-9.199999999760E0));
#6568=DIRECTION('',(0.E0,-6.471014200670E-14,-1.E0));
#6569=DIRECTION('',(0.E0,1.E0,-6.471014200670E-14));
#6570=AXIS2_PLACEMENT_3D('',#6567,#6568,#6569);
#6571=PLANE('',#6570);
#6573=ORIENTED_EDGE('',*,*,#6572,.F.);
#6575=ORIENTED_EDGE('',*,*,#6574,.F.);
#6577=ORIENTED_EDGE('',*,*,#6576,.F.);
#6579=ORIENTED_EDGE('',*,*,#6578,.T.);
#6580=EDGE_LOOP('',(#6573,#6575,#6577,#6579));
#6581=FACE_OUTER_BOUND('',#6580,.F.);
#6583=ORIENTED_EDGE('',*,*,#6582,.T.);
#6584=ORIENTED_EDGE('',*,*,#6496,.T.);
#6586=ORIENTED_EDGE('',*,*,#6585,.T.);
#6588=ORIENTED_EDGE('',*,*,#6587,.T.);
#6589=ORIENTED_EDGE('',*,*,#6560,.T.);
#6590=ORIENTED_EDGE('',*,*,#6344,.T.);
#6591=ORIENTED_EDGE('',*,*,#6361,.F.);
#6592=ORIENTED_EDGE('',*,*,#6375,.F.);
#6593=ORIENTED_EDGE('',*,*,#6389,.F.);
#6594=ORIENTED_EDGE('',*,*,#6403,.T.);
#6595=ORIENTED_EDGE('',*,*,#6417,.F.);
#6596=ORIENTED_EDGE('',*,*,#6438,.T.);
#6597=ORIENTED_EDGE('',*,*,#6452,.F.);
#6598=ORIENTED_EDGE('',*,*,#6466,.F.);
#6599=ORIENTED_EDGE('',*,*,#6480,.F.);
#6600=ORIENTED_EDGE('',*,*,#6504,.T.);
#6602=ORIENTED_EDGE('',*,*,#6601,.T.);
#6604=ORIENTED_EDGE('',*,*,#6603,.F.);
#6605=EDGE_LOOP('',(#6583,#6584,#6586,#6588,#6589,#6590,#6591,#6592,#6593,#6594,
#6595,#6596,#6597,#6598,#6599,#6600,#6602,#6604));
#6606=FACE_BOUND('',#6605,.F.);
#6608=ORIENTED_EDGE('',*,*,#6607,.F.);
#6610=ORIENTED_EDGE('',*,*,#6609,.T.);
#6612=ORIENTED_EDGE('',*,*,#6611,.F.);
#6614=ORIENTED_EDGE('',*,*,#6613,.F.);
#6616=ORIENTED_EDGE('',*,*,#6615,.T.);
#6618=ORIENTED_EDGE('',*,*,#6617,.T.);
#6620=ORIENTED_EDGE('',*,*,#6619,.T.);
#6622=ORIENTED_EDGE('',*,*,#6621,.T.);
#6624=ORIENTED_EDGE('',*,*,#6623,.T.);
#6626=ORIENTED_EDGE('',*,*,#6625,.T.);
#6628=ORIENTED_EDGE('',*,*,#6627,.T.);
#6630=ORIENTED_EDGE('',*,*,#6629,.T.);
#6632=ORIENTED_EDGE('',*,*,#6631,.T.);
#6634=ORIENTED_EDGE('',*,*,#6633,.F.);
#6636=ORIENTED_EDGE('',*,*,#6635,.F.);
#6638=ORIENTED_EDGE('',*,*,#6637,.T.);
#6640=ORIENTED_EDGE('',*,*,#6639,.F.);
#6642=ORIENTED_EDGE('',*,*,#6641,.F.);
#6643=EDGE_LOOP('',(#6608,#6610,#6612,#6614,#6616,#6618,#6620,#6622,#6624,#6626,
#6628,#6630,#6632,#6634,#6636,#6638,#6640,#6642));
#6644=FACE_BOUND('',#6643,.F.);
#6646=CARTESIAN_POINT('',(5.629999999380E0,2.849999999281E0,-9.199999999760E0));
#6647=DIRECTION('',(0.E0,1.E0,-6.471014200670E-14));
#6648=DIRECTION('',(1.E0,0.E0,0.E0));
#6649=AXIS2_PLACEMENT_3D('',#6646,#6647,#6648);
#6650=PLANE('',#6649);
#6652=ORIENTED_EDGE('',*,*,#6651,.T.);
#6654=ORIENTED_EDGE('',*,*,#6653,.T.);
#6655=ORIENTED_EDGE('',*,*,#6607,.T.);
#6657=ORIENTED_EDGE('',*,*,#6656,.T.);
#6659=ORIENTED_EDGE('',*,*,#6658,.F.);
#6660=EDGE_LOOP('',(#6652,#6654,#6655,#6657,#6659));
#6661=FACE_OUTER_BOUND('',#6660,.F.);
#6663=CARTESIAN_POINT('',(5.804999999940E0,2.799999998161E0,-7.599999999760E0));
#6664=DIRECTION('',(-1.E0,0.E0,0.E0));
#6665=DIRECTION('',(0.E0,1.E0,-6.471038982436E-14));
#6666=AXIS2_PLACEMENT_3D('',#6663,#6664,#6665);
#6667=PLANE('',#6666);
#6669=ORIENTED_EDGE('',*,*,#6668,.T.);
#6671=ORIENTED_EDGE('',*,*,#6670,.F.);
#6672=ORIENTED_EDGE('',*,*,#6651,.F.);
#6674=ORIENTED_EDGE('',*,*,#6673,.T.);
#6675=EDGE_LOOP('',(#6669,#6671,#6672,#6674));
#6676=FACE_OUTER_BOUND('',#6675,.F.);
#6678=CARTESIAN_POINT('',(6.068962987340E0,4.650000001001E0,-9.199999999760E0));
#6679=DIRECTION('',(0.E0,-1.E0,6.471014200670E-14));
#6680=DIRECTION('',(-1.E0,0.E0,0.E0));
#6681=AXIS2_PLACEMENT_3D('',#6678,#6679,#6680);
#6682=PLANE('',#6681);
#6683=ORIENTED_EDGE('',*,*,#6611,.T.);
#6685=ORIENTED_EDGE('',*,*,#6684,.T.);
#6686=ORIENTED_EDGE('',*,*,#6668,.F.);
#6688=ORIENTED_EDGE('',*,*,#6687,.F.);
#6690=ORIENTED_EDGE('',*,*,#6689,.T.);
#6691=EDGE_LOOP('',(#6683,#6685,#6686,#6688,#6690));
#6692=FACE_OUTER_BOUND('',#6691,.F.);
#6694=CARTESIAN_POINT('',(5.712499999940E0,3.699999999021E0,-8.649999999760E0));
#6695=DIRECTION('',(9.861505550766E-1,-1.073204882373E-14,-1.658525933538E-1));
#6696=DIRECTION('',(-1.658525933538E-1,-6.381223674468E-14,-9.861505550766E-1));
#6697=AXIS2_PLACEMENT_3D('',#6694,#6695,#6696);
#6698=PLANE('',#6697);
#6699=ORIENTED_EDGE('',*,*,#6670,.T.);
#6700=ORIENTED_EDGE('',*,*,#6684,.F.);
#6701=ORIENTED_EDGE('',*,*,#6609,.F.);
#6702=ORIENTED_EDGE('',*,*,#6653,.F.);
#6703=EDGE_LOOP('',(#6699,#6700,#6701,#6702));
#6704=FACE_OUTER_BOUND('',#6703,.F.);
#6706=CARTESIAN_POINT('',(5.329999999940E0,-4.918000530628E-13,
-7.599999999760E0));
#6707=DIRECTION('',(0.E0,6.471014200670E-14,1.E0));
#6708=DIRECTION('',(1.E0,0.E0,0.E0));
#6709=AXIS2_PLACEMENT_3D('',#6706,#6707,#6708);
#6710=PLANE('',#6709);
#6711=ORIENTED_EDGE('',*,*,#6687,.T.);
#6712=ORIENTED_EDGE('',*,*,#6673,.F.);
#6713=ORIENTED_EDGE('',*,*,#6658,.T.);
#6715=ORIENTED_EDGE('',*,*,#6714,.T.);
#6716=EDGE_LOOP('',(#6711,#6712,#6713,#6715));
#6717=FACE_OUTER_BOUND('',#6716,.F.);
#6719=CARTESIAN_POINT('',(6.118300136922E0,-8.850886355328E-1,
-8.006361609796E-1));
#6720=DIRECTION('',(-9.999619230642E-1,0.E0,8.726535498374E-3));
#6721=DIRECTION('',(0.E0,1.E0,0.E0));
#6722=AXIS2_PLACEMENT_3D('',#6719,#6720,#6721);
#6723=PLANE('',#6722);
#6725=ORIENTED_EDGE('',*,*,#6724,.F.);
#6727=ORIENTED_EDGE('',*,*,#6726,.F.);
#6728=ORIENTED_EDGE('',*,*,#6613,.T.);
#6729=ORIENTED_EDGE('',*,*,#6689,.F.);
#6730=ORIENTED_EDGE('',*,*,#6714,.F.);
#6731=ORIENTED_EDGE('',*,*,#6656,.F.);
#6732=ORIENTED_EDGE('',*,*,#6641,.T.);
#6734=ORIENTED_EDGE('',*,*,#6733,.F.);
#6736=ORIENTED_EDGE('',*,*,#6735,.F.);
#6737=EDGE_LOOP('',(#6725,#6727,#6728,#6729,#6730,#6731,#6732,#6734,#6736));
#6738=FACE_OUTER_BOUND('',#6737,.F.);
#6740=CARTESIAN_POINT('',(2.666999999988E1,0.E0,-2.400000000600E0));
#6741=DIRECTION('',(0.E0,0.E0,1.E0));
#6742=DIRECTION('',(-1.E0,0.E0,0.E0));
#6743=AXIS2_PLACEMENT_3D('',#6740,#6741,#6742);
#6744=PLANE('',#6743);
#6746=ORIENTED_EDGE('',*,*,#6745,.T.);
#6748=ORIENTED_EDGE('',*,*,#6747,.F.);
#6750=ORIENTED_EDGE('',*,*,#6749,.F.);
#6752=ORIENTED_EDGE('',*,*,#6751,.F.);
#6754=ORIENTED_EDGE('',*,*,#6753,.T.);
#6756=ORIENTED_EDGE('',*,*,#6755,.F.);
#6758=ORIENTED_EDGE('',*,*,#6757,.T.);
#6760=ORIENTED_EDGE('',*,*,#6759,.T.);
#6762=ORIENTED_EDGE('',*,*,#6761,.T.);
#6764=ORIENTED_EDGE('',*,*,#6763,.F.);
#6766=ORIENTED_EDGE('',*,*,#6765,.T.);
#6768=ORIENTED_EDGE('',*,*,#6767,.F.);
#6770=ORIENTED_EDGE('',*,*,#6769,.F.);
#6772=ORIENTED_EDGE('',*,*,#6771,.F.);
#6773=ORIENTED_EDGE('',*,*,#6724,.T.);
#6775=ORIENTED_EDGE('',*,*,#6774,.T.);
#6777=ORIENTED_EDGE('',*,*,#6776,.T.);
#6779=ORIENTED_EDGE('',*,*,#6778,.T.);
#6780=EDGE_LOOP('',(#6746,#6748,#6750,#6752,#6754,#6756,#6758,#6760,#6762,#6764,
#6766,#6768,#6770,#6772,#6773,#6775,#6777,#6779));
#6781=FACE_OUTER_BOUND('',#6780,.F.);
#6783=ORIENTED_EDGE('',*,*,#6782,.T.);
#6785=ORIENTED_EDGE('',*,*,#6784,.T.);
#6786=EDGE_LOOP('',(#6783,#6785));
#6787=FACE_BOUND('',#6786,.F.);
#6789=CARTESIAN_POINT('',(9.121699883675E0,6.634865401132E0,
-8.006396806200E-1));
#6790=DIRECTION('',(9.999619230642E-1,0.E0,8.726535498374E-3));
#6791=DIRECTION('',(0.E0,-1.E0,0.E0));
#6792=AXIS2_PLACEMENT_3D('',#6789,#6790,#6791);
#6793=PLANE('',#6792);
#6794=ORIENTED_EDGE('',*,*,#6745,.F.);
#6796=ORIENTED_EDGE('',*,*,#6795,.F.);
#6798=ORIENTED_EDGE('',*,*,#6797,.F.);
#6799=ORIENTED_EDGE('',*,*,#6633,.T.);
#6801=ORIENTED_EDGE('',*,*,#6800,.F.);
#6802=EDGE_LOOP('',(#6794,#6796,#6798,#6799,#6801));
#6803=FACE_OUTER_BOUND('',#6802,.F.);
#6805=CARTESIAN_POINT('',(9.194999999480E0,6.497767670204E-1,
-9.199999999760E0));
#6806=DIRECTION('',(0.E0,-1.E0,0.E0));
#6807=DIRECTION('',(-1.E0,0.E0,0.E0));
#6808=AXIS2_PLACEMENT_3D('',#6805,#6806,#6807);
#6809=PLANE('',#6808);
#6810=ORIENTED_EDGE('',*,*,#6778,.F.);
#6812=ORIENTED_EDGE('',*,*,#6811,.F.);
#6814=ORIENTED_EDGE('',*,*,#6813,.T.);
#6815=ORIENTED_EDGE('',*,*,#6795,.T.);
#6816=EDGE_LOOP('',(#6810,#6812,#6814,#6815));
#6817=FACE_OUTER_BOUND('',#6816,.F.);
#6819=CARTESIAN_POINT('',(7.619999999880E0,-7.499999990800E-1,
-9.199999999760E0));
#6820=DIRECTION('',(0.E0,0.E0,-1.E0));
#6821=DIRECTION('',(1.E0,0.E0,0.E0));
#6822=AXIS2_PLACEMENT_3D('',#6819,#6820,#6821);
#6823=CYLINDRICAL_SURFACE('',#6822,1.600000000400E0);
#6825=ORIENTED_EDGE('',*,*,#6824,.T.);
#6827=ORIENTED_EDGE('',*,*,#6826,.F.);
#6829=ORIENTED_EDGE('',*,*,#6828,.F.);
#6830=ORIENTED_EDGE('',*,*,#6811,.T.);
#6831=ORIENTED_EDGE('',*,*,#6776,.F.);
#6832=EDGE_LOOP('',(#6825,#6827,#6829,#6830,#6831));
#6833=FACE_OUTER_BOUND('',#6832,.F.);
#6835=CARTESIAN_POINT('',(6.845403332160E0,6.500000000002E-1,
-9.199999999760E0));
#6836=DIRECTION('',(0.E0,-1.E0,0.E0));
#6837=DIRECTION('',(-1.E0,0.E0,0.E0));
#6838=AXIS2_PLACEMENT_3D('',#6835,#6836,#6837);
#6839=PLANE('',#6838);
#6840=ORIENTED_EDGE('',*,*,#6774,.F.);
#6841=ORIENTED_EDGE('',*,*,#6735,.T.);
#6843=ORIENTED_EDGE('',*,*,#6842,.T.);
#6844=ORIENTED_EDGE('',*,*,#6824,.F.);
#6845=EDGE_LOOP('',(#6840,#6841,#6843,#6844));
#6846=FACE_OUTER_BOUND('',#6845,.F.);
#6848=CARTESIAN_POINT('',(6.445403330055E0,5.500000000002E-1,
-8.799999999760E0));
#6849=DIRECTION('',(0.E0,9.701425001453E-1,-2.425356250363E-1));
#6850=DIRECTION('',(0.E0,2.425356250363E-1,9.701425001453E-1));
#6851=AXIS2_PLACEMENT_3D('',#6848,#6849,#6850);
#6852=PLANE('',#6851);
#6853=ORIENTED_EDGE('',*,*,#6842,.F.);
#6854=ORIENTED_EDGE('',*,*,#6733,.T.);
#6855=ORIENTED_EDGE('',*,*,#6639,.T.);
#6857=ORIENTED_EDGE('',*,*,#6856,.F.);
#6858=EDGE_LOOP('',(#6853,#6854,#6855,#6857));
#6859=FACE_OUTER_BOUND('',#6858,.F.);
#6861=CARTESIAN_POINT('',(7.619988910541E0,-7.499856582499E-1,
-8.799995610761E0));
#6862=DIRECTION('',(0.E0,6.471014200670E-14,1.E0));
#6863=DIRECTION('',(0.E0,-1.E0,6.471014200670E-14));
#6864=AXIS2_PLACEMENT_3D('',#6861,#6862,#6863);
#6865=CONICAL_SURFACE('',#6864,1.499984145790E0,1.403635428644E1);
#6866=ORIENTED_EDGE('',*,*,#6856,.T.);
#6867=ORIENTED_EDGE('',*,*,#6637,.F.);
#6869=ORIENTED_EDGE('',*,*,#6868,.F.);
#6870=ORIENTED_EDGE('',*,*,#6828,.T.);
#6871=ORIENTED_EDGE('',*,*,#6826,.T.);
#6872=EDGE_LOOP('',(#6866,#6867,#6869,#6870,#6871));
#6873=FACE_OUTER_BOUND('',#6872,.F.);
#6875=CARTESIAN_POINT('',(8.795000001733E0,5.497767670204E-1,
-8.799999999760E0));
#6876=DIRECTION('',(0.E0,9.701425001453E-1,-2.425356250363E-1));
#6877=DIRECTION('',(0.E0,2.425356250363E-1,9.701425001453E-1));
#6878=AXIS2_PLACEMENT_3D('',#6875,#6876,#6877);
#6879=PLANE('',#6878);
#6880=ORIENTED_EDGE('',*,*,#6813,.F.);
#6881=ORIENTED_EDGE('',*,*,#6868,.T.);
#6882=ORIENTED_EDGE('',*,*,#6635,.T.);
#6883=ORIENTED_EDGE('',*,*,#6797,.T.);
#6884=EDGE_LOOP('',(#6880,#6881,#6882,#6883));
#6885=FACE_OUTER_BOUND('',#6884,.F.);
#6887=CARTESIAN_POINT('',(8.370000001020E0,5.199776767840E0,-9.199999999760E0));
#6888=DIRECTION('',(0.E0,1.E0,0.E0));
#6889=DIRECTION('',(1.E0,0.E0,0.E0));
#6890=AXIS2_PLACEMENT_3D('',#6887,#6888,#6889);
#6891=PLANE('',#6890);
#6892=ORIENTED_EDGE('',*,*,#6747,.T.);
#6893=ORIENTED_EDGE('',*,*,#6800,.T.);
#6894=ORIENTED_EDGE('',*,*,#6631,.F.);
#6896=ORIENTED_EDGE('',*,*,#6895,.T.);
#6897=EDGE_LOOP('',(#6892,#6893,#6894,#6896));
#6898=FACE_OUTER_BOUND('',#6897,.F.);
#6900=CARTESIAN_POINT('',(8.370000001020E0,5.599776765880E0,-9.199999999760E0));
#6901=DIRECTION('',(1.E0,0.E0,0.E0));
#6902=DIRECTION('',(0.E0,-1.E0,0.E0));
#6903=AXIS2_PLACEMENT_3D('',#6900,#6901,#6902);
#6904=PLANE('',#6903);
#6905=ORIENTED_EDGE('',*,*,#6749,.T.);
#6906=ORIENTED_EDGE('',*,*,#6895,.F.);
#6907=ORIENTED_EDGE('',*,*,#6629,.F.);
#6909=ORIENTED_EDGE('',*,*,#6908,.T.);
#6910=EDGE_LOOP('',(#6905,#6906,#6907,#6909));
#6911=FACE_OUTER_BOUND('',#6910,.F.);
#6913=CARTESIAN_POINT('',(8.670000000460E0,5.649776767E0,-9.199999999760E0));
#6914=DIRECTION('',(0.E0,-1.E0,0.E0));
#6915=DIRECTION('',(-1.E0,0.E0,0.E0));
#6916=AXIS2_PLACEMENT_3D('',#6913,#6914,#6915);
#6917=PLANE('',#6916);
#6918=ORIENTED_EDGE('',*,*,#6751,.T.);
#6919=ORIENTED_EDGE('',*,*,#6908,.F.);
#6920=ORIENTED_EDGE('',*,*,#6627,.F.);
#6922=ORIENTED_EDGE('',*,*,#6921,.T.);
#6923=EDGE_LOOP('',(#6918,#6919,#6920,#6922));
#6924=FACE_OUTER_BOUND('',#6923,.F.);
#6926=CARTESIAN_POINT('',(9.020000001500E0,6.549776767860E0,-9.199999999760E0));
#6927=DIRECTION('',(9.320046712945E-1,-3.624462617895E-1,0.E0));
#6928=DIRECTION('',(-3.624462617895E-1,-9.320046712945E-1,0.E0));
#6929=AXIS2_PLACEMENT_3D('',#6926,#6927,#6928);
#6930=PLANE('',#6929);
#6931=ORIENTED_EDGE('',*,*,#6753,.F.);
#6932=ORIENTED_EDGE('',*,*,#6921,.F.);
#6933=ORIENTED_EDGE('',*,*,#6625,.F.);
#6935=ORIENTED_EDGE('',*,*,#6934,.T.);
#6936=EDGE_LOOP('',(#6931,#6932,#6933,#6935));
#6937=FACE_OUTER_BOUND('',#6936,.F.);
#6939=CARTESIAN_POINT('',(6.220000000800E0,6.549776767860E0,-9.199999999760E0));
#6940=DIRECTION('',(0.E0,1.E0,0.E0));
#6941=DIRECTION('',(1.E0,0.E0,0.E0));
#6942=AXIS2_PLACEMENT_3D('',#6939,#6940,#6941);
#6943=PLANE('',#6942);
#6944=ORIENTED_EDGE('',*,*,#6763,.T.);
#6946=ORIENTED_EDGE('',*,*,#6945,.T.);
#6948=ORIENTED_EDGE('',*,*,#6947,.T.);
#6950=ORIENTED_EDGE('',*,*,#6949,.F.);
#6951=ORIENTED_EDGE('',*,*,#6755,.T.);
#6952=ORIENTED_EDGE('',*,*,#6934,.F.);
#6953=ORIENTED_EDGE('',*,*,#6623,.F.);
#6955=ORIENTED_EDGE('',*,*,#6954,.T.);
#6956=EDGE_LOOP('',(#6944,#6946,#6948,#6950,#6951,#6952,#6953,#6955));
#6957=FACE_OUTER_BOUND('',#6956,.F.);
#6959=CARTESIAN_POINT('',(7.219999999780E0,6.299776767960E0,
-8.000000002003E-1));
#6960=DIRECTION('',(-1.E0,0.E0,0.E0));
#6961=DIRECTION('',(0.E0,1.E0,0.E0));
#6962=AXIS2_PLACEMENT_3D('',#6959,#6960,#6961);
#6963=PLANE('',#6962);
#6964=ORIENTED_EDGE('',*,*,#6761,.F.);
#6966=ORIENTED_EDGE('',*,*,#6965,.T.);
#6968=ORIENTED_EDGE('',*,*,#6967,.T.);
#6969=ORIENTED_EDGE('',*,*,#6945,.F.);
#6970=EDGE_LOOP('',(#6964,#6966,#6968,#6969));
#6971=FACE_OUTER_BOUND('',#6970,.F.);
#6973=CARTESIAN_POINT('',(8.019999999980E0,6.349776769080E0,
-8.000000002003E-1));
#6974=DIRECTION('',(0.E0,-1.E0,0.E0));
#6975=DIRECTION('',(-1.E0,0.E0,0.E0));
#6976=AXIS2_PLACEMENT_3D('',#6973,#6974,#6975);
#6977=PLANE('',#6976);
#6978=ORIENTED_EDGE('',*,*,#6759,.F.);
#6980=ORIENTED_EDGE('',*,*,#6979,.T.);
#6982=ORIENTED_EDGE('',*,*,#6981,.T.);
#6983=ORIENTED_EDGE('',*,*,#6965,.F.);
#6984=EDGE_LOOP('',(#6978,#6980,#6982,#6983));
#6985=FACE_OUTER_BOUND('',#6984,.F.);
#6987=CARTESIAN_POINT('',(8.019999999980E0,6.499776766740E0,
-8.000000002003E-1));
#6988=DIRECTION('',(1.E0,0.E0,0.E0));
#6989=DIRECTION('',(0.E0,-1.E0,0.E0));
#6990=AXIS2_PLACEMENT_3D('',#6987,#6988,#6989);
#6991=PLANE('',#6990);
#6992=ORIENTED_EDGE('',*,*,#6757,.F.);
#6993=ORIENTED_EDGE('',*,*,#6949,.T.);
#6995=ORIENTED_EDGE('',*,*,#6994,.T.);
#6996=ORIENTED_EDGE('',*,*,#6979,.F.);
#6997=EDGE_LOOP('',(#6992,#6993,#6995,#6996));
#6998=FACE_OUTER_BOUND('',#6997,.F.);
#7000=CARTESIAN_POINT('',(-3.810000000120E0,0.E0,-3.600000000900E0));
#7001=DIRECTION('',(0.E0,0.E0,-1.E0));
#7002=DIRECTION('',(1.E0,0.E0,0.E0));
#7003=AXIS2_PLACEMENT_3D('',#7000,#7001,#7002);
#7004=PLANE('',#7003);
#7005=ORIENTED_EDGE('',*,*,#6981,.F.);
#7006=ORIENTED_EDGE('',*,*,#6994,.F.);
#7007=ORIENTED_EDGE('',*,*,#6947,.F.);
#7008=ORIENTED_EDGE('',*,*,#6967,.F.);
#7009=EDGE_LOOP('',(#7005,#7006,#7007,#7008));
#7010=FACE_OUTER_BOUND('',#7009,.F.);
#7012=CARTESIAN_POINT('',(6.569999999300E0,5.649776767E0,-9.199999999760E0));
#7013=DIRECTION('',(-9.320046721830E-1,-3.624462595050E-1,0.E0));
#7014=DIRECTION('',(-3.624462595050E-1,9.320046721830E-1,0.E0));
#7015=AXIS2_PLACEMENT_3D('',#7012,#7013,#7014);
#7016=PLANE('',#7015);
#7017=ORIENTED_EDGE('',*,*,#6765,.F.);
#7018=ORIENTED_EDGE('',*,*,#6954,.F.);
#7019=ORIENTED_EDGE('',*,*,#6621,.F.);
#7021=ORIENTED_EDGE('',*,*,#7020,.T.);
#7022=EDGE_LOOP('',(#7017,#7018,#7019,#7021));
#7023=FACE_OUTER_BOUND('',#7022,.F.);
#7025=CARTESIAN_POINT('',(6.870000001280E0,5.649776767E0,-9.199999999760E0));
#7026=DIRECTION('',(0.E0,-1.E0,0.E0));
#7027=DIRECTION('',(-1.E0,0.E0,0.E0));
#7028=AXIS2_PLACEMENT_3D('',#7025,#7026,#7027);
#7029=PLANE('',#7028);
#7030=ORIENTED_EDGE('',*,*,#6767,.T.);
#7031=ORIENTED_EDGE('',*,*,#7020,.F.);
#7032=ORIENTED_EDGE('',*,*,#6619,.F.);
#7034=ORIENTED_EDGE('',*,*,#7033,.T.);
#7035=EDGE_LOOP('',(#7030,#7031,#7032,#7034));
#7036=FACE_OUTER_BOUND('',#7035,.F.);
#7038=CARTESIAN_POINT('',(6.870000001280E0,5.149776766720E0,-9.199999999760E0));
#7039=DIRECTION('',(-1.E0,0.E0,0.E0));
#7040=DIRECTION('',(0.E0,1.E0,0.E0));
#7041=AXIS2_PLACEMENT_3D('',#7038,#7039,#7040);
#7042=PLANE('',#7041);
#7043=ORIENTED_EDGE('',*,*,#6769,.T.);
#7044=ORIENTED_EDGE('',*,*,#7033,.F.);
#7045=ORIENTED_EDGE('',*,*,#6617,.F.);
#7047=ORIENTED_EDGE('',*,*,#7046,.T.);
#7048=EDGE_LOOP('',(#7043,#7044,#7045,#7047));
#7049=FACE_OUTER_BOUND('',#7048,.F.);
#7051=CARTESIAN_POINT('',(6.045403331960E0,5.199776767840E0,-9.199999999760E0));
#7052=DIRECTION('',(0.E0,1.E0,0.E0));
#7053=DIRECTION('',(1.E0,0.E0,0.E0));
#7054=AXIS2_PLACEMENT_3D('',#7051,#7052,#7053);
#7055=PLANE('',#7054);
#7056=ORIENTED_EDGE('',*,*,#6771,.T.);
#7057=ORIENTED_EDGE('',*,*,#7046,.F.);
#7058=ORIENTED_EDGE('',*,*,#6615,.F.);
#7059=ORIENTED_EDGE('',*,*,#6726,.T.);
#7060=EDGE_LOOP('',(#7056,#7057,#7058,#7059));
#7061=FACE_OUTER_BOUND('',#7060,.F.);
#7063=CARTESIAN_POINT('',(7.619999999880E0,3.05E0,-2.400000000600E0));
#7064=DIRECTION('',(0.E0,0.E0,-1.E0));
#7065=DIRECTION('',(1.E0,0.E0,0.E0));
#7066=AXIS2_PLACEMENT_3D('',#7063,#7064,#7065);
#7067=CYLINDRICAL_SURFACE('',#7066,9.499999999200E-1);
#7069=ORIENTED_EDGE('',*,*,#7068,.F.);
#7071=ORIENTED_EDGE('',*,*,#7070,.F.);
#7072=ORIENTED_EDGE('',*,*,#6782,.F.);
#7074=ORIENTED_EDGE('',*,*,#7073,.T.);
#7075=EDGE_LOOP('',(#7069,#7071,#7072,#7074));
#7076=FACE_OUTER_BOUND('',#7075,.F.);
#7078=CARTESIAN_POINT('',(-3.810000000120E0,0.E0,-3.500000000240E0));
#7079=DIRECTION('',(0.E0,0.E0,-1.E0));
#7080=DIRECTION('',(1.E0,0.E0,0.E0));
#7081=AXIS2_PLACEMENT_3D('',#7078,#7079,#7080);
#7082=PLANE('',#7081);
#7083=ORIENTED_EDGE('',*,*,#7068,.T.);
#7085=ORIENTED_EDGE('',*,*,#7084,.T.);
#7086=EDGE_LOOP('',(#7083,#7085));
#7087=FACE_OUTER_BOUND('',#7086,.F.);
#7089=ORIENTED_EDGE('',*,*,#7088,.T.);
#7091=ORIENTED_EDGE('',*,*,#7090,.T.);
#7093=ORIENTED_EDGE('',*,*,#7092,.T.);
#7095=ORIENTED_EDGE('',*,*,#7094,.T.);
#7096=EDGE_LOOP('',(#7089,#7091,#7093,#7095));
#7097=FACE_BOUND('',#7096,.F.);
#7099=CARTESIAN_POINT('',(7.619999999880E0,3.05E0,-2.400000000600E0));
#7100=DIRECTION('',(0.E0,0.E0,-1.E0));
#7101=DIRECTION('',(1.E0,0.E0,0.E0));
#7102=AXIS2_PLACEMENT_3D('',#7099,#7100,#7101);
#7103=CYLINDRICAL_SURFACE('',#7102,9.499999999200E-1);
#7104=ORIENTED_EDGE('',*,*,#6784,.F.);
#7105=ORIENTED_EDGE('',*,*,#7070,.T.);
#7106=ORIENTED_EDGE('',*,*,#7084,.F.);
#7107=ORIENTED_EDGE('',*,*,#7073,.F.);
#7108=EDGE_LOOP('',(#7104,#7105,#7106,#7107));
#7109=FACE_OUTER_BOUND('',#7108,.F.);
#7111=CARTESIAN_POINT('',(7.619999999820E0,3.45E0,-3.549999999760E0));
#7112=DIRECTION('',(0.E0,-1.E0,0.E0));
#7113=DIRECTION('',(1.E0,0.E0,0.E0));
#7114=AXIS2_PLACEMENT_3D('',#7111,#7112,#7113);
#7115=PLANE('',#7114);
#7117=ORIENTED_EDGE('',*,*,#7116,.T.);
#7119=ORIENTED_EDGE('',*,*,#7118,.T.);
#7120=ORIENTED_EDGE('',*,*,#7088,.F.);
#7122=ORIENTED_EDGE('',*,*,#7121,.F.);
#7123=EDGE_LOOP('',(#7117,#7119,#7120,#7122));
#7124=FACE_OUTER_BOUND('',#7123,.F.);
#7126=CARTESIAN_POINT('',(7.619999999820E0,3.350000000001E0,-7.299999999760E0));
#7127=DIRECTION('',(0.E0,-9.486832980499E-1,3.162277660187E-1));
#7128=DIRECTION('',(-1.E0,0.E0,0.E0));
#7129=AXIS2_PLACEMENT_3D('',#7126,#7127,#7128);
#7130=PLANE('',#7129);
#7132=ORIENTED_EDGE('',*,*,#7131,.F.);
#7133=ORIENTED_EDGE('',*,*,#7116,.F.);
#7135=ORIENTED_EDGE('',*,*,#7134,.F.);
#7137=ORIENTED_EDGE('',*,*,#7136,.F.);
#7138=EDGE_LOOP('',(#7132,#7133,#7135,#7137));
#7139=FACE_OUTER_BOUND('',#7138,.F.);
#7141=CARTESIAN_POINT('',(7.919999999820E0,3.050000000001E0,-7.299999999760E0));
#7142=DIRECTION('',(-9.486832980499E-1,2.045585922872E-14,3.162277660186E-1));
#7143=DIRECTION('',(0.E0,-1.E0,6.476357618943E-14));
#7144=AXIS2_PLACEMENT_3D('',#7141,#7142,#7143);
#7145=PLANE('',#7144);
#7147=ORIENTED_EDGE('',*,*,#7146,.T.);
#7149=ORIENTED_EDGE('',*,*,#7148,.F.);
#7150=ORIENTED_EDGE('',*,*,#7131,.T.);
#7152=ORIENTED_EDGE('',*,*,#7151,.F.);
#7153=EDGE_LOOP('',(#7147,#7149,#7150,#7152));
#7154=FACE_OUTER_BOUND('',#7153,.F.);
#7156=CARTESIAN_POINT('',(7.619999999820E0,2.750000000001E0,-7.299999999760E0));
#7157=DIRECTION('',(0.E0,-9.486832980500E-1,-3.162277660185E-1));
#7158=DIRECTION('',(-1.E0,0.E0,0.E0));
#7159=AXIS2_PLACEMENT_3D('',#7156,#7157,#7158);
#7160=PLANE('',#7159);
#7162=ORIENTED_EDGE('',*,*,#7161,.T.);
#7164=ORIENTED_EDGE('',*,*,#7163,.F.);
#7165=ORIENTED_EDGE('',*,*,#7146,.F.);
#7167=ORIENTED_EDGE('',*,*,#7166,.F.);
#7168=EDGE_LOOP('',(#7162,#7164,#7165,#7167));
#7169=FACE_OUTER_BOUND('',#7168,.F.);
#7171=CARTESIAN_POINT('',(7.319999999820E0,3.050000000001E0,-7.299999999760E0));
#7172=DIRECTION('',(-9.486832980499E-1,-2.046279812262E-14,-3.162277660186E-1));
#7173=DIRECTION('',(0.E0,-1.E0,6.476774530417E-14));
#7174=AXIS2_PLACEMENT_3D('',#7171,#7172,#7173);
#7175=PLANE('',#7174);
#7177=ORIENTED_EDGE('',*,*,#7176,.F.);
#7178=ORIENTED_EDGE('',*,*,#7161,.F.);
#7180=ORIENTED_EDGE('',*,*,#7179,.F.);
#7181=ORIENTED_EDGE('',*,*,#7134,.T.);
#7182=EDGE_LOOP('',(#7177,#7178,#7180,#7181));
#7183=FACE_OUTER_BOUND('',#7182,.F.);
#7185=CARTESIAN_POINT('',(7.219999999820E0,3.05E0,-3.549999999760E0));
#7186=DIRECTION('',(1.E0,0.E0,0.E0));
#7187=DIRECTION('',(0.E0,1.E0,0.E0));
#7188=AXIS2_PLACEMENT_3D('',#7185,#7186,#7187);
#7189=PLANE('',#7188);
#7190=ORIENTED_EDGE('',*,*,#7176,.T.);
#7191=ORIENTED_EDGE('',*,*,#7121,.T.);
#7192=ORIENTED_EDGE('',*,*,#7094,.F.);
#7194=ORIENTED_EDGE('',*,*,#7193,.F.);
#7195=EDGE_LOOP('',(#7190,#7191,#7192,#7194));
#7196=FACE_OUTER_BOUND('',#7195,.F.);
#7198=CARTESIAN_POINT('',(7.619999999820E0,2.65E0,-3.549999999760E0));
#7199=DIRECTION('',(0.E0,-1.E0,0.E0));
#7200=DIRECTION('',(1.E0,0.E0,0.E0));
#7201=AXIS2_PLACEMENT_3D('',#7198,#7199,#7200);
#7202=PLANE('',#7201);
#7203=ORIENTED_EDGE('',*,*,#7163,.T.);
#7204=ORIENTED_EDGE('',*,*,#7193,.T.);
#7205=ORIENTED_EDGE('',*,*,#7092,.F.);
#7207=ORIENTED_EDGE('',*,*,#7206,.F.);
#7208=EDGE_LOOP('',(#7203,#7204,#7205,#7207));
#7209=FACE_OUTER_BOUND('',#7208,.F.);
#7211=CARTESIAN_POINT('',(8.019999999820E0,3.05E0,-3.549999999760E0));
#7212=DIRECTION('',(-1.E0,0.E0,0.E0));
#7213=DIRECTION('',(0.E0,-1.E0,0.E0));
#7214=AXIS2_PLACEMENT_3D('',#7211,#7212,#7213);
#7215=PLANE('',#7214);
#7216=ORIENTED_EDGE('',*,*,#7090,.F.);
#7217=ORIENTED_EDGE('',*,*,#7118,.F.);
#7218=ORIENTED_EDGE('',*,*,#7148,.T.);
#7219=ORIENTED_EDGE('',*,*,#7206,.T.);
#7220=EDGE_LOOP('',(#7216,#7217,#7218,#7219));
#7221=FACE_OUTER_BOUND('',#7220,.F.);
#7223=CARTESIAN_POINT('',(7.619999999820E0,3.050000000001E0,-7.599999999760E0));
#7224=DIRECTION('',(0.E0,-6.472600233565E-14,-1.E0));
#7225=DIRECTION('',(-1.E0,0.E0,0.E0));
#7226=AXIS2_PLACEMENT_3D('',#7223,#7224,#7225);
#7227=PLANE('',#7226);
#7228=ORIENTED_EDGE('',*,*,#7166,.T.);
#7229=ORIENTED_EDGE('',*,*,#7151,.T.);
#7230=ORIENTED_EDGE('',*,*,#7136,.T.);
#7231=ORIENTED_EDGE('',*,*,#7179,.T.);
#7232=EDGE_LOOP('',(#7228,#7229,#7230,#7231));
#7233=FACE_OUTER_BOUND('',#7232,.F.);
#7235=CARTESIAN_POINT('',(1.342000000050E1,2.849999999281E0,-9.199999999760E0));
#7236=DIRECTION('',(0.E0,-1.E0,6.471014200670E-14));
#7237=DIRECTION('',(-1.E0,0.E0,0.E0));
#7238=AXIS2_PLACEMENT_3D('',#7235,#7236,#7237);
#7239=PLANE('',#7238);
#7241=ORIENTED_EDGE('',*,*,#7240,.F.);
#7243=ORIENTED_EDGE('',*,*,#7242,.T.);
#7244=ORIENTED_EDGE('',*,*,#6498,.T.);
#7245=ORIENTED_EDGE('',*,*,#6582,.F.);
#7247=ORIENTED_EDGE('',*,*,#7246,.T.);
#7248=EDGE_LOOP('',(#7241,#7243,#7244,#7245,#7247));
#7249=FACE_OUTER_BOUND('',#7248,.F.);
#7251=CARTESIAN_POINT('',(1.324499999994E1,2.799999998161E0,-7.599999999760E0));
#7252=DIRECTION('',(-1.E0,0.E0,0.E0));
#7253=DIRECTION('',(0.E0,1.E0,-6.471038982436E-14));
#7254=AXIS2_PLACEMENT_3D('',#7251,#7252,#7253);
#7255=PLANE('',#7254);
#7257=ORIENTED_EDGE('',*,*,#7256,.F.);
#7259=ORIENTED_EDGE('',*,*,#7258,.F.);
#7260=ORIENTED_EDGE('',*,*,#7240,.T.);
#7262=ORIENTED_EDGE('',*,*,#7261,.T.);
#7263=EDGE_LOOP('',(#7257,#7259,#7260,#7262));
#7264=FACE_OUTER_BOUND('',#7263,.F.);
#7266=CARTESIAN_POINT('',(1.298103701254E1,4.650000001001E0,-9.199999999760E0));
#7267=DIRECTION('',(0.E0,1.E0,-6.471014200670E-14));
#7268=DIRECTION('',(1.E0,0.E0,0.E0));
#7269=AXIS2_PLACEMENT_3D('',#7266,#7267,#7268);
#7270=PLANE('',#7269);
#7271=ORIENTED_EDGE('',*,*,#6601,.F.);
#7272=ORIENTED_EDGE('',*,*,#6502,.T.);
#7274=ORIENTED_EDGE('',*,*,#7273,.T.);
#7275=ORIENTED_EDGE('',*,*,#7256,.T.);
#7277=ORIENTED_EDGE('',*,*,#7276,.T.);
#7278=EDGE_LOOP('',(#7271,#7272,#7274,#7275,#7277));
#7279=FACE_OUTER_BOUND('',#7278,.F.);
#7281=CARTESIAN_POINT('',(1.371999999994E1,-4.918000530628E-13,
-7.599999999760E0));
#7282=DIRECTION('',(0.E0,-6.471014200670E-14,-1.E0));
#7283=DIRECTION('',(-1.E0,0.E0,0.E0));
#7284=AXIS2_PLACEMENT_3D('',#7281,#7282,#7283);
#7285=PLANE('',#7284);
#7286=ORIENTED_EDGE('',*,*,#7273,.F.);
#7287=ORIENTED_EDGE('',*,*,#6500,.F.);
#7288=ORIENTED_EDGE('',*,*,#7242,.F.);
#7289=ORIENTED_EDGE('',*,*,#7258,.T.);
#7290=EDGE_LOOP('',(#7286,#7287,#7288,#7289));
#7291=FACE_OUTER_BOUND('',#7290,.F.);
#7293=CARTESIAN_POINT('',(1.333749999994E1,3.699999999021E0,-8.649999999760E0));
#7294=DIRECTION('',(9.861505550766E-1,1.073204882373E-14,1.658525933538E-1));
#7295=DIRECTION('',(1.658525933538E-1,-6.381223674468E-14,-9.861505550766E-1));
#7296=AXIS2_PLACEMENT_3D('',#7293,#7294,#7295);
#7297=PLANE('',#7296);
#7298=ORIENTED_EDGE('',*,*,#7261,.F.);
#7299=ORIENTED_EDGE('',*,*,#7246,.F.);
#7300=ORIENTED_EDGE('',*,*,#6603,.T.);
#7301=ORIENTED_EDGE('',*,*,#7276,.F.);
#7302=EDGE_LOOP('',(#7298,#7299,#7300,#7301));
#7303=FACE_OUTER_BOUND('',#7302,.F.);
#7305=CARTESIAN_POINT('',(1.260459666982E1,5.500000000002E-1,
-8.799999999760E0));
#7306=DIRECTION('',(0.E0,-9.701425001453E-1,2.425356250363E-1));
#7307=DIRECTION('',(0.E0,2.425356250363E-1,9.701425001453E-1));
#7308=AXIS2_PLACEMENT_3D('',#7305,#7306,#7307);
#7309=PLANE('',#7308);
#7310=ORIENTED_EDGE('',*,*,#6518,.T.);
#7312=ORIENTED_EDGE('',*,*,#7311,.T.);
#7313=ORIENTED_EDGE('',*,*,#6585,.F.);
#7314=ORIENTED_EDGE('',*,*,#6494,.F.);
#7315=EDGE_LOOP('',(#7310,#7312,#7313,#7314));
#7316=FACE_OUTER_BOUND('',#7315,.F.);
#7318=CARTESIAN_POINT('',(1.143001108934E1,-7.499856582499E-1,
-8.799995610761E0));
#7319=DIRECTION('',(0.E0,6.471014200670E-14,1.E0));
#7320=DIRECTION('',(0.E0,1.E0,-6.471014200670E-14));
#7321=AXIS2_PLACEMENT_3D('',#7318,#7319,#7320);
#7322=CONICAL_SURFACE('',#7321,1.499984145790E0,1.403635428644E1);
#7323=ORIENTED_EDGE('',*,*,#7311,.F.);
#7324=ORIENTED_EDGE('',*,*,#6535,.T.);
#7325=ORIENTED_EDGE('',*,*,#6533,.T.);
#7326=ORIENTED_EDGE('',*,*,#6562,.T.);
#7327=ORIENTED_EDGE('',*,*,#6587,.F.);
#7328=EDGE_LOOP('',(#7323,#7324,#7325,#7326,#7327));
#7329=FACE_OUTER_BOUND('',#7328,.F.);
#7331=CARTESIAN_POINT('',(1.950000000060E0,7.049999997940E0,-9.199999999760E0));
#7332=DIRECTION('',(0.E0,9.998611400281E-1,-1.666435302304E-2));
#7333=DIRECTION('',(0.E0,1.666435302304E-2,9.998611400281E-1));
#7334=AXIS2_PLACEMENT_3D('',#7331,#7332,#7333);
#7335=PLANE('',#7334);
#7337=ORIENTED_EDGE('',*,*,#7336,.F.);
#7339=ORIENTED_EDGE('',*,*,#7338,.F.);
#7340=ORIENTED_EDGE('',*,*,#6572,.T.);
#7342=ORIENTED_EDGE('',*,*,#7341,.F.);
#7343=EDGE_LOOP('',(#7337,#7339,#7340,#7342));
#7344=FACE_OUTER_BOUND('',#7343,.F.);
#7346=CARTESIAN_POINT('',(1.950000000060E0,7.1E0,-6.200000000280E0));
#7347=DIRECTION('',(0.E0,-6.471014200670E-14,-1.E0));
#7348=DIRECTION('',(0.E0,1.E0,-6.471014200670E-14));
#7349=AXIS2_PLACEMENT_3D('',#7346,#7347,#7348);
#7350=PLANE('',#7349);
#7352=ORIENTED_EDGE('',*,*,#7351,.F.);
#7354=ORIENTED_EDGE('',*,*,#7353,.T.);
#7355=ORIENTED_EDGE('',*,*,#7336,.T.);
#7357=ORIENTED_EDGE('',*,*,#7356,.F.);
#7358=EDGE_LOOP('',(#7352,#7354,#7355,#7357));
#7359=FACE_OUTER_BOUND('',#7358,.F.);
#7361=CARTESIAN_POINT('',(1.950000000060E0,7.289999998E0,-6.200000000280E0));
#7362=DIRECTION('',(0.E0,1.E0,-6.026924993751E-14));
#7363=DIRECTION('',(0.E0,6.026924993751E-14,1.E0));
#7364=AXIS2_PLACEMENT_3D('',#7361,#7362,#7363);
#7365=PLANE('',#7364);
#7367=ORIENTED_EDGE('',*,*,#7366,.F.);
#7369=ORIENTED_EDGE('',*,*,#7368,.T.);
#7370=ORIENTED_EDGE('',*,*,#7351,.T.);
#7372=ORIENTED_EDGE('',*,*,#7371,.F.);
#7373=EDGE_LOOP('',(#7367,#7369,#7370,#7372));
#7374=FACE_OUTER_BOUND('',#7373,.F.);
#7376=CARTESIAN_POINT('',(1.950000000060E0,7.089999999220E0,-5.999999998960E0));
#7377=DIRECTION('',(1.E0,0.E0,0.E0));
#7378=DIRECTION('',(0.E0,-1.E0,6.471014200670E-14));
#7379=AXIS2_PLACEMENT_3D('',#7376,#7377,#7378);
#7380=CYLINDRICAL_SURFACE('',#7379,1.999999987800E-1);
#7382=ORIENTED_EDGE('',*,*,#7381,.F.);
#7384=ORIENTED_EDGE('',*,*,#7383,.F.);
#7385=ORIENTED_EDGE('',*,*,#7366,.T.);
#7387=ORIENTED_EDGE('',*,*,#7386,.F.);
#7388=EDGE_LOOP('',(#7382,#7384,#7385,#7387));
#7389=FACE_OUTER_BOUND('',#7388,.F.);
#7391=CARTESIAN_POINT('',(1.950000000060E0,7.089999999220E0,-5.800000000181E0));
#7392=DIRECTION('',(0.E0,1.535279811341E-13,1.E0));
#7393=DIRECTION('',(0.E0,-1.E0,1.535279811341E-13));
#7394=AXIS2_PLACEMENT_3D('',#7391,#7392,#7393);
#7395=PLANE('',#7394);
#7397=ORIENTED_EDGE('',*,*,#7396,.F.);
#7399=ORIENTED_EDGE('',*,*,#7398,.T.);
#7400=ORIENTED_EDGE('',*,*,#7381,.T.);
#7402=ORIENTED_EDGE('',*,*,#7401,.F.);
#7403=EDGE_LOOP('',(#7397,#7399,#7400,#7402));
#7404=FACE_OUTER_BOUND('',#7403,.F.);
#7406=CARTESIAN_POINT('',(1.372999999994E1,7.050000000002E0,-9.199999999761E0));
#7407=DIRECTION('',(0.E0,1.E0,0.E0));
#7408=DIRECTION('',(0.E0,0.E0,1.E0));
#7409=AXIS2_PLACEMENT_3D('',#7406,#7407,#7408);
#7410=PLANE('',#7409);
#7412=ORIENTED_EDGE('',*,*,#7411,.F.);
#7414=ORIENTED_EDGE('',*,*,#7413,.F.);
#7415=ORIENTED_EDGE('',*,*,#7396,.T.);
#7417=ORIENTED_EDGE('',*,*,#7416,.T.);
#7418=EDGE_LOOP('',(#7412,#7414,#7415,#7417));
#7419=FACE_OUTER_BOUND('',#7418,.F.);
#7421=CARTESIAN_POINT('',(1.372999999994E1,6.550000001782E0,
-5.000000007603E-1));
#7422=DIRECTION('',(1.E0,0.E0,0.E0));
#7423=DIRECTION('',(0.E0,0.E0,-1.E0));
#7424=AXIS2_PLACEMENT_3D('',#7421,#7422,#7423);
#7425=CYLINDRICAL_SURFACE('',#7424,5.000000007600E-1);
#7427=ORIENTED_EDGE('',*,*,#7426,.F.);
#7429=ORIENTED_EDGE('',*,*,#7428,.F.);
#7430=ORIENTED_EDGE('',*,*,#7411,.T.);
#7432=ORIENTED_EDGE('',*,*,#7431,.F.);
#7433=EDGE_LOOP('',(#7427,#7429,#7430,#7432));
#7434=FACE_OUTER_BOUND('',#7433,.F.);
#7436=CARTESIAN_POINT('',(1.372999999994E1,6.550000001783E0,4.547E-13));
#7437=DIRECTION('',(0.E0,-6.995384613466E-14,1.E0));
#7438=DIRECTION('',(0.E0,-1.E0,-6.995384613466E-14));
#7439=AXIS2_PLACEMENT_3D('',#7436,#7437,#7438);
#7440=PLANE('',#7439);
#7442=ORIENTED_EDGE('',*,*,#7441,.F.);
#7444=ORIENTED_EDGE('',*,*,#7443,.F.);
#7445=ORIENTED_EDGE('',*,*,#7426,.T.);
#7447=ORIENTED_EDGE('',*,*,#7446,.T.);
#7448=EDGE_LOOP('',(#7442,#7444,#7445,#7447));
#7449=FACE_OUTER_BOUND('',#7448,.F.);
#7451=ORIENTED_EDGE('',*,*,#7450,.T.);
#7453=ORIENTED_EDGE('',*,*,#7452,.T.);
#7455=ORIENTED_EDGE('',*,*,#7454,.T.);
#7457=ORIENTED_EDGE('',*,*,#7456,.T.);
#7458=EDGE_LOOP('',(#7451,#7453,#7455,#7457));
#7459=FACE_BOUND('',#7458,.F.);
#7461=ORIENTED_EDGE('',*,*,#7460,.T.);
#7463=ORIENTED_EDGE('',*,*,#7462,.T.);
#7465=ORIENTED_EDGE('',*,*,#7464,.T.);
#7467=ORIENTED_EDGE('',*,*,#7466,.T.);
#7468=EDGE_LOOP('',(#7461,#7463,#7465,#7467));
#7469=FACE_BOUND('',#7468,.F.);
#7471=CARTESIAN_POINT('',(7.619999999820E0,2.65E0,-3.549999999760E0));
#7472=DIRECTION('',(0.E0,-1.E0,0.E0));
#7473=DIRECTION('',(1.E0,0.E0,0.E0));
#7474=AXIS2_PLACEMENT_3D('',#7471,#7472,#7473);
#7475=PLANE('',#7474);
#7477=ORIENTED_EDGE('',*,*,#7476,.F.);
#7479=ORIENTED_EDGE('',*,*,#7478,.T.);
#7480=ORIENTED_EDGE('',*,*,#7460,.F.);
#7482=ORIENTED_EDGE('',*,*,#7481,.F.);
#7483=EDGE_LOOP('',(#7477,#7479,#7480,#7482));
#7484=FACE_OUTER_BOUND('',#7483,.F.);
#7486=CARTESIAN_POINT('',(7.619999999820E0,2.75E0,3.100000000240E0));
#7487=DIRECTION('',(0.E0,-9.486832980502E-1,3.162277660179E-1));
#7488=DIRECTION('',(-1.E0,0.E0,0.E0));
#7489=AXIS2_PLACEMENT_3D('',#7486,#7487,#7488);
#7490=PLANE('',#7489);
#7492=ORIENTED_EDGE('',*,*,#7491,.F.);
#7493=ORIENTED_EDGE('',*,*,#7476,.T.);
#7495=ORIENTED_EDGE('',*,*,#7494,.F.);
#7497=ORIENTED_EDGE('',*,*,#7496,.F.);
#7498=EDGE_LOOP('',(#7492,#7493,#7495,#7497));
#7499=FACE_OUTER_BOUND('',#7498,.F.);
#7501=CARTESIAN_POINT('',(7.919999999820E0,3.05E0,3.100000000240E0));
#7502=DIRECTION('',(-9.486832980502E-1,0.E0,-3.162277660179E-1));
#7503=DIRECTION('',(0.E0,-1.E0,0.E0));
#7504=AXIS2_PLACEMENT_3D('',#7501,#7502,#7503);
#7505=PLANE('',#7504);
#7507=ORIENTED_EDGE('',*,*,#7506,.T.);
#7509=ORIENTED_EDGE('',*,*,#7508,.T.);
#7510=ORIENTED_EDGE('',*,*,#7491,.T.);
#7512=ORIENTED_EDGE('',*,*,#7511,.T.);
#7513=EDGE_LOOP('',(#7507,#7509,#7510,#7512));
#7514=FACE_OUTER_BOUND('',#7513,.F.);
#7516=CARTESIAN_POINT('',(7.619999999820E0,3.35E0,3.100000000240E0));
#7517=DIRECTION('',(0.E0,-9.486832980502E-1,-3.162277660179E-1));
#7518=DIRECTION('',(-1.E0,0.E0,0.E0));
#7519=AXIS2_PLACEMENT_3D('',#7516,#7517,#7518);
#7520=PLANE('',#7519);
#7522=ORIENTED_EDGE('',*,*,#7521,.F.);
#7524=ORIENTED_EDGE('',*,*,#7523,.T.);
#7525=ORIENTED_EDGE('',*,*,#7506,.F.);
#7527=ORIENTED_EDGE('',*,*,#7526,.F.);
#7528=EDGE_LOOP('',(#7522,#7524,#7525,#7527));
#7529=FACE_OUTER_BOUND('',#7528,.F.);
#7531=CARTESIAN_POINT('',(7.319999999820E0,3.05E0,3.100000000240E0));
#7532=DIRECTION('',(-9.486832980502E-1,0.E0,3.162277660179E-1));
#7533=DIRECTION('',(0.E0,-1.E0,0.E0));
#7534=AXIS2_PLACEMENT_3D('',#7531,#7532,#7533);
#7535=PLANE('',#7534);
#7537=ORIENTED_EDGE('',*,*,#7536,.T.);
#7538=ORIENTED_EDGE('',*,*,#7521,.T.);
#7540=ORIENTED_EDGE('',*,*,#7539,.F.);
#7541=ORIENTED_EDGE('',*,*,#7494,.T.);
#7542=EDGE_LOOP('',(#7537,#7538,#7540,#7541));
#7543=FACE_OUTER_BOUND('',#7542,.F.);
#7545=CARTESIAN_POINT('',(7.219999999820E0,3.05E0,-3.549999999760E0));
#7546=DIRECTION('',(1.E0,0.E0,0.E0));
#7547=DIRECTION('',(0.E0,1.E0,0.E0));
#7548=AXIS2_PLACEMENT_3D('',#7545,#7546,#7547);
#7549=PLANE('',#7548);
#7550=ORIENTED_EDGE('',*,*,#7536,.F.);
#7551=ORIENTED_EDGE('',*,*,#7481,.T.);
#7552=ORIENTED_EDGE('',*,*,#7466,.F.);
#7554=ORIENTED_EDGE('',*,*,#7553,.F.);
#7555=EDGE_LOOP('',(#7550,#7551,#7552,#7554));
#7556=FACE_OUTER_BOUND('',#7555,.F.);
#7558=CARTESIAN_POINT('',(7.619999999820E0,3.45E0,-3.549999999760E0));
#7559=DIRECTION('',(0.E0,-1.E0,0.E0));
#7560=DIRECTION('',(1.E0,0.E0,0.E0));
#7561=AXIS2_PLACEMENT_3D('',#7558,#7559,#7560);
#7562=PLANE('',#7561);
#7563=ORIENTED_EDGE('',*,*,#7523,.F.);
#7564=ORIENTED_EDGE('',*,*,#7553,.T.);
#7565=ORIENTED_EDGE('',*,*,#7464,.F.);
#7567=ORIENTED_EDGE('',*,*,#7566,.F.);
#7568=EDGE_LOOP('',(#7563,#7564,#7565,#7567));
#7569=FACE_OUTER_BOUND('',#7568,.F.);
#7571=CARTESIAN_POINT('',(8.019999999820E0,3.05E0,-3.549999999760E0));
#7572=DIRECTION('',(-1.E0,0.E0,0.E0));
#7573=DIRECTION('',(0.E0,-1.E0,0.E0));
#7574=AXIS2_PLACEMENT_3D('',#7571,#7572,#7573);
#7575=PLANE('',#7574);
#7576=ORIENTED_EDGE('',*,*,#7462,.F.);
#7577=ORIENTED_EDGE('',*,*,#7478,.F.);
#7578=ORIENTED_EDGE('',*,*,#7508,.F.);
#7579=ORIENTED_EDGE('',*,*,#7566,.T.);
#7580=EDGE_LOOP('',(#7576,#7577,#7578,#7579));
#7581=FACE_OUTER_BOUND('',#7580,.F.);
#7583=CARTESIAN_POINT('',(7.619999999820E0,3.05E0,3.400000000240E0));
#7584=DIRECTION('',(0.E0,0.E0,-1.E0));
#7585=DIRECTION('',(1.E0,0.E0,0.E0));
#7586=AXIS2_PLACEMENT_3D('',#7583,#7584,#7585);
#7587=PLANE('',#7586);
#7588=ORIENTED_EDGE('',*,*,#7496,.T.);
#7589=ORIENTED_EDGE('',*,*,#7539,.T.);
#7590=ORIENTED_EDGE('',*,*,#7526,.T.);
#7591=ORIENTED_EDGE('',*,*,#7511,.F.);
#7592=EDGE_LOOP('',(#7588,#7589,#7590,#7591));
#7593=FACE_OUTER_BOUND('',#7592,.F.);
#7595=CARTESIAN_POINT('',(1.142999999994E1,2.65E0,-3.549999999760E0));
#7596=DIRECTION('',(0.E0,-1.E0,0.E0));
#7597=DIRECTION('',(1.E0,0.E0,0.E0));
#7598=AXIS2_PLACEMENT_3D('',#7595,#7596,#7597);
#7599=PLANE('',#7598);
#7601=ORIENTED_EDGE('',*,*,#7600,.F.);
#7603=ORIENTED_EDGE('',*,*,#7602,.T.);
#7604=ORIENTED_EDGE('',*,*,#7450,.F.);
#7606=ORIENTED_EDGE('',*,*,#7605,.F.);
#7607=EDGE_LOOP('',(#7601,#7603,#7604,#7606));
#7608=FACE_OUTER_BOUND('',#7607,.F.);
#7610=CARTESIAN_POINT('',(1.142999999994E1,2.75E0,3.100000000240E0));
#7611=DIRECTION('',(0.E0,-9.486832980502E-1,3.162277660179E-1));
#7612=DIRECTION('',(-1.E0,0.E0,0.E0));
#7613=AXIS2_PLACEMENT_3D('',#7610,#7611,#7612);
#7614=PLANE('',#7613);
#7616=ORIENTED_EDGE('',*,*,#7615,.F.);
#7617=ORIENTED_EDGE('',*,*,#7600,.T.);
#7619=ORIENTED_EDGE('',*,*,#7618,.F.);
#7621=ORIENTED_EDGE('',*,*,#7620,.F.);
#7622=EDGE_LOOP('',(#7616,#7617,#7619,#7621));
#7623=FACE_OUTER_BOUND('',#7622,.F.);
#7625=CARTESIAN_POINT('',(1.172999999994E1,3.05E0,3.100000000240E0));
#7626=DIRECTION('',(-9.486832980502E-1,0.E0,-3.162277660179E-1));
#7627=DIRECTION('',(0.E0,-1.E0,0.E0));
#7628=AXIS2_PLACEMENT_3D('',#7625,#7626,#7627);
#7629=PLANE('',#7628);
#7631=ORIENTED_EDGE('',*,*,#7630,.T.);
#7633=ORIENTED_EDGE('',*,*,#7632,.T.);
#7634=ORIENTED_EDGE('',*,*,#7615,.T.);
#7636=ORIENTED_EDGE('',*,*,#7635,.T.);
#7637=EDGE_LOOP('',(#7631,#7633,#7634,#7636));
#7638=FACE_OUTER_BOUND('',#7637,.F.);
#7640=CARTESIAN_POINT('',(1.142999999994E1,3.35E0,3.100000000240E0));
#7641=DIRECTION('',(0.E0,-9.486832980502E-1,-3.162277660179E-1));
#7642=DIRECTION('',(-1.E0,0.E0,0.E0));
#7643=AXIS2_PLACEMENT_3D('',#7640,#7641,#7642);
#7644=PLANE('',#7643);
#7646=ORIENTED_EDGE('',*,*,#7645,.F.);
#7648=ORIENTED_EDGE('',*,*,#7647,.T.);
#7649=ORIENTED_EDGE('',*,*,#7630,.F.);
#7651=ORIENTED_EDGE('',*,*,#7650,.F.);
#7652=EDGE_LOOP('',(#7646,#7648,#7649,#7651));
#7653=FACE_OUTER_BOUND('',#7652,.F.);
#7655=CARTESIAN_POINT('',(1.112999999994E1,3.05E0,3.100000000240E0));
#7656=DIRECTION('',(-9.486832980502E-1,0.E0,3.162277660179E-1));
#7657=DIRECTION('',(0.E0,-1.E0,0.E0));
#7658=AXIS2_PLACEMENT_3D('',#7655,#7656,#7657);
#7659=PLANE('',#7658);
#7661=ORIENTED_EDGE('',*,*,#7660,.T.);
#7662=ORIENTED_EDGE('',*,*,#7645,.T.);
#7664=ORIENTED_EDGE('',*,*,#7663,.F.);
#7665=ORIENTED_EDGE('',*,*,#7618,.T.);
#7666=EDGE_LOOP('',(#7661,#7662,#7664,#7665));
#7667=FACE_OUTER_BOUND('',#7666,.F.);
#7669=CARTESIAN_POINT('',(1.102999999994E1,3.05E0,-3.549999999760E0));
#7670=DIRECTION('',(1.E0,0.E0,0.E0));
#7671=DIRECTION('',(0.E0,1.E0,0.E0));
#7672=AXIS2_PLACEMENT_3D('',#7669,#7670,#7671);
#7673=PLANE('',#7672);
#7674=ORIENTED_EDGE('',*,*,#7660,.F.);
#7675=ORIENTED_EDGE('',*,*,#7605,.T.);
#7676=ORIENTED_EDGE('',*,*,#7456,.F.);
#7678=ORIENTED_EDGE('',*,*,#7677,.F.);
#7679=EDGE_LOOP('',(#7674,#7675,#7676,#7678));
#7680=FACE_OUTER_BOUND('',#7679,.F.);
#7682=CARTESIAN_POINT('',(1.142999999994E1,3.45E0,-3.549999999760E0));
#7683=DIRECTION('',(0.E0,-1.E0,0.E0));
#7684=DIRECTION('',(1.E0,0.E0,0.E0));
#7685=AXIS2_PLACEMENT_3D('',#7682,#7683,#7684);
#7686=PLANE('',#7685);
#7687=ORIENTED_EDGE('',*,*,#7647,.F.);
#7688=ORIENTED_EDGE('',*,*,#7677,.T.);
#7689=ORIENTED_EDGE('',*,*,#7454,.F.);
#7691=ORIENTED_EDGE('',*,*,#7690,.F.);
#7692=EDGE_LOOP('',(#7687,#7688,#7689,#7691));
#7693=FACE_OUTER_BOUND('',#7692,.F.);
#7695=CARTESIAN_POINT('',(1.182999999994E1,3.05E0,-3.549999999760E0));
#7696=DIRECTION('',(-1.E0,0.E0,0.E0));
#7697=DIRECTION('',(0.E0,-1.E0,0.E0));
#7698=AXIS2_PLACEMENT_3D('',#7695,#7696,#7697);
#7699=PLANE('',#7698);
#7700=ORIENTED_EDGE('',*,*,#7452,.F.);
#7701=ORIENTED_EDGE('',*,*,#7602,.F.);
#7702=ORIENTED_EDGE('',*,*,#7632,.F.);
#7703=ORIENTED_EDGE('',*,*,#7690,.T.);
#7704=EDGE_LOOP('',(#7700,#7701,#7702,#7703));
#7705=FACE_OUTER_BOUND('',#7704,.F.);
#7707=CARTESIAN_POINT('',(1.142999999994E1,3.05E0,3.400000000240E0));
#7708=DIRECTION('',(0.E0,0.E0,-1.E0));
#7709=DIRECTION('',(1.E0,0.E0,0.E0));
#7710=AXIS2_PLACEMENT_3D('',#7707,#7708,#7709);
#7711=PLANE('',#7710);
#7712=ORIENTED_EDGE('',*,*,#7620,.T.);
#7713=ORIENTED_EDGE('',*,*,#7663,.T.);
#7714=ORIENTED_EDGE('',*,*,#7650,.T.);
#7715=ORIENTED_EDGE('',*,*,#7635,.F.);
#7716=EDGE_LOOP('',(#7712,#7713,#7714,#7715));
#7717=FACE_OUTER_BOUND('',#7716,.F.);
#7719=CARTESIAN_POINT('',(1.372999999994E1,5.000000000018E-2,0.E0));
#7720=DIRECTION('',(0.E0,-1.E0,0.E0));
#7721=DIRECTION('',(0.E0,0.E0,-1.E0));
#7722=AXIS2_PLACEMENT_3D('',#7719,#7720,#7721);
#7723=PLANE('',#7722);
#7724=ORIENTED_EDGE('',*,*,#6576,.T.);
#7726=ORIENTED_EDGE('',*,*,#7725,.F.);
#7727=ORIENTED_EDGE('',*,*,#7441,.T.);
#7729=ORIENTED_EDGE('',*,*,#7728,.T.);
#7730=EDGE_LOOP('',(#7724,#7726,#7727,#7729));
#7731=FACE_OUTER_BOUND('',#7730,.F.);
#7733=ORIENTED_EDGE('',*,*,#7732,.T.);
#7735=ORIENTED_EDGE('',*,*,#7734,.T.);
#7737=ORIENTED_EDGE('',*,*,#7736,.T.);
#7739=ORIENTED_EDGE('',*,*,#7738,.T.);
#7741=ORIENTED_EDGE('',*,*,#7740,.T.);
#7743=ORIENTED_EDGE('',*,*,#7742,.T.);
#7745=ORIENTED_EDGE('',*,*,#7744,.T.);
#7747=ORIENTED_EDGE('',*,*,#7746,.T.);
#7749=ORIENTED_EDGE('',*,*,#7748,.T.);
#7751=ORIENTED_EDGE('',*,*,#7750,.T.);
#7752=EDGE_LOOP('',(#7733,#7735,#7737,#7739,#7741,#7743,#7745,#7747,#7749,
#7751));
#7753=FACE_BOUND('',#7752,.F.);
#7755=ORIENTED_EDGE('',*,*,#7754,.T.);
#7757=ORIENTED_EDGE('',*,*,#7756,.T.);
#7759=ORIENTED_EDGE('',*,*,#7758,.T.);
#7761=ORIENTED_EDGE('',*,*,#7760,.T.);
#7763=ORIENTED_EDGE('',*,*,#7762,.T.);
#7765=ORIENTED_EDGE('',*,*,#7764,.T.);
#7767=ORIENTED_EDGE('',*,*,#7766,.T.);
#7769=ORIENTED_EDGE('',*,*,#7768,.T.);
#7771=ORIENTED_EDGE('',*,*,#7770,.T.);
#7773=ORIENTED_EDGE('',*,*,#7772,.T.);
#7775=ORIENTED_EDGE('',*,*,#7774,.T.);
#7777=ORIENTED_EDGE('',*,*,#7776,.T.);
#7778=EDGE_LOOP('',(#7755,#7757,#7759,#7761,#7763,#7765,#7767,#7769,#7771,#7773,
#7775,#7777));
#7779=FACE_BOUND('',#7778,.F.);
#7781=ORIENTED_EDGE('',*,*,#7780,.T.);
#7783=ORIENTED_EDGE('',*,*,#7782,.T.);
#7785=ORIENTED_EDGE('',*,*,#7784,.T.);
#7787=ORIENTED_EDGE('',*,*,#7786,.T.);
#7789=ORIENTED_EDGE('',*,*,#7788,.T.);
#7791=ORIENTED_EDGE('',*,*,#7790,.T.);
#7793=ORIENTED_EDGE('',*,*,#7792,.T.);
#7795=ORIENTED_EDGE('',*,*,#7794,.T.);
#7797=ORIENTED_EDGE('',*,*,#7796,.T.);
#7799=ORIENTED_EDGE('',*,*,#7798,.T.);
#7801=ORIENTED_EDGE('',*,*,#7800,.T.);
#7803=ORIENTED_EDGE('',*,*,#7802,.T.);
#7805=ORIENTED_EDGE('',*,*,#7804,.T.);
#7807=ORIENTED_EDGE('',*,*,#7806,.T.);
#7809=ORIENTED_EDGE('',*,*,#7808,.T.);
#7811=ORIENTED_EDGE('',*,*,#7810,.T.);
#7813=ORIENTED_EDGE('',*,*,#7812,.T.);
#7815=ORIENTED_EDGE('',*,*,#7814,.T.);
#7817=ORIENTED_EDGE('',*,*,#7816,.T.);
#7819=ORIENTED_EDGE('',*,*,#7818,.T.);
#7821=ORIENTED_EDGE('',*,*,#7820,.T.);
#7823=ORIENTED_EDGE('',*,*,#7822,.T.);
#7825=ORIENTED_EDGE('',*,*,#7824,.T.);
#7827=ORIENTED_EDGE('',*,*,#7826,.T.);
#7829=ORIENTED_EDGE('',*,*,#7828,.T.);
#7831=ORIENTED_EDGE('',*,*,#7830,.T.);
#7833=ORIENTED_EDGE('',*,*,#7832,.T.);
#7835=ORIENTED_EDGE('',*,*,#7834,.T.);
#7837=ORIENTED_EDGE('',*,*,#7836,.T.);
#7839=ORIENTED_EDGE('',*,*,#7838,.T.);
#7841=ORIENTED_EDGE('',*,*,#7840,.T.);
#7843=ORIENTED_EDGE('',*,*,#7842,.T.);
#7845=ORIENTED_EDGE('',*,*,#7844,.T.);
#7847=ORIENTED_EDGE('',*,*,#7846,.T.);
#7849=ORIENTED_EDGE('',*,*,#7848,.T.);
#7851=ORIENTED_EDGE('',*,*,#7850,.T.);
#7853=ORIENTED_EDGE('',*,*,#7852,.T.);
#7855=ORIENTED_EDGE('',*,*,#7854,.T.);
#7857=ORIENTED_EDGE('',*,*,#7856,.T.);
#7859=ORIENTED_EDGE('',*,*,#7858,.T.);
#7861=ORIENTED_EDGE('',*,*,#7860,.T.);
#7863=ORIENTED_EDGE('',*,*,#7862,.T.);
#7865=ORIENTED_EDGE('',*,*,#7864,.T.);
#7867=ORIENTED_EDGE('',*,*,#7866,.T.);
#7869=ORIENTED_EDGE('',*,*,#7868,.T.);
#7871=ORIENTED_EDGE('',*,*,#7870,.T.);
#7873=ORIENTED_EDGE('',*,*,#7872,.T.);
#7875=ORIENTED_EDGE('',*,*,#7874,.T.);
#7877=ORIENTED_EDGE('',*,*,#7876,.T.);
#7879=ORIENTED_EDGE('',*,*,#7878,.T.);
#7881=ORIENTED_EDGE('',*,*,#7880,.T.);
#7883=ORIENTED_EDGE('',*,*,#7882,.T.);
#7885=ORIENTED_EDGE('',*,*,#7884,.T.);
#7887=ORIENTED_EDGE('',*,*,#7886,.T.);
#7889=ORIENTED_EDGE('',*,*,#7888,.T.);
#7891=ORIENTED_EDGE('',*,*,#7890,.T.);
#7893=ORIENTED_EDGE('',*,*,#7892,.T.);
#7895=ORIENTED_EDGE('',*,*,#7894,.T.);
#7897=ORIENTED_EDGE('',*,*,#7896,.T.);
#7899=ORIENTED_EDGE('',*,*,#7898,.T.);
#7901=ORIENTED_EDGE('',*,*,#7900,.T.);
#7903=ORIENTED_EDGE('',*,*,#7902,.T.);
#7905=ORIENTED_EDGE('',*,*,#7904,.T.);
#7907=ORIENTED_EDGE('',*,*,#7906,.T.);
#7909=ORIENTED_EDGE('',*,*,#7908,.T.);
#7911=ORIENTED_EDGE('',*,*,#7910,.T.);
#7913=ORIENTED_EDGE('',*,*,#7912,.T.);
#7915=ORIENTED_EDGE('',*,*,#7914,.T.);
#7917=ORIENTED_EDGE('',*,*,#7916,.T.);
#7919=ORIENTED_EDGE('',*,*,#7918,.T.);
#7921=ORIENTED_EDGE('',*,*,#7920,.T.);
#7923=ORIENTED_EDGE('',*,*,#7922,.T.);
#7925=ORIENTED_EDGE('',*,*,#7924,.T.);
#7927=ORIENTED_EDGE('',*,*,#7926,.T.);
#7929=ORIENTED_EDGE('',*,*,#7928,.T.);
#7931=ORIENTED_EDGE('',*,*,#7930,.T.);
#7933=ORIENTED_EDGE('',*,*,#7932,.T.);
#7935=ORIENTED_EDGE('',*,*,#7934,.T.);
#7936=EDGE_LOOP('',(#7781,#7783,#7785,#7787,#7789,#7791,#7793,#7795,#7797,#7799,
#7801,#7803,#7805,#7807,#7809,#7811,#7813,#7815,#7817,#7819,#7821,#7823,#7825,
#7827,#7829,#7831,#7833,#7835,#7837,#7839,#7841,#7843,#7845,#7847,#7849,#7851,
#7853,#7855,#7857,#7859,#7861,#7863,#7865,#7867,#7869,#7871,#7873,#7875,#7877,
#7879,#7881,#7883,#7885,#7887,#7889,#7891,#7893,#7895,#7897,#7899,#7901,#7903,
#7905,#7907,#7909,#7911,#7913,#7915,#7917,#7919,#7921,#7923,#7925,#7927,#7929,
#7931,#7933,#7935));
#7937=FACE_BOUND('',#7936,.F.);
#7939=ORIENTED_EDGE('',*,*,#7938,.T.);
#7941=ORIENTED_EDGE('',*,*,#7940,.T.);
#7943=ORIENTED_EDGE('',*,*,#7942,.T.);
#7945=ORIENTED_EDGE('',*,*,#7944,.T.);
#7947=ORIENTED_EDGE('',*,*,#7946,.T.);
#7949=ORIENTED_EDGE('',*,*,#7948,.T.);
#7951=ORIENTED_EDGE('',*,*,#7950,.T.);
#7953=ORIENTED_EDGE('',*,*,#7952,.T.);
#7955=ORIENTED_EDGE('',*,*,#7954,.T.);
#7957=ORIENTED_EDGE('',*,*,#7956,.T.);
#7959=ORIENTED_EDGE('',*,*,#7958,.T.);
#7961=ORIENTED_EDGE('',*,*,#7960,.T.);
#7963=ORIENTED_EDGE('',*,*,#7962,.T.);
#7965=ORIENTED_EDGE('',*,*,#7964,.T.);
#7967=ORIENTED_EDGE('',*,*,#7966,.T.);
#7969=ORIENTED_EDGE('',*,*,#7968,.T.);
#7971=ORIENTED_EDGE('',*,*,#7970,.T.);
#7973=ORIENTED_EDGE('',*,*,#7972,.T.);
#7975=ORIENTED_EDGE('',*,*,#7974,.T.);
#7977=ORIENTED_EDGE('',*,*,#7976,.T.);
#7979=ORIENTED_EDGE('',*,*,#7978,.T.);
#7981=ORIENTED_EDGE('',*,*,#7980,.T.);
#7983=ORIENTED_EDGE('',*,*,#7982,.T.);
#7985=ORIENTED_EDGE('',*,*,#7984,.T.);
#7987=ORIENTED_EDGE('',*,*,#7986,.T.);
#7989=ORIENTED_EDGE('',*,*,#7988,.T.);
#7991=ORIENTED_EDGE('',*,*,#7990,.T.);
#7993=ORIENTED_EDGE('',*,*,#7992,.T.);
#7995=ORIENTED_EDGE('',*,*,#7994,.T.);
#7997=ORIENTED_EDGE('',*,*,#7996,.T.);
#7999=ORIENTED_EDGE('',*,*,#7998,.T.);
#8001=ORIENTED_EDGE('',*,*,#8000,.T.);
#8003=ORIENTED_EDGE('',*,*,#8002,.T.);
#8005=ORIENTED_EDGE('',*,*,#8004,.T.);
#8007=ORIENTED_EDGE('',*,*,#8006,.T.);
#8009=ORIENTED_EDGE('',*,*,#8008,.T.);
#8010=EDGE_LOOP('',(#7939,#7941,#7943,#7945,#7947,#7949,#7951,#7953,#7955,#7957,
#7959,#7961,#7963,#7965,#7967,#7969,#7971,#7973,#7975,#7977,#7979,#7981,#7983,
#7985,#7987,#7989,#7991,#7993,#7995,#7997,#7999,#8001,#8003,#8005,#8007,#8009));
#8011=FACE_BOUND('',#8010,.F.);
#8013=ORIENTED_EDGE('',*,*,#8012,.T.);
#8015=ORIENTED_EDGE('',*,*,#8014,.T.);
#8017=ORIENTED_EDGE('',*,*,#8016,.T.);
#8019=ORIENTED_EDGE('',*,*,#8018,.T.);
#8021=ORIENTED_EDGE('',*,*,#8020,.T.);
#8023=ORIENTED_EDGE('',*,*,#8022,.T.);
#8025=ORIENTED_EDGE('',*,*,#8024,.T.);
#8027=ORIENTED_EDGE('',*,*,#8026,.T.);
#8029=ORIENTED_EDGE('',*,*,#8028,.T.);
#8031=ORIENTED_EDGE('',*,*,#8030,.T.);
#8033=ORIENTED_EDGE('',*,*,#8032,.T.);
#8035=ORIENTED_EDGE('',*,*,#8034,.T.);
#8037=ORIENTED_EDGE('',*,*,#8036,.T.);
#8039=ORIENTED_EDGE('',*,*,#8038,.T.);
#8041=ORIENTED_EDGE('',*,*,#8040,.T.);
#8043=ORIENTED_EDGE('',*,*,#8042,.T.);
#8045=ORIENTED_EDGE('',*,*,#8044,.T.);
#8047=ORIENTED_EDGE('',*,*,#8046,.T.);
#8049=ORIENTED_EDGE('',*,*,#8048,.T.);
#8051=ORIENTED_EDGE('',*,*,#8050,.T.);
#8053=ORIENTED_EDGE('',*,*,#8052,.T.);
#8055=ORIENTED_EDGE('',*,*,#8054,.T.);
#8057=ORIENTED_EDGE('',*,*,#8056,.T.);
#8059=ORIENTED_EDGE('',*,*,#8058,.T.);
#8061=ORIENTED_EDGE('',*,*,#8060,.T.);
#8063=ORIENTED_EDGE('',*,*,#8062,.T.);
#8065=ORIENTED_EDGE('',*,*,#8064,.T.);
#8067=ORIENTED_EDGE('',*,*,#8066,.T.);
#8069=ORIENTED_EDGE('',*,*,#8068,.T.);
#8071=ORIENTED_EDGE('',*,*,#8070,.T.);
#8073=ORIENTED_EDGE('',*,*,#8072,.T.);
#8075=ORIENTED_EDGE('',*,*,#8074,.T.);
#8077=ORIENTED_EDGE('',*,*,#8076,.T.);
#8079=ORIENTED_EDGE('',*,*,#8078,.T.);
#8081=ORIENTED_EDGE('',*,*,#8080,.T.);
#8083=ORIENTED_EDGE('',*,*,#8082,.T.);
#8085=ORIENTED_EDGE('',*,*,#8084,.T.);
#8087=ORIENTED_EDGE('',*,*,#8086,.T.);
#8089=ORIENTED_EDGE('',*,*,#8088,.T.);
#8091=ORIENTED_EDGE('',*,*,#8090,.T.);
#8093=ORIENTED_EDGE('',*,*,#8092,.T.);
#8095=ORIENTED_EDGE('',*,*,#8094,.T.);
#8097=ORIENTED_EDGE('',*,*,#8096,.T.);
#8099=ORIENTED_EDGE('',*,*,#8098,.T.);
#8101=ORIENTED_EDGE('',*,*,#8100,.T.);
#8103=ORIENTED_EDGE('',*,*,#8102,.T.);
#8105=ORIENTED_EDGE('',*,*,#8104,.T.);
#8107=ORIENTED_EDGE('',*,*,#8106,.T.);
#8109=ORIENTED_EDGE('',*,*,#8108,.T.);
#8111=ORIENTED_EDGE('',*,*,#8110,.T.);
#8113=ORIENTED_EDGE('',*,*,#8112,.T.);
#8115=ORIENTED_EDGE('',*,*,#8114,.T.);
#8117=ORIENTED_EDGE('',*,*,#8116,.T.);
#8119=ORIENTED_EDGE('',*,*,#8118,.T.);
#8121=ORIENTED_EDGE('',*,*,#8120,.T.);
#8123=ORIENTED_EDGE('',*,*,#8122,.T.);
#8125=ORIENTED_EDGE('',*,*,#8124,.T.);
#8127=ORIENTED_EDGE('',*,*,#8126,.T.);
#8129=ORIENTED_EDGE('',*,*,#8128,.T.);
#8131=ORIENTED_EDGE('',*,*,#8130,.T.);
#8132=EDGE_LOOP('',(#8013,#8015,#8017,#8019,#8021,#8023,#8025,#8027,#8029,#8031,
#8033,#8035,#8037,#8039,#8041,#8043,#8045,#8047,#8049,#8051,#8053,#8055,#8057,
#8059,#8061,#8063,#8065,#8067,#8069,#8071,#8073,#8075,#8077,#8079,#8081,#8083,
#8085,#8087,#8089,#8091,#8093,#8095,#8097,#8099,#8101,#8103,#8105,#8107,#8109,
#8111,#8113,#8115,#8117,#8119,#8121,#8123,#8125,#8127,#8129,#8131));
#8133=FACE_BOUND('',#8132,.F.);
#8135=ORIENTED_EDGE('',*,*,#8134,.T.);
#8137=ORIENTED_EDGE('',*,*,#8136,.T.);
#8139=ORIENTED_EDGE('',*,*,#8138,.T.);
#8141=ORIENTED_EDGE('',*,*,#8140,.T.);
#8143=ORIENTED_EDGE('',*,*,#8142,.T.);
#8144=EDGE_LOOP('',(#8135,#8137,#8139,#8141,#8143));
#8145=FACE_BOUND('',#8144,.F.);
#8147=ORIENTED_EDGE('',*,*,#8146,.T.);
#8149=ORIENTED_EDGE('',*,*,#8148,.T.);
#8151=ORIENTED_EDGE('',*,*,#8150,.T.);
#8153=ORIENTED_EDGE('',*,*,#8152,.T.);
#8155=ORIENTED_EDGE('',*,*,#8154,.T.);
#8157=ORIENTED_EDGE('',*,*,#8156,.T.);
#8159=ORIENTED_EDGE('',*,*,#8158,.T.);
#8161=ORIENTED_EDGE('',*,*,#8160,.T.);
#8163=ORIENTED_EDGE('',*,*,#8162,.T.);
#8165=ORIENTED_EDGE('',*,*,#8164,.T.);
#8167=ORIENTED_EDGE('',*,*,#8166,.T.);
#8169=ORIENTED_EDGE('',*,*,#8168,.T.);
#8171=ORIENTED_EDGE('',*,*,#8170,.T.);
#8173=ORIENTED_EDGE('',*,*,#8172,.T.);
#8175=ORIENTED_EDGE('',*,*,#8174,.T.);
#8177=ORIENTED_EDGE('',*,*,#8176,.T.);
#8179=ORIENTED_EDGE('',*,*,#8178,.T.);
#8181=ORIENTED_EDGE('',*,*,#8180,.T.);
#8183=ORIENTED_EDGE('',*,*,#8182,.T.);
#8185=ORIENTED_EDGE('',*,*,#8184,.T.);
#8187=ORIENTED_EDGE('',*,*,#8186,.T.);
#8189=ORIENTED_EDGE('',*,*,#8188,.T.);
#8191=ORIENTED_EDGE('',*,*,#8190,.T.);
#8193=ORIENTED_EDGE('',*,*,#8192,.T.);
#8195=ORIENTED_EDGE('',*,*,#8194,.T.);
#8197=ORIENTED_EDGE('',*,*,#8196,.T.);
#8199=ORIENTED_EDGE('',*,*,#8198,.T.);
#8201=ORIENTED_EDGE('',*,*,#8200,.T.);
#8203=ORIENTED_EDGE('',*,*,#8202,.T.);
#8205=ORIENTED_EDGE('',*,*,#8204,.T.);
#8207=ORIENTED_EDGE('',*,*,#8206,.T.);
#8209=ORIENTED_EDGE('',*,*,#8208,.T.);
#8211=ORIENTED_EDGE('',*,*,#8210,.T.);
#8212=EDGE_LOOP('',(#8147,#8149,#8151,#8153,#8155,#8157,#8159,#8161,#8163,#8165,
#8167,#8169,#8171,#8173,#8175,#8177,#8179,#8181,#8183,#8185,#8187,#8189,#8191,
#8193,#8195,#8197,#8199,#8201,#8203,#8205,#8207,#8209,#8211));
#8213=FACE_BOUND('',#8212,.F.);
#8215=CARTESIAN_POINT('',(1.198973552751E1,5.000000000018E-2,
-3.907877207821E0));
#8216=DIRECTION('',(9.999826801650E-1,0.E0,-5.885522061079E-3));
#8217=DIRECTION('',(5.885522061079E-3,0.E0,9.999826801650E-1));
#8218=AXIS2_PLACEMENT_3D('',#8215,#8216,#8217);
#8219=PLANE('',#8218);
#8220=ORIENTED_EDGE('',*,*,#8146,.F.);
#8222=ORIENTED_EDGE('',*,*,#8221,.T.);
#8224=ORIENTED_EDGE('',*,*,#8223,.T.);
#8226=ORIENTED_EDGE('',*,*,#8225,.F.);
#8227=EDGE_LOOP('',(#8220,#8222,#8224,#8226));
#8228=FACE_OUTER_BOUND('',#8227,.F.);
#8230=CARTESIAN_POINT('',(1.198886883615E1,5.000000000018E-2,
-3.943773977166E0));
#8231=DIRECTION('',(9.997086611603E-1,0.E0,-2.413695923382E-2));
#8232=DIRECTION('',(2.413695923382E-2,0.E0,9.997086611603E-1));
#8233=AXIS2_PLACEMENT_3D('',#8230,#8231,#8232);
#8234=PLANE('',#8233);
#8235=ORIENTED_EDGE('',*,*,#8210,.F.);
#8237=ORIENTED_EDGE('',*,*,#8236,.T.);
#8239=ORIENTED_EDGE('',*,*,#8238,.T.);
#8240=ORIENTED_EDGE('',*,*,#8221,.F.);
#8241=EDGE_LOOP('',(#8235,#8237,#8239,#8240));
#8242=FACE_OUTER_BOUND('',#8241,.F.);
#8244=CARTESIAN_POINT('',(1.198741909844E1,5.000000000018E-2,
-3.966059756874E0));
#8245=DIRECTION('',(9.978908013041E-1,0.E0,-6.491493412666E-2));
#8246=DIRECTION('',(6.491493412666E-2,0.E0,9.978908013041E-1));
#8247=AXIS2_PLACEMENT_3D('',#8244,#8245,#8246);
#8248=PLANE('',#8247);
#8249=ORIENTED_EDGE('',*,*,#8208,.F.);
#8251=ORIENTED_EDGE('',*,*,#8250,.T.);
#8253=ORIENTED_EDGE('',*,*,#8252,.T.);
#8254=ORIENTED_EDGE('',*,*,#8236,.F.);
#8255=EDGE_LOOP('',(#8249,#8251,#8253,#8254));
#8256=FACE_OUTER_BOUND('',#8255,.F.);
#8258=CARTESIAN_POINT('',(1.198334171074E1,5.000000000018E-2,
-3.995452403454E0));
#8259=DIRECTION('',(9.905148717897E-1,0.E0,-1.374055630729E-1));
#8260=DIRECTION('',(1.374055630729E-1,0.E0,9.905148717897E-1));
#8261=AXIS2_PLACEMENT_3D('',#8258,#8259,#8260);
#8262=PLANE('',#8261);
#8263=ORIENTED_EDGE('',*,*,#8206,.F.);
#8265=ORIENTED_EDGE('',*,*,#8264,.T.);
#8267=ORIENTED_EDGE('',*,*,#8266,.F.);
#8268=ORIENTED_EDGE('',*,*,#8250,.F.);
#8269=EDGE_LOOP('',(#8263,#8265,#8267,#8268));
#8270=FACE_OUTER_BOUND('',#8269,.F.);
#8272=CARTESIAN_POINT('',(1.197705426090E1,5.000000000018E-2,
-4.022457710129E0));
#8273=DIRECTION('',(9.739511365223E-1,0.E0,-2.267579847922E-1));
#8274=DIRECTION('',(2.267579847922E-1,0.E0,9.739511365223E-1));
#8275=AXIS2_PLACEMENT_3D('',#8272,#8273,#8274);
#8276=PLANE('',#8275);
#8277=ORIENTED_EDGE('',*,*,#8204,.F.);
#8279=ORIENTED_EDGE('',*,*,#8278,.T.);
#8281=ORIENTED_EDGE('',*,*,#8280,.F.);
#8282=ORIENTED_EDGE('',*,*,#8264,.F.);
#8283=EDGE_LOOP('',(#8277,#8279,#8281,#8282));
#8284=FACE_OUTER_BOUND('',#8283,.F.);
#8286=CARTESIAN_POINT('',(1.196856068799E1,5.000000000018E-2,
-4.047036281404E0));
#8287=DIRECTION('',(9.451570445632E-1,0.E0,-3.266162291017E-1));
#8288=DIRECTION('',(3.266162291017E-1,0.E0,9.451570445632E-1));
#8289=AXIS2_PLACEMENT_3D('',#8286,#8287,#8288);
#8290=PLANE('',#8289);
#8291=ORIENTED_EDGE('',*,*,#8202,.F.);
#8293=ORIENTED_EDGE('',*,*,#8292,.T.);
#8295=ORIENTED_EDGE('',*,*,#8294,.F.);
#8296=ORIENTED_EDGE('',*,*,#8278,.F.);
#8297=EDGE_LOOP('',(#8291,#8293,#8295,#8296));
#8298=FACE_OUTER_BOUND('',#8297,.F.);
#8300=CARTESIAN_POINT('',(1.195773886811E1,5.000000000018E-2,
-4.069385093452E0));
#8301=DIRECTION('',(9.000348146114E-1,0.E0,-4.358180038587E-1));
#8302=DIRECTION('',(4.358180038587E-1,0.E0,9.000348146114E-1));
#8303=AXIS2_PLACEMENT_3D('',#8300,#8301,#8302);
#8304=PLANE('',#8303);
#8305=ORIENTED_EDGE('',*,*,#8200,.F.);
#8307=ORIENTED_EDGE('',*,*,#8306,.T.);
#8309=ORIENTED_EDGE('',*,*,#8308,.F.);
#8310=ORIENTED_EDGE('',*,*,#8292,.F.);
#8311=EDGE_LOOP('',(#8305,#8307,#8309,#8310));
#8312=FACE_OUTER_BOUND('',#8311,.F.);
#8314=CARTESIAN_POINT('',(1.194438788565E1,5.000000000018E-2,
-4.090016280780E0));
#8315=DIRECTION('',(8.395443456273E-1,0.E0,-5.432911666181E-1));
#8316=DIRECTION('',(5.432911666181E-1,0.E0,8.395443456273E-1));
#8317=AXIS2_PLACEMENT_3D('',#8314,#8315,#8316);
#8318=PLANE('',#8317);
#8319=ORIENTED_EDGE('',*,*,#8198,.F.);
#8321=ORIENTED_EDGE('',*,*,#8320,.T.);
#8323=ORIENTED_EDGE('',*,*,#8322,.F.);
#8324=ORIENTED_EDGE('',*,*,#8306,.F.);
#8325=EDGE_LOOP('',(#8319,#8321,#8323,#8324));
#8326=FACE_OUTER_BOUND('',#8325,.F.);
#8328=CARTESIAN_POINT('',(1.192843683012E1,5.000000000018E-2,
-4.108874691229E0));
#8329=DIRECTION('',(7.635072734294E-1,0.E0,-6.457992284142E-1));
#8330=DIRECTION('',(6.457992284142E-1,0.E0,7.635072734294E-1));
#8331=AXIS2_PLACEMENT_3D('',#8328,#8329,#8330);
#8332=PLANE('',#8331);
#8333=ORIENTED_EDGE('',*,*,#8196,.F.);
#8335=ORIENTED_EDGE('',*,*,#8334,.T.);
#8337=ORIENTED_EDGE('',*,*,#8336,.F.);
#8338=ORIENTED_EDGE('',*,*,#8320,.F.);
#8339=EDGE_LOOP('',(#8333,#8335,#8337,#8338));
#8340=FACE_OUTER_BOUND('',#8339,.F.);
#8342=CARTESIAN_POINT('',(1.191003934177E1,5.000000000018E-2,
-4.125920929291E0));
#8343=DIRECTION('',(6.796554336460E-1,0.E0,-7.335315204649E-1));
#8344=DIRECTION('',(7.335315204649E-1,0.E0,6.796554336460E-1));
#8345=AXIS2_PLACEMENT_3D('',#8342,#8343,#8344);
#8346=PLANE('',#8345);
#8347=ORIENTED_EDGE('',*,*,#8194,.F.);
#8349=ORIENTED_EDGE('',*,*,#8348,.T.);
#8351=ORIENTED_EDGE('',*,*,#8350,.F.);
#8352=ORIENTED_EDGE('',*,*,#8334,.F.);
#8353=EDGE_LOOP('',(#8347,#8349,#8351,#8352));
#8354=FACE_OUTER_BOUND('',#8353,.F.);
#8356=CARTESIAN_POINT('',(1.188935300127E1,5.000000000018E-2,
-4.140808318628E0));
#8357=DIRECTION('',(5.841296201680E-1,0.E0,-8.116603888588E-1));
#8358=DIRECTION('',(8.116603888588E-1,0.E0,5.841296201680E-1));
#8359=AXIS2_PLACEMENT_3D('',#8356,#8357,#8358);
#8360=PLANE('',#8359);
#8361=ORIENTED_EDGE('',*,*,#8192,.F.);
#8363=ORIENTED_EDGE('',*,*,#8362,.T.);
#8365=ORIENTED_EDGE('',*,*,#8364,.F.);
#8366=ORIENTED_EDGE('',*,*,#8348,.F.);
#8367=EDGE_LOOP('',(#8361,#8363,#8365,#8366));
#8368=FACE_OUTER_BOUND('',#8367,.F.);
#8370=CARTESIAN_POINT('',(1.186630295737E1,5.000000000018E-2,
-4.153607770069E0));
#8371=DIRECTION('',(4.854652976736E-1,0.E0,-8.742559377863E-1));
#8372=DIRECTION('',(8.742559377863E-1,0.E0,4.854652976736E-1));
#8373=AXIS2_PLACEMENT_3D('',#8370,#8371,#8372);
#8374=PLANE('',#8373);
#8375=ORIENTED_EDGE('',*,*,#8190,.F.);
#8377=ORIENTED_EDGE('',*,*,#8376,.T.);
#8379=ORIENTED_EDGE('',*,*,#8378,.F.);
#8380=ORIENTED_EDGE('',*,*,#8362,.F.);
#8381=EDGE_LOOP('',(#8375,#8377,#8379,#8380));
#8382=FACE_OUTER_BOUND('',#8381,.F.);
#8384=CARTESIAN_POINT('',(1.184088133190E1,5.000000000018E-2,
-4.164157764535E0));
#8385=DIRECTION('',(3.833039597464E-1,0.E0,-9.236222574423E-1));
#8386=DIRECTION('',(9.236222574423E-1,0.E0,3.833039597464E-1));
#8387=AXIS2_PLACEMENT_3D('',#8384,#8385,#8386);
#8388=PLANE('',#8387);
#8389=ORIENTED_EDGE('',*,*,#8188,.F.);
#8391=ORIENTED_EDGE('',*,*,#8390,.T.);
#8393=ORIENTED_EDGE('',*,*,#8392,.F.);
#8394=ORIENTED_EDGE('',*,*,#8376,.F.);
#8395=EDGE_LOOP('',(#8389,#8391,#8393,#8394));
#8396=FACE_OUTER_BOUND('',#8395,.F.);
#8398=CARTESIAN_POINT('',(1.181304478962E1,5.000000000018E-2,
-4.172229810177E0));
#8399=DIRECTION('',(2.785068943040E-1,0.E0,-9.604342298279E-1));
#8400=DIRECTION('',(9.604342298279E-1,0.E0,2.785068943040E-1));
#8401=AXIS2_PLACEMENT_3D('',#8398,#8399,#8400);
#8402=PLANE('',#8401);
#8403=ORIENTED_EDGE('',*,*,#8186,.F.);
#8405=ORIENTED_EDGE('',*,*,#8404,.T.);
#8407=ORIENTED_EDGE('',*,*,#8406,.F.);
#8408=ORIENTED_EDGE('',*,*,#8390,.F.);
#8409=EDGE_LOOP('',(#8403,#8405,#8407,#8408));
#8410=FACE_OUTER_BOUND('',#8409,.F.);
#8412=CARTESIAN_POINT('',(1.178272242002E1,5.000000000018E-2,
-4.177816028169E0));
#8413=DIRECTION('',(1.811786887390E-1,0.E0,-9.834501933229E-1));
#8414=DIRECTION('',(9.834501933229E-1,0.E0,1.811786887390E-1));
#8415=AXIS2_PLACEMENT_3D('',#8412,#8413,#8414);
#8416=PLANE('',#8415);
#8417=ORIENTED_EDGE('',*,*,#8184,.F.);
#8419=ORIENTED_EDGE('',*,*,#8418,.T.);
#8421=ORIENTED_EDGE('',*,*,#8420,.F.);
#8422=ORIENTED_EDGE('',*,*,#8404,.F.);
#8423=EDGE_LOOP('',(#8417,#8419,#8421,#8422));
#8424=FACE_OUTER_BOUND('',#8423,.F.);
#8426=CARTESIAN_POINT('',(1.175019786677E1,5.000000000018E-2,
-4.180758838502E0));
#8427=DIRECTION('',(9.011155391345E-2,0.E0,-9.959316783049E-1));
#8428=DIRECTION('',(9.959316783049E-1,0.E0,9.011155391345E-2));
#8429=AXIS2_PLACEMENT_3D('',#8426,#8427,#8428);
#8430=PLANE('',#8429);
#8431=ORIENTED_EDGE('',*,*,#8182,.F.);
#8433=ORIENTED_EDGE('',*,*,#8432,.T.);
#8435=ORIENTED_EDGE('',*,*,#8434,.T.);
#8436=ORIENTED_EDGE('',*,*,#8418,.F.);
#8437=EDGE_LOOP('',(#8431,#8433,#8435,#8436));
#8438=FACE_OUTER_BOUND('',#8437,.F.);
#8440=CARTESIAN_POINT('',(1.171573507746E1,5.000000000018E-2,
-4.180892781671E0));
#8441=DIRECTION('',(3.886573334445E-3,0.E0,-9.999924472453E-1));
#8442=DIRECTION('',(9.999924472453E-1,0.E0,3.886573334445E-3));
#8443=AXIS2_PLACEMENT_3D('',#8440,#8441,#8442);
#8444=PLANE('',#8443);
#8445=ORIENTED_EDGE('',*,*,#8180,.F.);
#8447=ORIENTED_EDGE('',*,*,#8446,.T.);
#8449=ORIENTED_EDGE('',*,*,#8448,.T.);
#8450=ORIENTED_EDGE('',*,*,#8432,.F.);
#8451=EDGE_LOOP('',(#8445,#8447,#8449,#8450));
#8452=FACE_OUTER_BOUND('',#8451,.F.);
#8454=CARTESIAN_POINT('',(1.167925526144E1,5.000000000018E-2,
-4.178158765093E0));
#8455=DIRECTION('',(-7.473640813518E-2,0.E0,-9.972033239511E-1));
#8456=DIRECTION('',(9.972033239511E-1,0.E0,-7.473640813518E-2));
#8457=AXIS2_PLACEMENT_3D('',#8454,#8455,#8456);
#8458=PLANE('',#8457);
#8459=ORIENTED_EDGE('',*,*,#8178,.F.);
#8461=ORIENTED_EDGE('',*,*,#8460,.T.);
#8463=ORIENTED_EDGE('',*,*,#8462,.T.);
#8464=ORIENTED_EDGE('',*,*,#8446,.F.);
#8465=EDGE_LOOP('',(#8459,#8461,#8463,#8464));
#8466=FACE_OUTER_BOUND('',#8465,.F.);
#8468=CARTESIAN_POINT('',(1.160148549350E1,5.000000000018E-2,
-4.164342921122E0));
#8469=DIRECTION('',(-1.749119282983E-1,0.E0,-9.845840834276E-1));
#8470=DIRECTION('',(9.845840834276E-1,0.E0,-1.749119282983E-1));
#8471=AXIS2_PLACEMENT_3D('',#8468,#8469,#8470);
#8472=PLANE('',#8471);
#8473=ORIENTED_EDGE('',*,*,#8176,.F.);
#8475=ORIENTED_EDGE('',*,*,#8474,.T.);
#8477=ORIENTED_EDGE('',*,*,#8476,.F.);
#8478=ORIENTED_EDGE('',*,*,#8460,.F.);
#8479=EDGE_LOOP('',(#8473,#8475,#8477,#8478));
#8480=FACE_OUTER_BOUND('',#8479,.F.);
#8482=CARTESIAN_POINT('',(1.152981013998E1,5.000000000018E-2,
-4.140926503798E0));
#8483=DIRECTION('',(-3.105482280854E-1,0.E0,-9.505576247830E-1));
#8484=DIRECTION('',(9.505576247830E-1,0.E0,-3.105482280854E-1));
#8485=AXIS2_PLACEMENT_3D('',#8482,#8483,#8484);
#8486=PLANE('',#8485);
#8487=ORIENTED_EDGE('',*,*,#8174,.F.);
#8489=ORIENTED_EDGE('',*,*,#8488,.T.);
#8491=ORIENTED_EDGE('',*,*,#8490,.F.);
#8492=ORIENTED_EDGE('',*,*,#8474,.F.);
#8493=EDGE_LOOP('',(#8487,#8489,#8491,#8492));
#8494=FACE_OUTER_BOUND('',#8493,.F.);
#8496=CARTESIAN_POINT('',(1.146427253514E1,5.000000000018E-2,
-4.107992242205E0));
#8497=DIRECTION('',(-4.490173478039E-1,0.E0,-8.935230390825E-1));
#8498=DIRECTION('',(8.935230390825E-1,0.E0,-4.490173478039E-1));
#8499=AXIS2_PLACEMENT_3D('',#8496,#8497,#8498);
#8500=PLANE('',#8499);
#8501=ORIENTED_EDGE('',*,*,#8172,.F.);
#8503=ORIENTED_EDGE('',*,*,#8502,.T.);
#8505=ORIENTED_EDGE('',*,*,#8504,.F.);
#8506=ORIENTED_EDGE('',*,*,#8488,.F.);
#8507=EDGE_LOOP('',(#8501,#8503,#8505,#8506));
#8508=FACE_OUTER_BOUND('',#8507,.F.);
#8510=CARTESIAN_POINT('',(1.140597574066E1,5.000000000018E-2,
-4.067990508578E0));
#8511=DIRECTION('',(-5.657860489284E-1,0.E0,-8.245520886141E-1));
#8512=DIRECTION('',(8.245520886141E-1,0.E0,-5.657860489284E-1));
#8513=AXIS2_PLACEMENT_3D('',#8510,#8511,#8512);
#8514=PLANE('',#8513);
#8515=ORIENTED_EDGE('',*,*,#8170,.F.);
#8517=ORIENTED_EDGE('',*,*,#8516,.T.);
#8519=ORIENTED_EDGE('',*,*,#8518,.F.);
#8520=ORIENTED_EDGE('',*,*,#8502,.F.);
#8521=EDGE_LOOP('',(#8515,#8517,#8519,#8520));
#8522=FACE_OUTER_BOUND('',#8521,.F.);
#8524=CARTESIAN_POINT('',(1.135632221993E1,5.000000000018E-2,
-4.023675016913E0));
#8525=DIRECTION('',(-6.658651903628E-1,0.E0,-7.460720798040E-1));
#8526=DIRECTION('',(7.460720798040E-1,0.E0,-6.658651903628E-1));
#8527=AXIS2_PLACEMENT_3D('',#8524,#8525,#8526);
#8528=PLANE('',#8527);
#8529=ORIENTED_EDGE('',*,*,#8168,.F.);
#8531=ORIENTED_EDGE('',*,*,#8530,.T.);
#8533=ORIENTED_EDGE('',*,*,#8532,.F.);
#8534=ORIENTED_EDGE('',*,*,#8516,.F.);
#8535=EDGE_LOOP('',(#8529,#8531,#8533,#8534));
#8536=FACE_OUTER_BOUND('',#8535,.F.);
#8538=CARTESIAN_POINT('',(1.131523712269E1,5.000000000018E-2,
-3.975010312126E0));
#8539=DIRECTION('',(-7.641037668433E-1,0.E0,-6.450933525435E-1));
#8540=DIRECTION('',(6.450933525435E-1,0.E0,-7.641037668433E-1));
#8541=AXIS2_PLACEMENT_3D('',#8538,#8539,#8540);
#8542=PLANE('',#8541);
#8543=ORIENTED_EDGE('',*,*,#8166,.F.);
#8545=ORIENTED_EDGE('',*,*,#8544,.T.);
#8547=ORIENTED_EDGE('',*,*,#8546,.F.);
#8548=ORIENTED_EDGE('',*,*,#8530,.F.);
#8549=EDGE_LOOP('',(#8543,#8545,#8547,#8548));
#8550=FACE_OUTER_BOUND('',#8549,.F.);
#8552=CARTESIAN_POINT('',(1.128911820446E1,5.000000000018E-2,
-3.932845790356E0));
#8553=DIRECTION('',(-8.501110711288E-1,0.E0,-5.266034245467E-1));
#8554=DIRECTION('',(5.266034245467E-1,0.E0,-8.501110711288E-1));
#8555=AXIS2_PLACEMENT_3D('',#8552,#8553,#8554);
#8556=PLANE('',#8555);
#8557=ORIENTED_EDGE('',*,*,#8164,.F.);
#8559=ORIENTED_EDGE('',*,*,#8558,.T.);
#8561=ORIENTED_EDGE('',*,*,#8560,.F.);
#8562=ORIENTED_EDGE('',*,*,#8544,.F.);
#8563=EDGE_LOOP('',(#8557,#8559,#8561,#8562));
#8564=FACE_OUTER_BOUND('',#8563,.F.);
#8566=CARTESIAN_POINT('',(1.126795912328E1,5.000000000018E-2,
-3.884291391574E0));
#8567=DIRECTION('',(-9.167350819818E-1,0.E0,-3.994956688924E-1));
#8568=DIRECTION('',(3.994956688924E-1,0.E0,-9.167350819818E-1));
#8569=AXIS2_PLACEMENT_3D('',#8566,#8567,#8568);
#8570=PLANE('',#8569);
#8571=ORIENTED_EDGE('',*,*,#8162,.F.);
#8573=ORIENTED_EDGE('',*,*,#8572,.T.);
#8575=ORIENTED_EDGE('',*,*,#8574,.F.);
#8576=ORIENTED_EDGE('',*,*,#8558,.F.);
#8577=EDGE_LOOP('',(#8571,#8573,#8575,#8576));
#8578=FACE_OUTER_BOUND('',#8577,.F.);
#8580=CARTESIAN_POINT('',(1.125172442341E1,5.000000000018E-2,
-3.829386510611E0));
#8581=DIRECTION('',(-9.589569212949E-1,0.E0,-2.835517996779E-1));
#8582=DIRECTION('',(2.835517996779E-1,0.E0,-9.589569212949E-1));
#8583=AXIS2_PLACEMENT_3D('',#8580,#8581,#8582);
#8584=PLANE('',#8583);
#8585=ORIENTED_EDGE('',*,*,#8160,.F.);
#8587=ORIENTED_EDGE('',*,*,#8586,.T.);
#8589=ORIENTED_EDGE('',*,*,#8588,.F.);
#8590=ORIENTED_EDGE('',*,*,#8572,.F.);
#8591=EDGE_LOOP('',(#8585,#8587,#8589,#8590));
#8592=FACE_OUTER_BOUND('',#8591,.F.);
#8594=CARTESIAN_POINT('',(1.124549212640E1,5.000000000018E-2,
-3.790881789027E0));
#8595=DIRECTION('',(-9.871528776246E-1,0.E0,-1.597785849152E-1));
#8596=DIRECTION('',(1.597785849152E-1,0.E0,-9.871528776246E-1));
#8597=AXIS2_PLACEMENT_3D('',#8594,#8595,#8596);
#8598=PLANE('',#8597);
#8599=ORIENTED_EDGE('',*,*,#8158,.F.);
#8601=ORIENTED_EDGE('',*,*,#8600,.T.);
#8603=ORIENTED_EDGE('',*,*,#8602,.F.);
#8604=ORIENTED_EDGE('',*,*,#8586,.F.);
#8605=EDGE_LOOP('',(#8599,#8601,#8603,#8604));
#8606=FACE_OUTER_BOUND('',#8605,.F.);
#8608=CARTESIAN_POINT('',(1.124178505221E1,5.000000000018E-2,
-3.741212510297E0));
#8609=DIRECTION('',(-9.972263792940E-1,0.E0,-7.442814279664E-2));
#8610=DIRECTION('',(7.442814279664E-2,0.E0,-9.972263792940E-1));
#8611=AXIS2_PLACEMENT_3D('',#8608,#8609,#8610);
#8612=PLANE('',#8611);
#8613=ORIENTED_EDGE('',*,*,#8156,.F.);
#8615=ORIENTED_EDGE('',*,*,#8614,.T.);
#8617=ORIENTED_EDGE('',*,*,#8616,.T.);
#8618=ORIENTED_EDGE('',*,*,#8600,.F.);
#8619=EDGE_LOOP('',(#8613,#8615,#8617,#8618));
#8620=FACE_OUTER_BOUND('',#8619,.F.);
#8622=CARTESIAN_POINT('',(1.124055986626E1,5.000000000018E-2,
-3.680339279583E0));
#8623=DIRECTION('',(-9.997975166136E-1,0.E0,-2.012276753481E-2));
#8624=DIRECTION('',(2.012276753481E-2,0.E0,-9.997975166136E-1));
#8625=AXIS2_PLACEMENT_3D('',#8622,#8623,#8624);
#8626=PLANE('',#8625);
#8627=ORIENTED_EDGE('',*,*,#8154,.F.);
#8629=ORIENTED_EDGE('',*,*,#8628,.T.);
#8631=ORIENTED_EDGE('',*,*,#8630,.T.);
#8632=ORIENTED_EDGE('',*,*,#8614,.F.);
#8633=EDGE_LOOP('',(#8627,#8629,#8631,#8632));
#8634=FACE_OUTER_BOUND('',#8633,.F.);
#8636=CARTESIAN_POINT('',(1.124055986626E1,5.000000000018E-2,
-3.416144257232E0));
#8637=DIRECTION('',(-1.E0,0.E0,0.E0));
#8638=DIRECTION('',(0.E0,0.E0,-1.E0));
#8639=AXIS2_PLACEMENT_3D('',#8636,#8637,#8638);
#8640=PLANE('',#8639);
#8641=ORIENTED_EDGE('',*,*,#8152,.F.);
#8643=ORIENTED_EDGE('',*,*,#8642,.T.);
#8645=ORIENTED_EDGE('',*,*,#8644,.T.);
#8646=ORIENTED_EDGE('',*,*,#8628,.F.);
#8647=EDGE_LOOP('',(#8641,#8643,#8645,#8646));
#8648=FACE_OUTER_BOUND('',#8647,.F.);
#8650=CARTESIAN_POINT('',(1.199002705068E1,5.000000000018E-2,
-3.656454060661E0));
#8651=DIRECTION('',(3.053292478484E-1,0.E0,9.522468432126E-1));
#8652=DIRECTION('',(-9.522468432126E-1,0.E0,3.053292478484E-1));
#8653=AXIS2_PLACEMENT_3D('',#8650,#8651,#8652);
#8654=PLANE('',#8653);
#8655=ORIENTED_EDGE('',*,*,#8150,.F.);
#8657=ORIENTED_EDGE('',*,*,#8656,.T.);
#8659=ORIENTED_EDGE('',*,*,#8658,.F.);
#8660=ORIENTED_EDGE('',*,*,#8642,.F.);
#8661=EDGE_LOOP('',(#8655,#8657,#8659,#8660));
#8662=FACE_OUTER_BOUND('',#8661,.F.);
#8664=CARTESIAN_POINT('',(1.199002705068E1,5.000000000018E-2,
-3.858345811678E0));
#8665=DIRECTION('',(1.E0,0.E0,0.E0));
#8666=DIRECTION('',(0.E0,0.E0,1.E0));
#8667=AXIS2_PLACEMENT_3D('',#8664,#8665,#8666);
#8668=PLANE('',#8667);
#8669=ORIENTED_EDGE('',*,*,#8148,.F.);
#8670=ORIENTED_EDGE('',*,*,#8225,.T.);
#8672=ORIENTED_EDGE('',*,*,#8671,.T.);
#8673=ORIENTED_EDGE('',*,*,#8656,.F.);
#8674=EDGE_LOOP('',(#8669,#8670,#8672,#8673));
#8675=FACE_OUTER_BOUND('',#8674,.F.);
#8677=CARTESIAN_POINT('',(0.E0,1.000000000002E-1,0.E0));
#8678=DIRECTION('',(0.E0,-1.E0,0.E0));
#8679=DIRECTION('',(1.E0,0.E0,0.E0));
#8680=AXIS2_PLACEMENT_3D('',#8677,#8678,#8679);
#8681=PLANE('',#8680);
#8682=ORIENTED_EDGE('',*,*,#8223,.F.);
#8683=ORIENTED_EDGE('',*,*,#8238,.F.);
#8684=ORIENTED_EDGE('',*,*,#8252,.F.);
#8685=ORIENTED_EDGE('',*,*,#8266,.T.);
#8686=ORIENTED_EDGE('',*,*,#8280,.T.);
#8687=ORIENTED_EDGE('',*,*,#8294,.T.);
#8688=ORIENTED_EDGE('',*,*,#8308,.T.);
#8689=ORIENTED_EDGE('',*,*,#8322,.T.);
#8690=ORIENTED_EDGE('',*,*,#8336,.T.);
#8691=ORIENTED_EDGE('',*,*,#8350,.T.);
#8692=ORIENTED_EDGE('',*,*,#8364,.T.);
#8693=ORIENTED_EDGE('',*,*,#8378,.T.);
#8694=ORIENTED_EDGE('',*,*,#8392,.T.);
#8695=ORIENTED_EDGE('',*,*,#8406,.T.);
#8696=ORIENTED_EDGE('',*,*,#8420,.T.);
#8697=ORIENTED_EDGE('',*,*,#8434,.F.);
#8698=ORIENTED_EDGE('',*,*,#8448,.F.);
#8699=ORIENTED_EDGE('',*,*,#8462,.F.);
#8700=ORIENTED_EDGE('',*,*,#8476,.T.);
#8701=ORIENTED_EDGE('',*,*,#8490,.T.);
#8702=ORIENTED_EDGE('',*,*,#8504,.T.);
#8703=ORIENTED_EDGE('',*,*,#8518,.T.);
#8704=ORIENTED_EDGE('',*,*,#8532,.T.);
#8705=ORIENTED_EDGE('',*,*,#8546,.T.);
#8706=ORIENTED_EDGE('',*,*,#8560,.T.);
#8707=ORIENTED_EDGE('',*,*,#8574,.T.);
#8708=ORIENTED_EDGE('',*,*,#8588,.T.);
#8709=ORIENTED_EDGE('',*,*,#8602,.T.);
#8710=ORIENTED_EDGE('',*,*,#8616,.F.);
#8711=ORIENTED_EDGE('',*,*,#8630,.F.);
#8712=ORIENTED_EDGE('',*,*,#8644,.F.);
#8713=ORIENTED_EDGE('',*,*,#8658,.T.);
#8714=ORIENTED_EDGE('',*,*,#8671,.F.);
#8715=EDGE_LOOP('',(#8682,#8683,#8684,#8685,#8686,#8687,#8688,#8689,#8690,#8691,
#8692,#8693,#8694,#8695,#8696,#8697,#8698,#8699,#8700,#8701,#8702,#8703,#8704,
#8705,#8706,#8707,#8708,#8709,#8710,#8711,#8712,#8713,#8714));
#8716=FACE_OUTER_BOUND('',#8715,.F.);
#8718=ORIENTED_EDGE('',*,*,#8717,.F.);
#8720=ORIENTED_EDGE('',*,*,#8719,.F.);
#8722=ORIENTED_EDGE('',*,*,#8721,.F.);
#8724=ORIENTED_EDGE('',*,*,#8723,.T.);
#8726=ORIENTED_EDGE('',*,*,#8725,.F.);
#8728=ORIENTED_EDGE('',*,*,#8727,.F.);
#8730=ORIENTED_EDGE('',*,*,#8729,.F.);
#8732=ORIENTED_EDGE('',*,*,#8731,.T.);
#8734=ORIENTED_EDGE('',*,*,#8733,.T.);
#8736=ORIENTED_EDGE('',*,*,#8735,.T.);
#8738=ORIENTED_EDGE('',*,*,#8737,.T.);
#8740=ORIENTED_EDGE('',*,*,#8739,.T.);
#8742=ORIENTED_EDGE('',*,*,#8741,.T.);
#8744=ORIENTED_EDGE('',*,*,#8743,.T.);
#8746=ORIENTED_EDGE('',*,*,#8745,.T.);
#8748=ORIENTED_EDGE('',*,*,#8747,.T.);
#8750=ORIENTED_EDGE('',*,*,#8749,.T.);
#8752=ORIENTED_EDGE('',*,*,#8751,.F.);
#8754=ORIENTED_EDGE('',*,*,#8753,.T.);
#8756=ORIENTED_EDGE('',*,*,#8755,.T.);
#8758=ORIENTED_EDGE('',*,*,#8757,.T.);
#8760=ORIENTED_EDGE('',*,*,#8759,.T.);
#8762=ORIENTED_EDGE('',*,*,#8761,.T.);
#8764=ORIENTED_EDGE('',*,*,#8763,.T.);
#8765=EDGE_LOOP('',(#8718,#8720,#8722,#8724,#8726,#8728,#8730,#8732,#8734,#8736,
#8738,#8740,#8742,#8744,#8746,#8748,#8750,#8752,#8754,#8756,#8758,#8760,#8762,
#8764));
#8766=FACE_BOUND('',#8765,.F.);
#8768=CARTESIAN_POINT('',(1.186526686776E1,5.000000000018E-2,
-3.900577305200E0));
#8769=DIRECTION('',(-9.951103253745E-1,0.E0,9.876963264637E-2));
#8770=DIRECTION('',(-9.876963264637E-2,0.E0,-9.951103253745E-1));
#8771=AXIS2_PLACEMENT_3D('',#8768,#8769,#8770);
#8772=PLANE('',#8771);
#8774=ORIENTED_EDGE('',*,*,#8773,.F.);
#8776=ORIENTED_EDGE('',*,*,#8775,.T.);
#8777=ORIENTED_EDGE('',*,*,#8717,.T.);
#8779=ORIENTED_EDGE('',*,*,#8778,.F.);
#8780=EDGE_LOOP('',(#8774,#8776,#8777,#8779));
#8781=FACE_OUTER_BOUND('',#8780,.F.);
#8783=CARTESIAN_POINT('',(1.372999999994E1,5.000000000018E-2,0.E0));
#8784=DIRECTION('',(0.E0,-1.E0,0.E0));
#8785=DIRECTION('',(0.E0,0.E0,-1.E0));
#8786=AXIS2_PLACEMENT_3D('',#8783,#8784,#8785);
#8787=PLANE('',#8786);
#8788=ORIENTED_EDGE('',*,*,#8773,.T.);
#8790=ORIENTED_EDGE('',*,*,#8789,.T.);
#8792=ORIENTED_EDGE('',*,*,#8791,.T.);
#8794=ORIENTED_EDGE('',*,*,#8793,.T.);
#8796=ORIENTED_EDGE('',*,*,#8795,.T.);
#8798=ORIENTED_EDGE('',*,*,#8797,.T.);
#8800=ORIENTED_EDGE('',*,*,#8799,.T.);
#8802=ORIENTED_EDGE('',*,*,#8801,.T.);
#8804=ORIENTED_EDGE('',*,*,#8803,.T.);
#8806=ORIENTED_EDGE('',*,*,#8805,.T.);
#8808=ORIENTED_EDGE('',*,*,#8807,.T.);
#8810=ORIENTED_EDGE('',*,*,#8809,.T.);
#8812=ORIENTED_EDGE('',*,*,#8811,.T.);
#8814=ORIENTED_EDGE('',*,*,#8813,.T.);
#8816=ORIENTED_EDGE('',*,*,#8815,.T.);
#8818=ORIENTED_EDGE('',*,*,#8817,.T.);
#8820=ORIENTED_EDGE('',*,*,#8819,.T.);
#8822=ORIENTED_EDGE('',*,*,#8821,.T.);
#8824=ORIENTED_EDGE('',*,*,#8823,.T.);
#8826=ORIENTED_EDGE('',*,*,#8825,.T.);
#8828=ORIENTED_EDGE('',*,*,#8827,.T.);
#8830=ORIENTED_EDGE('',*,*,#8829,.T.);
#8832=ORIENTED_EDGE('',*,*,#8831,.T.);
#8834=ORIENTED_EDGE('',*,*,#8833,.T.);
#8835=EDGE_LOOP('',(#8788,#8790,#8792,#8794,#8796,#8798,#8800,#8802,#8804,#8806,
#8808,#8810,#8812,#8814,#8816,#8818,#8820,#8822,#8824,#8826,#8828,#8830,#8832,
#8834));
#8836=FACE_OUTER_BOUND('',#8835,.F.);
#8838=CARTESIAN_POINT('',(1.186217041684E1,5.000000000018E-2,
-3.931774244993E0));
#8839=DIRECTION('',(-9.733963133026E-1,0.E0,2.291279495151E-1));
#8840=DIRECTION('',(-2.291279495151E-1,0.E0,-9.733963133026E-1));
#8841=AXIS2_PLACEMENT_3D('',#8838,#8839,#8840);
#8842=PLANE('',#8841);
#8843=ORIENTED_EDGE('',*,*,#8789,.F.);
#8844=ORIENTED_EDGE('',*,*,#8778,.T.);
#8845=ORIENTED_EDGE('',*,*,#8763,.F.);
#8847=ORIENTED_EDGE('',*,*,#8846,.F.);
#8848=EDGE_LOOP('',(#8843,#8844,#8845,#8847));
#8849=FACE_OUTER_BOUND('',#8848,.F.);
#8851=CARTESIAN_POINT('',(1.185706087894E1,5.000000000018E-2,
-3.953480917438E0));
#8852=DIRECTION('',(-8.854264788445E-1,0.E0,4.647794644356E-1));
#8853=DIRECTION('',(-4.647794644356E-1,0.E0,-8.854264788445E-1));
#8854=AXIS2_PLACEMENT_3D('',#8851,#8852,#8853);
#8855=PLANE('',#8854);
#8856=ORIENTED_EDGE('',*,*,#8791,.F.);
#8857=ORIENTED_EDGE('',*,*,#8846,.T.);
#8858=ORIENTED_EDGE('',*,*,#8761,.F.);
#8860=ORIENTED_EDGE('',*,*,#8859,.F.);
#8861=EDGE_LOOP('',(#8856,#8857,#8858,#8860));
#8862=FACE_OUTER_BOUND('',#8861,.F.);
#8864=CARTESIAN_POINT('',(1.184519508994E1,5.000000000018E-2,
-3.976085796908E0));
#8865=DIRECTION('',(-7.336606925362E-1,0.E0,6.795159955640E-1));
#8866=DIRECTION('',(-6.795159955640E-1,0.E0,-7.336606925362E-1));
#8867=AXIS2_PLACEMENT_3D('',#8864,#8865,#8866);
#8868=PLANE('',#8867);
#8869=ORIENTED_EDGE('',*,*,#8793,.F.);
#8870=ORIENTED_EDGE('',*,*,#8859,.T.);
#8871=ORIENTED_EDGE('',*,*,#8759,.F.);
#8873=ORIENTED_EDGE('',*,*,#8872,.F.);
#8874=EDGE_LOOP('',(#8869,#8870,#8871,#8873));
#8875=FACE_OUTER_BOUND('',#8874,.F.);
#8877=CARTESIAN_POINT('',(1.182739640627E1,5.000000000018E-2,
-3.995302702281E0));
#8878=DIRECTION('',(-5.571152059366E-1,0.E0,8.304352156034E-1));
#8879=DIRECTION('',(-8.304352156034E-1,0.E0,-5.571152059366E-1));
#8880=AXIS2_PLACEMENT_3D('',#8877,#8878,#8879);
#8881=PLANE('',#8880);
#8882=ORIENTED_EDGE('',*,*,#8795,.F.);
#8883=ORIENTED_EDGE('',*,*,#8872,.T.);
#8884=ORIENTED_EDGE('',*,*,#8757,.F.);
#8886=ORIENTED_EDGE('',*,*,#8885,.F.);
#8887=EDGE_LOOP('',(#8882,#8883,#8884,#8886));
#8888=FACE_OUTER_BOUND('',#8887,.F.);
#8890=CARTESIAN_POINT('',(1.180366088885E1,5.000000000018E-2,
-4.011226181231E0));
#8891=DIRECTION('',(-3.310634578933E-1,0.E0,9.436084923567E-1));
#8892=DIRECTION('',(-9.436084923567E-1,0.E0,-3.310634578933E-1));
#8893=AXIS2_PLACEMENT_3D('',#8890,#8891,#8892);
#8894=PLANE('',#8893);
#8895=ORIENTED_EDGE('',*,*,#8797,.F.);
#8896=ORIENTED_EDGE('',*,*,#8885,.T.);
#8897=ORIENTED_EDGE('',*,*,#8755,.F.);
#8899=ORIENTED_EDGE('',*,*,#8898,.F.);
#8900=EDGE_LOOP('',(#8895,#8896,#8897,#8899));
#8901=FACE_OUTER_BOUND('',#8900,.F.);
#8903=CARTESIAN_POINT('',(1.177254667848E1,5.000000000018E-2,
-4.022142549788E0));
#8904=DIRECTION('',(-1.032604736414E-1,0.E0,9.946543493010E-1));
#8905=DIRECTION('',(-9.946543493010E-1,0.E0,-1.032604736414E-1));
#8906=AXIS2_PLACEMENT_3D('',#8903,#8904,#8905);
#8907=PLANE('',#8906);
#8908=ORIENTED_EDGE('',*,*,#8799,.F.);
#8909=ORIENTED_EDGE('',*,*,#8898,.T.);
#8910=ORIENTED_EDGE('',*,*,#8753,.F.);
#8912=ORIENTED_EDGE('',*,*,#8911,.F.);
#8913=EDGE_LOOP('',(#8908,#8909,#8910,#8912));
#8914=FACE_OUTER_BOUND('',#8913,.F.);
#8916=CARTESIAN_POINT('',(1.173258827977E1,5.000000000018E-2,
-4.026290848319E0));
#8917=DIRECTION('',(5.279574350563E-2,0.E0,9.986053321847E-1));
#8918=DIRECTION('',(-9.986053321847E-1,0.E0,5.279574350563E-2));
#8919=AXIS2_PLACEMENT_3D('',#8916,#8917,#8918);
#8920=PLANE('',#8919);
#8921=ORIENTED_EDGE('',*,*,#8801,.F.);
#8922=ORIENTED_EDGE('',*,*,#8911,.T.);
#8923=ORIENTED_EDGE('',*,*,#8751,.T.);
#8925=ORIENTED_EDGE('',*,*,#8924,.F.);
#8926=EDGE_LOOP('',(#8921,#8922,#8923,#8925));
#8927=FACE_OUTER_BOUND('',#8926,.F.);
#8929=CARTESIAN_POINT('',(1.168378175265E1,5.000000000018E-2,
-4.023710472665E0));
#8930=DIRECTION('',(1.673991654334E-1,0.E0,9.858892024017E-1));
#8931=DIRECTION('',(-9.858892024017E-1,0.E0,1.673991654334E-1));
#8932=AXIS2_PLACEMENT_3D('',#8929,#8930,#8931);
#8933=PLANE('',#8932);
#8934=ORIENTED_EDGE('',*,*,#8803,.F.);
#8935=ORIENTED_EDGE('',*,*,#8924,.T.);
#8936=ORIENTED_EDGE('',*,*,#8749,.F.);
#8938=ORIENTED_EDGE('',*,*,#8937,.F.);
#8939=EDGE_LOOP('',(#8934,#8935,#8936,#8938));
#8940=FACE_OUTER_BOUND('',#8939,.F.);
#8942=CARTESIAN_POINT('',(1.162417704214E1,5.000000000018E-2,
-4.013589884295E0));
#8943=DIRECTION('',(2.904395461136E-1,0.E0,9.568933430918E-1));
#8944=DIRECTION('',(-9.568933430918E-1,0.E0,2.904395461136E-1));
#8945=AXIS2_PLACEMENT_3D('',#8942,#8943,#8944);
#8946=PLANE('',#8945);
#8947=ORIENTED_EDGE('',*,*,#8805,.F.);
#8948=ORIENTED_EDGE('',*,*,#8937,.T.);
#8949=ORIENTED_EDGE('',*,*,#8747,.F.);
#8951=ORIENTED_EDGE('',*,*,#8950,.F.);
#8952=EDGE_LOOP('',(#8947,#8948,#8949,#8951));
#8953=FACE_OUTER_BOUND('',#8952,.F.);
#8955=CARTESIAN_POINT('',(1.156994975619E1,5.000000000018E-2,
-3.997130632666E0));
#8956=DIRECTION('',(4.225810498582E-1,0.E0,9.063251382924E-1));
#8957=DIRECTION('',(-9.063251382924E-1,0.E0,4.225810498582E-1));
#8958=AXIS2_PLACEMENT_3D('',#8955,#8956,#8957);
#8959=PLANE('',#8958);
#8960=ORIENTED_EDGE('',*,*,#8807,.F.);
#8961=ORIENTED_EDGE('',*,*,#8950,.T.);
#8962=ORIENTED_EDGE('',*,*,#8745,.F.);
#8964=ORIENTED_EDGE('',*,*,#8963,.F.);
#8965=EDGE_LOOP('',(#8960,#8961,#8962,#8964));
#8966=FACE_OUTER_BOUND('',#8965,.F.);
#8968=CARTESIAN_POINT('',(1.152114716849E1,5.000000000018E-2,
-3.974376051691E0));
#8969=DIRECTION('',(5.346824647839E-1,0.E0,8.450530526852E-1));
#8970=DIRECTION('',(-8.450530526852E-1,0.E0,5.346824647839E-1));
#8971=AXIS2_PLACEMENT_3D('',#8968,#8969,#8970);
#8972=PLANE('',#8971);
#8973=ORIENTED_EDGE('',*,*,#8809,.F.);
#8974=ORIENTED_EDGE('',*,*,#8963,.T.);
#8975=ORIENTED_EDGE('',*,*,#8743,.F.);
#8977=ORIENTED_EDGE('',*,*,#8976,.F.);
#8978=EDGE_LOOP('',(#8973,#8974,#8975,#8977));
#8979=FACE_OUTER_BOUND('',#8978,.F.);
#8981=CARTESIAN_POINT('',(1.147828535462E1,5.000000000018E-2,
-3.947256499595E0));
#8982=DIRECTION('',(6.272255134188E-1,0.E0,7.788376951050E-1));
#8983=DIRECTION('',(-7.788376951050E-1,0.E0,6.272255134188E-1));
#8984=AXIS2_PLACEMENT_3D('',#8981,#8982,#8983);
#8985=PLANE('',#8984);
#8986=ORIENTED_EDGE('',*,*,#8811,.F.);
#8987=ORIENTED_EDGE('',*,*,#8976,.T.);
#8988=ORIENTED_EDGE('',*,*,#8741,.F.);
#8990=ORIENTED_EDGE('',*,*,#8989,.F.);
#8991=EDGE_LOOP('',(#8986,#8987,#8988,#8990));
#8992=FACE_OUTER_BOUND('',#8991,.F.);
#8994=CARTESIAN_POINT('',(1.144151401508E1,5.000000000018E-2,
-3.917643240679E0));
#8995=DIRECTION('',(7.239311902662E-1,0.E0,6.898721850892E-1));
#8996=DIRECTION('',(-6.898721850892E-1,0.E0,7.239311902662E-1));
#8997=AXIS2_PLACEMENT_3D('',#8994,#8995,#8996);
#8998=PLANE('',#8997);
#8999=ORIENTED_EDGE('',*,*,#8813,.F.);
#9000=ORIENTED_EDGE('',*,*,#8989,.T.);
#9001=ORIENTED_EDGE('',*,*,#8739,.F.);
#9003=ORIENTED_EDGE('',*,*,#9002,.F.);
#9004=EDGE_LOOP('',(#8999,#9000,#9001,#9003));
#9005=FACE_OUTER_BOUND('',#9004,.F.);
#9007=CARTESIAN_POINT('',(1.141087254538E1,5.000000000018E-2,
-3.885489000940E0));
#9008=DIRECTION('',(8.111897344252E-1,0.E0,5.847830493125E-1));
#9009=DIRECTION('',(-5.847830493125E-1,0.E0,8.111897344252E-1));
#9010=AXIS2_PLACEMENT_3D('',#9007,#9008,#9009);
#9011=PLANE('',#9010);
#9012=ORIENTED_EDGE('',*,*,#8815,.F.);
#9013=ORIENTED_EDGE('',*,*,#9002,.T.);
#9014=ORIENTED_EDGE('',*,*,#8737,.F.);
#9016=ORIENTED_EDGE('',*,*,#9015,.F.);
#9017=EDGE_LOOP('',(#9012,#9013,#9014,#9016));
#9018=FACE_OUTER_BOUND('',#9017,.F.);
#9020=CARTESIAN_POINT('',(1.139374751732E1,5.000000000018E-2,
-3.861733786106E0));
#9021=DIRECTION('',(8.845574766135E-1,0.E0,4.664312066824E-1));
#9022=DIRECTION('',(-4.664312066824E-1,0.E0,8.845574766135E-1));
#9023=AXIS2_PLACEMENT_3D('',#9020,#9021,#9022);
#9024=PLANE('',#9023);
#9025=ORIENTED_EDGE('',*,*,#8817,.F.);
#9026=ORIENTED_EDGE('',*,*,#9015,.T.);
#9027=ORIENTED_EDGE('',*,*,#8735,.F.);
#9029=ORIENTED_EDGE('',*,*,#9028,.F.);
#9030=EDGE_LOOP('',(#9025,#9026,#9027,#9029));
#9031=FACE_OUTER_BOUND('',#9030,.F.);
#9033=CARTESIAN_POINT('',(1.138069987662E1,5.000000000018E-2,
-3.836989755326E0));
#9034=DIRECTION('',(9.424601113915E-1,0.E0,3.343186181413E-1));
#9035=DIRECTION('',(-3.343186181413E-1,0.E0,9.424601113915E-1));
#9036=AXIS2_PLACEMENT_3D('',#9033,#9034,#9035);
#9037=PLANE('',#9036);
#9038=ORIENTED_EDGE('',*,*,#8819,.F.);
#9039=ORIENTED_EDGE('',*,*,#9028,.T.);
#9040=ORIENTED_EDGE('',*,*,#8733,.F.);
#9042=ORIENTED_EDGE('',*,*,#9041,.F.);
#9043=EDGE_LOOP('',(#9038,#9039,#9040,#9042));
#9044=FACE_OUTER_BOUND('',#9043,.F.);
#9046=CARTESIAN_POINT('',(1.137159962019E1,5.000000000018E-2,
-3.811335698937E0));
#9047=DIRECTION('',(9.831569664465E-1,0.E0,1.827631782599E-1));
#9048=DIRECTION('',(-1.827631782599E-1,0.E0,9.831569664465E-1));
#9049=AXIS2_PLACEMENT_3D('',#9046,#9047,#9048);
#9050=PLANE('',#9049);
#9051=ORIENTED_EDGE('',*,*,#8821,.F.);
#9052=ORIENTED_EDGE('',*,*,#9041,.T.);
#9053=ORIENTED_EDGE('',*,*,#8731,.F.);
#9055=ORIENTED_EDGE('',*,*,#9054,.F.);
#9056=EDGE_LOOP('',(#9051,#9052,#9053,#9055));
#9057=FACE_OUTER_BOUND('',#9056,.F.);
#9059=CARTESIAN_POINT('',(1.136578491103E1,5.000000000018E-2,
-3.780056029390E0));
#9060=DIRECTION('',(9.964581550991E-1,0.E0,8.409010129927E-2));
#9061=DIRECTION('',(-8.409010129927E-2,0.E0,9.964581550991E-1));
#9062=AXIS2_PLACEMENT_3D('',#9059,#9060,#9061);
#9063=PLANE('',#9062);
#9064=ORIENTED_EDGE('',*,*,#8823,.F.);
#9065=ORIENTED_EDGE('',*,*,#9054,.T.);
#9066=ORIENTED_EDGE('',*,*,#8729,.T.);
#9068=ORIENTED_EDGE('',*,*,#9067,.F.);
#9069=EDGE_LOOP('',(#9064,#9065,#9066,#9068));
#9070=FACE_OUTER_BOUND('',#9069,.F.);
#9072=CARTESIAN_POINT('',(1.136229450943E1,5.000000000018E-2,
-3.738695166643E0));
#9073=DIRECTION('',(9.997461158007E-1,0.E0,2.253228664492E-2));
#9074=DIRECTION('',(-2.253228664492E-2,0.E0,9.997461158007E-1));
#9075=AXIS2_PLACEMENT_3D('',#9072,#9073,#9074);
#9076=PLANE('',#9075);
#9077=ORIENTED_EDGE('',*,*,#8825,.F.);
#9078=ORIENTED_EDGE('',*,*,#9067,.T.);
#9079=ORIENTED_EDGE('',*,*,#8727,.T.);
#9081=ORIENTED_EDGE('',*,*,#9080,.F.);
#9082=EDGE_LOOP('',(#9077,#9078,#9079,#9081));
#9083=FACE_OUTER_BOUND('',#9082,.F.);
#9085=CARTESIAN_POINT('',(1.136113235548E1,5.000000000018E-2,
-3.687130986107E0));
#9086=DIRECTION('',(1.E0,0.E0,0.E0));
#9087=DIRECTION('',(0.E0,0.E0,1.E0));
#9088=AXIS2_PLACEMENT_3D('',#9085,#9086,#9087);
#9089=PLANE('',#9088);
#9090=ORIENTED_EDGE('',*,*,#8827,.F.);
#9091=ORIENTED_EDGE('',*,*,#9080,.T.);
#9092=ORIENTED_EDGE('',*,*,#8725,.T.);
#9094=ORIENTED_EDGE('',*,*,#9093,.F.);
#9095=EDGE_LOOP('',(#9090,#9091,#9092,#9094));
#9096=FACE_OUTER_BOUND('',#9095,.F.);
#9098=CARTESIAN_POINT('',(1.136113235548E1,5.000000000018E-2,
-3.608947570408E0));
#9099=DIRECTION('',(-3.047538973244E-1,0.E0,-9.524311324529E-1));
#9100=DIRECTION('',(9.524311324529E-1,0.E0,-3.047538973244E-1));
#9101=AXIS2_PLACEMENT_3D('',#9098,#9099,#9100);
#9102=PLANE('',#9101);
#9103=ORIENTED_EDGE('',*,*,#8829,.F.);
#9104=ORIENTED_EDGE('',*,*,#9093,.T.);
#9105=ORIENTED_EDGE('',*,*,#8723,.F.);
#9107=ORIENTED_EDGE('',*,*,#9106,.F.);
#9108=EDGE_LOOP('',(#9103,#9104,#9105,#9107));
#9109=FACE_OUTER_BOUND('',#9108,.F.);
#9111=CARTESIAN_POINT('',(1.186630295737E1,5.000000000018E-2,
-3.770589398874E0));
#9112=DIRECTION('',(-1.E0,0.E0,0.E0));
#9113=DIRECTION('',(0.E0,0.E0,-1.E0));
#9114=AXIS2_PLACEMENT_3D('',#9111,#9112,#9113);
#9115=PLANE('',#9114);
#9116=ORIENTED_EDGE('',*,*,#8831,.F.);
#9117=ORIENTED_EDGE('',*,*,#9106,.T.);
#9118=ORIENTED_EDGE('',*,*,#8721,.T.);
#9120=ORIENTED_EDGE('',*,*,#9119,.F.);
#9121=EDGE_LOOP('',(#9116,#9117,#9118,#9120));
#9122=FACE_OUTER_BOUND('',#9121,.F.);
#9124=CARTESIAN_POINT('',(1.186630295737E1,5.000000000018E-2,
-3.859925553137E0));
#9125=DIRECTION('',(-9.996753655640E-1,0.E0,2.547868686642E-2));
#9126=DIRECTION('',(-2.547868686642E-2,0.E0,-9.996753655640E-1));
#9127=AXIS2_PLACEMENT_3D('',#9124,#9125,#9126);
#9128=PLANE('',#9127);
#9129=ORIENTED_EDGE('',*,*,#8833,.F.);
#9130=ORIENTED_EDGE('',*,*,#9119,.T.);
#9131=ORIENTED_EDGE('',*,*,#8719,.T.);
#9132=ORIENTED_EDGE('',*,*,#8775,.F.);
#9133=EDGE_LOOP('',(#9129,#9130,#9131,#9132));
#9134=FACE_OUTER_BOUND('',#9133,.F.);
#9136=CARTESIAN_POINT('',(1.199002705068E1,5.000000000018E-2,
-8.181905248027E0));
#9137=DIRECTION('',(3.051424075026E-1,0.E0,9.523067316487E-1));
#9138=DIRECTION('',(-9.523067316487E-1,0.E0,3.051424075026E-1));
#9139=AXIS2_PLACEMENT_3D('',#9136,#9137,#9138);
#9140=PLANE('',#9139);
#9141=ORIENTED_EDGE('',*,*,#7732,.F.);
#9143=ORIENTED_EDGE('',*,*,#9142,.T.);
#9145=ORIENTED_EDGE('',*,*,#9144,.F.);
#9147=ORIENTED_EDGE('',*,*,#9146,.F.);
#9148=EDGE_LOOP('',(#9141,#9143,#9145,#9147));
#9149=FACE_OUTER_BOUND('',#9148,.F.);
#9151=CARTESIAN_POINT('',(1.199002705068E1,5.000000000018E-2,
-8.324999887303E0));
#9152=DIRECTION('',(1.E0,0.E0,0.E0));
#9153=DIRECTION('',(0.E0,0.E0,1.E0));
#9154=AXIS2_PLACEMENT_3D('',#9151,#9152,#9153);
#9155=PLANE('',#9154);
#9156=ORIENTED_EDGE('',*,*,#7750,.F.);
#9158=ORIENTED_EDGE('',*,*,#9157,.T.);
#9160=ORIENTED_EDGE('',*,*,#9159,.T.);
#9161=ORIENTED_EDGE('',*,*,#9142,.F.);
#9162=EDGE_LOOP('',(#9156,#9158,#9160,#9161));
#9163=FACE_OUTER_BOUND('',#9162,.F.);
#9165=CARTESIAN_POINT('',(1.124055986626E1,5.000000000018E-2,
-8.085233735389E0));
#9166=DIRECTION('',(-3.047027004661E-1,0.E0,-9.524475126371E-1));
#9167=DIRECTION('',(9.524475126371E-1,0.E0,-3.047027004661E-1));
#9168=AXIS2_PLACEMENT_3D('',#9165,#9166,#9167);
#9169=PLANE('',#9168);
#9170=ORIENTED_EDGE('',*,*,#7748,.F.);
#9172=ORIENTED_EDGE('',*,*,#9171,.T.);
#9174=ORIENTED_EDGE('',*,*,#9173,.F.);
#9175=ORIENTED_EDGE('',*,*,#9157,.F.);
#9176=EDGE_LOOP('',(#9170,#9172,#9174,#9175));
#9177=FACE_OUTER_BOUND('',#9176,.F.);
#9179=CARTESIAN_POINT('',(1.124055986626E1,5.000000000018E-2,
-7.941441804008E0));
#9180=DIRECTION('',(-1.E0,0.E0,0.E0));
#9181=DIRECTION('',(0.E0,0.E0,-1.E0));
#9182=AXIS2_PLACEMENT_3D('',#9179,#9180,#9181);
#9183=PLANE('',#9182);
#9184=ORIENTED_EDGE('',*,*,#7746,.F.);
#9186=ORIENTED_EDGE('',*,*,#9185,.T.);
#9188=ORIENTED_EDGE('',*,*,#9187,.T.);
#9189=ORIENTED_EDGE('',*,*,#9171,.F.);
#9190=EDGE_LOOP('',(#9184,#9186,#9188,#9189));
#9191=FACE_OUTER_BOUND('',#9190,.F.);
#9193=CARTESIAN_POINT('',(1.174416254526E1,5.000000000018E-2,
-7.795073436057E0));
#9194=DIRECTION('',(-2.790935552453E-1,0.E0,9.602639155048E-1));
#9195=DIRECTION('',(-9.602639155048E-1,0.E0,-2.790935552453E-1));
#9196=AXIS2_PLACEMENT_3D('',#9193,#9194,#9195);
#9197=PLANE('',#9196);
#9198=ORIENTED_EDGE('',*,*,#7744,.F.);
#9200=ORIENTED_EDGE('',*,*,#9199,.T.);
#9202=ORIENTED_EDGE('',*,*,#9201,.F.);
#9203=ORIENTED_EDGE('',*,*,#9185,.F.);
#9204=EDGE_LOOP('',(#9198,#9200,#9202,#9203));
#9205=FACE_OUTER_BOUND('',#9204,.F.);
#9207=CARTESIAN_POINT('',(1.124055986626E1,5.000000000018E-2,
-7.633801920767E0));
#9208=DIRECTION('',(-3.049792698612E-1,0.E0,-9.523589895386E-1));
#9209=DIRECTION('',(9.523589895386E-1,0.E0,-3.049792698612E-1));
#9210=AXIS2_PLACEMENT_3D('',#9207,#9208,#9209);
#9211=PLANE('',#9210);
#9212=ORIENTED_EDGE('',*,*,#7742,.F.);
#9214=ORIENTED_EDGE('',*,*,#9213,.T.);
#9216=ORIENTED_EDGE('',*,*,#9215,.F.);
#9217=ORIENTED_EDGE('',*,*,#9199,.F.);
#9218=EDGE_LOOP('',(#9212,#9214,#9216,#9217));
#9219=FACE_OUTER_BOUND('',#9218,.F.);
#9221=CARTESIAN_POINT('',(1.124055986626E1,5.000000000018E-2,
-7.490195145975E0));
#9222=DIRECTION('',(-1.E0,0.E0,0.E0));
#9223=DIRECTION('',(0.E0,0.E0,-1.E0));
#9224=AXIS2_PLACEMENT_3D('',#9221,#9222,#9223);
#9225=PLANE('',#9224);
#9226=ORIENTED_EDGE('',*,*,#7740,.F.);
#9228=ORIENTED_EDGE('',*,*,#9227,.T.);
#9230=ORIENTED_EDGE('',*,*,#9229,.T.);
#9231=ORIENTED_EDGE('',*,*,#9213,.F.);
#9232=EDGE_LOOP('',(#9226,#9228,#9230,#9231));
#9233=FACE_OUTER_BOUND('',#9232,.F.);
#9235=CARTESIAN_POINT('',(1.199002705068E1,5.000000000018E-2,
-7.729949479305E0));
#9236=DIRECTION('',(3.046890753892E-1,0.E0,9.524518714027E-1));
#9237=DIRECTION('',(-9.524518714027E-1,0.E0,3.046890753892E-1));
#9238=AXIS2_PLACEMENT_3D('',#9235,#9236,#9237);
#9239=PLANE('',#9238);
#9240=ORIENTED_EDGE('',*,*,#7738,.F.);
#9242=ORIENTED_EDGE('',*,*,#9241,.T.);
#9244=ORIENTED_EDGE('',*,*,#9243,.F.);
#9245=ORIENTED_EDGE('',*,*,#9227,.F.);
#9246=EDGE_LOOP('',(#9240,#9242,#9244,#9245));
#9247=FACE_OUTER_BOUND('',#9246,.F.);
#9249=CARTESIAN_POINT('',(1.199002705068E1,5.000000000018E-2,
-7.874095966196E0));
#9250=DIRECTION('',(1.E0,0.E0,0.E0));
#9251=DIRECTION('',(0.E0,0.E0,1.E0));
#9252=AXIS2_PLACEMENT_3D('',#9249,#9250,#9251);
#9253=PLANE('',#9252);
#9254=ORIENTED_EDGE('',*,*,#7736,.F.);
#9256=ORIENTED_EDGE('',*,*,#9255,.T.);
#9258=ORIENTED_EDGE('',*,*,#9257,.T.);
#9259=ORIENTED_EDGE('',*,*,#9241,.F.);
#9260=EDGE_LOOP('',(#9254,#9256,#9258,#9259));
#9261=FACE_OUTER_BOUND('',#9260,.F.);
#9263=CARTESIAN_POINT('',(1.148851624899E1,5.000000000018E-2,
-8.021208900587E0));
#9264=DIRECTION('',(2.814790280502E-1,0.E0,-9.595673800041E-1));
#9265=DIRECTION('',(9.595673800041E-1,0.E0,2.814790280502E-1));
#9266=AXIS2_PLACEMENT_3D('',#9263,#9264,#9265);
#9267=PLANE('',#9266);
#9268=ORIENTED_EDGE('',*,*,#7734,.F.);
#9269=ORIENTED_EDGE('',*,*,#9146,.T.);
#9271=ORIENTED_EDGE('',*,*,#9270,.F.);
#9272=ORIENTED_EDGE('',*,*,#9255,.F.);
#9273=EDGE_LOOP('',(#9268,#9269,#9271,#9272));
#9274=FACE_OUTER_BOUND('',#9273,.F.);
#9276=CARTESIAN_POINT('',(0.E0,1.000000000002E-1,0.E0));
#9277=DIRECTION('',(0.E0,-1.E0,0.E0));
#9278=DIRECTION('',(1.E0,0.E0,0.E0));
#9279=AXIS2_PLACEMENT_3D('',#9276,#9277,#9278);
#9280=PLANE('',#9279);
#9281=ORIENTED_EDGE('',*,*,#9144,.T.);
#9282=ORIENTED_EDGE('',*,*,#9159,.F.);
#9283=ORIENTED_EDGE('',*,*,#9173,.T.);
#9284=ORIENTED_EDGE('',*,*,#9187,.F.);
#9285=ORIENTED_EDGE('',*,*,#9201,.T.);
#9286=ORIENTED_EDGE('',*,*,#9215,.T.);
#9287=ORIENTED_EDGE('',*,*,#9229,.F.);
#9288=ORIENTED_EDGE('',*,*,#9243,.T.);
#9289=ORIENTED_EDGE('',*,*,#9257,.F.);
#9290=ORIENTED_EDGE('',*,*,#9270,.T.);
#9291=EDGE_LOOP('',(#9281,#9282,#9283,#9284,#9285,#9286,#9287,#9288,#9289,
#9290));
#9292=FACE_OUTER_BOUND('',#9291,.F.);
#9294=CARTESIAN_POINT('',(1.199002705068E1,5.000000000018E-2,
-4.467775412912E0));
#9295=DIRECTION('',(3.049206747080E-1,0.E0,9.523777518063E-1));
#9296=DIRECTION('',(-9.523777518063E-1,0.E0,3.049206747080E-1));
#9297=AXIS2_PLACEMENT_3D('',#9294,#9295,#9296);
#9298=PLANE('',#9297);
#9299=ORIENTED_EDGE('',*,*,#7754,.F.);
#9301=ORIENTED_EDGE('',*,*,#9300,.T.);
#9303=ORIENTED_EDGE('',*,*,#9302,.F.);
#9305=ORIENTED_EDGE('',*,*,#9304,.F.);
#9306=EDGE_LOOP('',(#9299,#9301,#9303,#9305));
#9307=FACE_OUTER_BOUND('',#9306,.F.);
#9309=CARTESIAN_POINT('',(1.199002705068E1,5.000000000018E-2,
-5.023367739049E0));
#9310=DIRECTION('',(1.E0,0.E0,0.E0));
#9311=DIRECTION('',(0.E0,0.E0,1.E0));
#9312=AXIS2_PLACEMENT_3D('',#9309,#9310,#9311);
#9313=PLANE('',#9312);
#9314=ORIENTED_EDGE('',*,*,#7776,.F.);
#9316=ORIENTED_EDGE('',*,*,#9315,.T.);
#9318=ORIENTED_EDGE('',*,*,#9317,.T.);
#9319=ORIENTED_EDGE('',*,*,#9300,.F.);
#9320=EDGE_LOOP('',(#9314,#9316,#9318,#9319));
#9321=FACE_OUTER_BOUND('',#9320,.F.);
#9323=CARTESIAN_POINT('',(1.186473897391E1,5.000000000018E-2,
-4.983413279591E0));
#9324=DIRECTION('',(-3.038255550104E-1,0.E0,-9.527276799394E-1));
#9325=DIRECTION('',(9.527276799394E-1,0.E0,-3.038255550104E-1));
#9326=AXIS2_PLACEMENT_3D('',#9323,#9324,#9325);
#9327=PLANE('',#9326);
#9328=ORIENTED_EDGE('',*,*,#7774,.F.);
#9330=ORIENTED_EDGE('',*,*,#9329,.T.);
#9332=ORIENTED_EDGE('',*,*,#9331,.F.);
#9333=ORIENTED_EDGE('',*,*,#9315,.F.);
#9334=EDGE_LOOP('',(#9328,#9330,#9332,#9333));
#9335=FACE_OUTER_BOUND('',#9334,.F.);
#9337=CARTESIAN_POINT('',(1.186473897391E1,5.000000000018E-2,
-4.582080149713E0));
#9338=DIRECTION('',(-1.E0,0.E0,0.E0));
#9339=DIRECTION('',(0.E0,0.E0,-1.E0));
#9340=AXIS2_PLACEMENT_3D('',#9337,#9338,#9339);
#9341=PLANE('',#9340);
#9342=ORIENTED_EDGE('',*,*,#7772,.F.);
#9344=ORIENTED_EDGE('',*,*,#9343,.T.);
#9346=ORIENTED_EDGE('',*,*,#9345,.T.);
#9347=ORIENTED_EDGE('',*,*,#9329,.F.);
#9348=EDGE_LOOP('',(#9342,#9344,#9346,#9347));
#9349=FACE_OUTER_BOUND('',#9348,.F.);
#9351=CARTESIAN_POINT('',(1.169460751229E1,5.000000000018E-2,
-4.527380123089E0));
#9352=DIRECTION('',(-3.060848186905E-1,0.E0,-9.520042456666E-1));
#9353=DIRECTION('',(9.520042456666E-1,0.E0,-3.060848186905E-1));
#9354=AXIS2_PLACEMENT_3D('',#9351,#9352,#9353);
#9355=PLANE('',#9354);
#9356=ORIENTED_EDGE('',*,*,#7770,.F.);
#9358=ORIENTED_EDGE('',*,*,#9357,.T.);
#9360=ORIENTED_EDGE('',*,*,#9359,.F.);
#9361=ORIENTED_EDGE('',*,*,#9343,.F.);
#9362=EDGE_LOOP('',(#9356,#9358,#9360,#9361));
#9363=FACE_OUTER_BOUND('',#9362,.F.);
#9365=CARTESIAN_POINT('',(1.169460751229E1,5.000000000018E-2,
-4.915279541089E0));
#9366=DIRECTION('',(1.E0,0.E0,0.E0));
#9367=DIRECTION('',(0.E0,0.E0,1.E0));
#9368=AXIS2_PLACEMENT_3D('',#9365,#9366,#9367);
#9369=PLANE('',#9368);
#9370=ORIENTED_EDGE('',*,*,#7768,.F.);
#9372=ORIENTED_EDGE('',*,*,#9371,.T.);
#9374=ORIENTED_EDGE('',*,*,#9373,.T.);
#9375=ORIENTED_EDGE('',*,*,#9357,.F.);
#9376=EDGE_LOOP('',(#9370,#9372,#9374,#9375));
#9377=FACE_OUTER_BOUND('',#9376,.F.);
#9379=CARTESIAN_POINT('',(1.156931943551E1,5.000000000018E-2,
-4.875325081631E0));
#9380=DIRECTION('',(-3.038255550104E-1,0.E0,-9.527276799394E-1));
#9381=DIRECTION('',(9.527276799394E-1,0.E0,-3.038255550104E-1));
#9382=AXIS2_PLACEMENT_3D('',#9379,#9380,#9381);
#9383=PLANE('',#9382);
#9384=ORIENTED_EDGE('',*,*,#7766,.F.);
#9386=ORIENTED_EDGE('',*,*,#9385,.T.);
#9388=ORIENTED_EDGE('',*,*,#9387,.F.);
#9389=ORIENTED_EDGE('',*,*,#9371,.F.);
#9390=EDGE_LOOP('',(#9384,#9386,#9388,#9389));
#9391=FACE_OUTER_BOUND('',#9390,.F.);
#9393=CARTESIAN_POINT('',(1.156931943551E1,5.000000000018E-2,
-4.487240506877E0));
#9394=DIRECTION('',(-1.E0,0.E0,0.E0));
#9395=DIRECTION('',(0.E0,0.E0,-1.E0));
#9396=AXIS2_PLACEMENT_3D('',#9393,#9394,#9395);
#9397=PLANE('',#9396);
#9398=ORIENTED_EDGE('',*,*,#7764,.F.);
#9400=ORIENTED_EDGE('',*,*,#9399,.T.);
#9402=ORIENTED_EDGE('',*,*,#9401,.T.);
#9403=ORIENTED_EDGE('',*,*,#9385,.F.);
#9404=EDGE_LOOP('',(#9398,#9400,#9402,#9403));
#9405=FACE_OUTER_BOUND('',#9404,.F.);
#9407=CARTESIAN_POINT('',(1.136584794303E1,5.000000000018E-2,
-4.417660970084E0));
#9408=DIRECTION('',(-3.235663988798E-1,0.E0,-9.462054668601E-1));
#9409=DIRECTION('',(9.462054668601E-1,0.E0,-3.235663988798E-1));
#9410=AXIS2_PLACEMENT_3D('',#9407,#9408,#9409);
#9411=PLANE('',#9410);
#9412=ORIENTED_EDGE('',*,*,#7762,.F.);
#9414=ORIENTED_EDGE('',*,*,#9413,.T.);
#9416=ORIENTED_EDGE('',*,*,#9415,.F.);
#9417=ORIENTED_EDGE('',*,*,#9399,.F.);
#9418=EDGE_LOOP('',(#9412,#9414,#9416,#9417));
#9419=FACE_OUTER_BOUND('',#9418,.F.);
#9421=CARTESIAN_POINT('',(1.136584794303E1,5.000000000018E-2,
-4.853720836441E0));
#9422=DIRECTION('',(1.E0,0.E0,0.E0));
#9423=DIRECTION('',(0.E0,0.E0,1.E0));
#9424=AXIS2_PLACEMENT_3D('',#9421,#9422,#9423);
#9425=PLANE('',#9424);
#9426=ORIENTED_EDGE('',*,*,#7760,.F.);
#9428=ORIENTED_EDGE('',*,*,#9427,.T.);
#9430=ORIENTED_EDGE('',*,*,#9429,.T.);
#9431=ORIENTED_EDGE('',*,*,#9413,.F.);
#9432=EDGE_LOOP('',(#9426,#9428,#9430,#9431));
#9433=FACE_OUTER_BOUND('',#9432,.F.);
#9435=CARTESIAN_POINT('',(1.124055986626E1,5.000000000018E-2,
-4.813258180718E0));
#9436=DIRECTION('',(-3.073271086881E-1,0.E0,-9.516039345575E-1));
#9437=DIRECTION('',(9.516039345575E-1,0.E0,-3.073271086881E-1));
#9438=AXIS2_PLACEMENT_3D('',#9435,#9436,#9437);
#9439=PLANE('',#9438);
#9440=ORIENTED_EDGE('',*,*,#7758,.F.);
#9442=ORIENTED_EDGE('',*,*,#9441,.T.);
#9444=ORIENTED_EDGE('',*,*,#9443,.F.);
#9445=ORIENTED_EDGE('',*,*,#9427,.F.);
#9446=EDGE_LOOP('',(#9440,#9442,#9444,#9445));
#9447=FACE_OUTER_BOUND('',#9446,.F.);
#9449=CARTESIAN_POINT('',(1.124055986626E1,5.000000000018E-2,
-4.227820164994E0));
#9450=DIRECTION('',(-1.E0,0.E0,0.E0));
#9451=DIRECTION('',(0.E0,0.E0,-1.E0));
#9452=AXIS2_PLACEMENT_3D('',#9449,#9450,#9451);
#9453=PLANE('',#9452);
#9454=ORIENTED_EDGE('',*,*,#7756,.F.);
#9455=ORIENTED_EDGE('',*,*,#9304,.T.);
#9457=ORIENTED_EDGE('',*,*,#9456,.T.);
#9458=ORIENTED_EDGE('',*,*,#9441,.F.);
#9459=EDGE_LOOP('',(#9454,#9455,#9457,#9458));
#9460=FACE_OUTER_BOUND('',#9459,.F.);
#9462=CARTESIAN_POINT('',(0.E0,1.000000000002E-1,0.E0));
#9463=DIRECTION('',(0.E0,-1.E0,0.E0));
#9464=DIRECTION('',(1.E0,0.E0,0.E0));
#9465=AXIS2_PLACEMENT_3D('',#9462,#9463,#9464);
#9466=PLANE('',#9465);
#9467=ORIENTED_EDGE('',*,*,#9302,.T.);
#9468=ORIENTED_EDGE('',*,*,#9317,.F.);
#9469=ORIENTED_EDGE('',*,*,#9331,.T.);
#9470=ORIENTED_EDGE('',*,*,#9345,.F.);
#9471=ORIENTED_EDGE('',*,*,#9359,.T.);
#9472=ORIENTED_EDGE('',*,*,#9373,.F.);
#9473=ORIENTED_EDGE('',*,*,#9387,.T.);
#9474=ORIENTED_EDGE('',*,*,#9401,.F.);
#9475=ORIENTED_EDGE('',*,*,#9415,.T.);
#9476=ORIENTED_EDGE('',*,*,#9429,.F.);
#9477=ORIENTED_EDGE('',*,*,#9443,.T.);
#9478=ORIENTED_EDGE('',*,*,#9456,.F.);
#9479=EDGE_LOOP('',(#9467,#9468,#9469,#9470,#9471,#9472,#9473,#9474,#9475,#9476,
#9477,#9478));
#9480=FACE_OUTER_BOUND('',#9479,.F.);
#9482=CARTESIAN_POINT('',(1.177626951067E1,5.000000000018E-2,
-6.581721661573E0));
#9483=DIRECTION('',(7.739107209847E-2,0.E0,-9.970008134197E-1));
#9484=DIRECTION('',(9.970008134197E-1,0.E0,7.739107209847E-2));
#9485=AXIS2_PLACEMENT_3D('',#9482,#9483,#9484);
#9486=PLANE('',#9485);
#9487=ORIENTED_EDGE('',*,*,#7780,.F.);
#9489=ORIENTED_EDGE('',*,*,#9488,.T.);
#9491=ORIENTED_EDGE('',*,*,#9490,.F.);
#9493=ORIENTED_EDGE('',*,*,#9492,.F.);
#9494=EDGE_LOOP('',(#9487,#9489,#9491,#9493));
#9495=FACE_OUTER_BOUND('',#9494,.F.);
#9497=CARTESIAN_POINT('',(1.176964720307E1,5.000000000018E-2,
-6.433182626644E0));
#9498=DIRECTION('',(-9.990076595805E-1,0.E0,-4.453870338792E-2));
#9499=DIRECTION('',(4.453870338792E-2,0.E0,-9.990076595805E-1));
#9500=AXIS2_PLACEMENT_3D('',#9497,#9498,#9499);
#9501=PLANE('',#9500);
#9502=ORIENTED_EDGE('',*,*,#7934,.F.);
#9504=ORIENTED_EDGE('',*,*,#9503,.T.);
#9506=ORIENTED_EDGE('',*,*,#9505,.F.);
#9507=ORIENTED_EDGE('',*,*,#9488,.F.);
#9508=EDGE_LOOP('',(#9502,#9504,#9506,#9507));
#9509=FACE_OUTER_BOUND('',#9508,.F.);
#9511=CARTESIAN_POINT('',(1.180266813349E1,5.000000000018E-2,
-6.429991627721E0));
#9512=DIRECTION('',(-9.618756773668E-2,0.E0,9.953632260702E-1));
#9513=DIRECTION('',(-9.953632260702E-1,0.E0,-9.618756773668E-2));
#9514=AXIS2_PLACEMENT_3D('',#9511,#9512,#9513);
#9515=PLANE('',#9514);
#9516=ORIENTED_EDGE('',*,*,#7932,.F.);
#9518=ORIENTED_EDGE('',*,*,#9517,.T.);
#9520=ORIENTED_EDGE('',*,*,#9519,.T.);
#9521=ORIENTED_EDGE('',*,*,#9503,.F.);
#9522=EDGE_LOOP('',(#9516,#9518,#9520,#9521));
#9523=FACE_OUTER_BOUND('',#9522,.F.);
#9525=CARTESIAN_POINT('',(1.183015012027E1,5.000000000018E-2,
-6.420087711941E0));
#9526=DIRECTION('',(-3.390346363507E-1,0.E0,9.407738917267E-1));
#9527=DIRECTION('',(-9.407738917267E-1,0.E0,-3.390346363507E-1));
#9528=AXIS2_PLACEMENT_3D('',#9525,#9526,#9527);
#9529=PLANE('',#9528);
#9530=ORIENTED_EDGE('',*,*,#7930,.F.);
#9532=ORIENTED_EDGE('',*,*,#9531,.T.);
#9534=ORIENTED_EDGE('',*,*,#9533,.F.);
#9535=ORIENTED_EDGE('',*,*,#9517,.F.);
#9536=EDGE_LOOP('',(#9530,#9532,#9534,#9535));
#9537=FACE_OUTER_BOUND('',#9536,.F.);
#9539=CARTESIAN_POINT('',(1.185200255447E1,5.000000000018E-2,
-6.403435424557E0));
#9540=DIRECTION('',(-6.061080111829E-1,0.E0,7.953823475411E-1));
#9541=DIRECTION('',(-7.953823475411E-1,0.E0,-6.061080111829E-1));
#9542=AXIS2_PLACEMENT_3D('',#9539,#9540,#9541);
#9543=PLANE('',#9542);
#9544=ORIENTED_EDGE('',*,*,#7928,.F.);
#9546=ORIENTED_EDGE('',*,*,#9545,.T.);
#9548=ORIENTED_EDGE('',*,*,#9547,.F.);
#9549=ORIENTED_EDGE('',*,*,#9531,.F.);
#9550=EDGE_LOOP('',(#9544,#9546,#9548,#9549));
#9551=FACE_OUTER_BOUND('',#9550,.F.);
#9553=CARTESIAN_POINT('',(1.186787482E1,5.000000000018E-2,-6.379550205968E0));
#9554=DIRECTION('',(-8.328735945450E-1,0.E0,5.534632557900E-1));
#9555=DIRECTION('',(-5.534632557900E-1,0.E0,-8.328735945450E-1));
#9556=AXIS2_PLACEMENT_3D('',#9553,#9554,#9555);
#9557=PLANE('',#9556);
#9558=ORIENTED_EDGE('',*,*,#7926,.F.);
#9560=ORIENTED_EDGE('',*,*,#9559,.T.);
#9562=ORIENTED_EDGE('',*,*,#9561,.F.);
#9563=ORIENTED_EDGE('',*,*,#9545,.F.);
#9564=EDGE_LOOP('',(#9558,#9560,#9562,#9563));
#9565=FACE_OUTER_BOUND('',#9564,.F.);
#9567=CARTESIAN_POINT('',(1.187742417993E1,5.000000000018E-2,
-6.347939618079E0));
#9568=DIRECTION('',(-9.572728899374E-1,0.E0,2.891861237868E-1));
#9569=DIRECTION('',(-2.891861237868E-1,0.E0,-9.572728899374E-1));
#9570=AXIS2_PLACEMENT_3D('',#9567,#9568,#9569);
#9571=PLANE('',#9570);
#9572=ORIENTED_EDGE('',*,*,#7924,.F.);
#9574=ORIENTED_EDGE('',*,*,#9573,.T.);
#9576=ORIENTED_EDGE('',*,*,#9575,.F.);
#9577=ORIENTED_EDGE('',*,*,#9559,.F.);
#9578=EDGE_LOOP('',(#9572,#9574,#9576,#9577));
#9579=FACE_OUTER_BOUND('',#9578,.F.);
#9581=CARTESIAN_POINT('',(1.188061911860E1,5.000000000018E-2,
-6.308560326303E0));
#9582=DIRECTION('',(-9.967249220076E-1,0.E0,8.086674130264E-2));
#9583=DIRECTION('',(-8.086674130264E-2,0.E0,-9.967249220076E-1));
#9584=AXIS2_PLACEMENT_3D('',#9581,#9582,#9583);
#9585=PLANE('',#9584);
#9586=ORIENTED_EDGE('',*,*,#7922,.F.);
#9588=ORIENTED_EDGE('',*,*,#9587,.T.);
#9590=ORIENTED_EDGE('',*,*,#9589,.T.);
#9591=ORIENTED_EDGE('',*,*,#9573,.F.);
#9592=EDGE_LOOP('',(#9586,#9588,#9590,#9591));
#9593=FACE_OUTER_BOUND('',#9592,.F.);
#9595=CARTESIAN_POINT('',(1.187811753295E1,5.000000000018E-2,
-6.269724686041E0));
#9596=DIRECTION('',(-9.979318078469E-1,0.E0,-6.428146612644E-2));
#9597=DIRECTION('',(6.428146612644E-2,0.E0,-9.979318078469E-1));
#9598=AXIS2_PLACEMENT_3D('',#9595,#9596,#9597);
#9599=PLANE('',#9598);
#9600=ORIENTED_EDGE('',*,*,#7920,.F.);
#9602=ORIENTED_EDGE('',*,*,#9601,.T.);
#9604=ORIENTED_EDGE('',*,*,#9603,.T.);
#9605=ORIENTED_EDGE('',*,*,#9587,.F.);
#9606=EDGE_LOOP('',(#9600,#9602,#9604,#9605));
#9607=FACE_OUTER_BOUND('',#9606,.F.);
#9609=CARTESIAN_POINT('',(1.187061277599E1,5.000000000018E-2,
-6.238441077079E0));
#9610=DIRECTION('',(-9.724106394500E-1,0.E0,-2.332756915849E-1));
#9611=DIRECTION('',(2.332756915849E-1,0.E0,-9.724106394500E-1));
#9612=AXIS2_PLACEMENT_3D('',#9609,#9610,#9611);
#9613=PLANE('',#9612);
#9614=ORIENTED_EDGE('',*,*,#7918,.F.);
#9616=ORIENTED_EDGE('',*,*,#9615,.T.);
#9618=ORIENTED_EDGE('',*,*,#9617,.F.);
#9619=ORIENTED_EDGE('',*,*,#9601,.F.);
#9620=EDGE_LOOP('',(#9614,#9616,#9618,#9619));
#9621=FACE_OUTER_BOUND('',#9620,.F.);
#9623=CARTESIAN_POINT('',(1.185811272655E1,5.000000000018E-2,
-6.214788289415E0));
#9624=DIRECTION('',(-8.841279605090E-1,0.E0,-4.672448495662E-1));
#9625=DIRECTION('',(4.672448495662E-1,0.E0,-8.841279605090E-1));
#9626=AXIS2_PLACEMENT_3D('',#9623,#9624,#9625);
#9627=PLANE('',#9626);
#9628=ORIENTED_EDGE('',*,*,#7916,.F.);
#9630=ORIENTED_EDGE('',*,*,#9629,.T.);
#9632=ORIENTED_EDGE('',*,*,#9631,.F.);
#9633=ORIENTED_EDGE('',*,*,#9615,.F.);
#9634=EDGE_LOOP('',(#9628,#9630,#9632,#9633));
#9635=FACE_OUTER_BOUND('',#9634,.F.);
#9637=CARTESIAN_POINT('',(1.184181499468E1,5.000000000018E-2,
-6.197730232766E0));
#9638=DIRECTION('',(-7.230370324147E-1,0.E0,-6.908092716206E-1));
#9639=DIRECTION('',(6.908092716206E-1,0.E0,-7.230370324147E-1));
#9640=AXIS2_PLACEMENT_3D('',#9637,#9638,#9639);
#9641=PLANE('',#9640);
#9642=ORIENTED_EDGE('',*,*,#7914,.F.);
#9644=ORIENTED_EDGE('',*,*,#9643,.T.);
#9646=ORIENTED_EDGE('',*,*,#9645,.F.);
#9647=ORIENTED_EDGE('',*,*,#9629,.F.);
#9648=EDGE_LOOP('',(#9642,#9644,#9646,#9647));
#9649=FACE_OUTER_BOUND('',#9648,.F.);
#9651=CARTESIAN_POINT('',(1.182292506823E1,5.000000000018E-2,
-6.186510522451E0));
#9652=DIRECTION('',(-5.106671795286E-1,0.E0,-8.597784783026E-1));
#9653=DIRECTION('',(8.597784783026E-1,0.E0,-5.106671795286E-1));
#9654=AXIS2_PLACEMENT_3D('',#9651,#9652,#9653);
#9655=PLANE('',#9654);
#9656=ORIENTED_EDGE('',*,*,#7912,.F.);
#9658=ORIENTED_EDGE('',*,*,#9657,.T.);
#9660=ORIENTED_EDGE('',*,*,#9659,.F.);
#9661=ORIENTED_EDGE('',*,*,#9643,.F.);
#9662=EDGE_LOOP('',(#9656,#9658,#9660,#9661));
#9663=FACE_OUTER_BOUND('',#9662,.F.);
#9665=CARTESIAN_POINT('',(1.180139567354E1,5.000000000018E-2,
-6.181085824216E0));
#9666=DIRECTION('',(-2.443304476553E-1,0.E0,-9.696920296406E-1));
#9667=DIRECTION('',(9.696920296406E-1,0.E0,-2.443304476553E-1));
#9668=AXIS2_PLACEMENT_3D('',#9665,#9666,#9667);
#9669=PLANE('',#9668);
#9670=ORIENTED_EDGE('',*,*,#7910,.F.);
#9672=ORIENTED_EDGE('',*,*,#9671,.T.);
#9674=ORIENTED_EDGE('',*,*,#9673,.F.);
#9675=ORIENTED_EDGE('',*,*,#9657,.F.);
#9676=EDGE_LOOP('',(#9670,#9672,#9674,#9675));
#9677=FACE_OUTER_BOUND('',#9676,.F.);
#9679=CARTESIAN_POINT('',(1.178115843656E1,5.000000000018E-2,
-6.181625536313E0));
#9680=DIRECTION('',(2.665977894272E-2,0.E0,-9.996445649263E-1));
#9681=DIRECTION('',(9.996445649263E-1,0.E0,2.665977894272E-2));
#9682=AXIS2_PLACEMENT_3D('',#9679,#9680,#9681);
#9683=PLANE('',#9682);
#9684=ORIENTED_EDGE('',*,*,#7908,.F.);
#9686=ORIENTED_EDGE('',*,*,#9685,.T.);
#9688=ORIENTED_EDGE('',*,*,#9687,.T.);
#9689=ORIENTED_EDGE('',*,*,#9671,.F.);
#9690=EDGE_LOOP('',(#9684,#9686,#9688,#9689));
#9691=FACE_OUTER_BOUND('',#9690,.F.);
#9693=CARTESIAN_POINT('',(1.176341096664E1,5.000000000018E-2,
-6.188023292494E0));
#9694=DIRECTION('',(3.391261404499E-1,0.E0,-9.407409105931E-1));
#9695=DIRECTION('',(9.407409105931E-1,0.E0,3.391261404499E-1));
#9696=AXIS2_PLACEMENT_3D('',#9693,#9694,#9695);
#9697=PLANE('',#9696);
#9698=ORIENTED_EDGE('',*,*,#7906,.F.);
#9700=ORIENTED_EDGE('',*,*,#9699,.T.);
#9702=ORIENTED_EDGE('',*,*,#9701,.F.);
#9703=ORIENTED_EDGE('',*,*,#9685,.F.);
#9704=EDGE_LOOP('',(#9698,#9700,#9702,#9703));
#9705=FACE_OUTER_BOUND('',#9704,.F.);
#9707=CARTESIAN_POINT('',(1.174818084038E1,5.000000000018E-2,
-6.200286971589E0));
#9708=DIRECTION('',(6.271734058379E-1,0.E0,-7.788796563075E-1));
#9709=DIRECTION('',(7.788796563075E-1,0.E0,6.271734058379E-1));
#9710=AXIS2_PLACEMENT_3D('',#9707,#9708,#9709);
#9711=PLANE('',#9710);
#9712=ORIENTED_EDGE('',*,*,#7904,.F.);
#9714=ORIENTED_EDGE('',*,*,#9713,.T.);
#9716=ORIENTED_EDGE('',*,*,#9715,.F.);
#9717=ORIENTED_EDGE('',*,*,#9699,.F.);
#9718=EDGE_LOOP('',(#9712,#9714,#9716,#9717));
#9719=FACE_OUTER_BOUND('',#9718,.F.);
#9721=CARTESIAN_POINT('',(1.173211553909E1,5.000000000018E-2,
-6.221875458864E0));
#9722=DIRECTION('',(8.022430047881E-1,0.E0,-5.969976224983E-1));
#9723=DIRECTION('',(5.969976224983E-1,0.E0,8.022430047881E-1));
#9724=AXIS2_PLACEMENT_3D('',#9721,#9722,#9723);
#9725=PLANE('',#9724);
#9726=ORIENTED_EDGE('',*,*,#7902,.F.);
#9728=ORIENTED_EDGE('',*,*,#9727,.T.);
#9730=ORIENTED_EDGE('',*,*,#9729,.F.);
#9731=ORIENTED_EDGE('',*,*,#9713,.F.);
#9732=EDGE_LOOP('',(#9726,#9728,#9730,#9731));
#9733=FACE_OUTER_BOUND('',#9732,.F.);
#9735=CARTESIAN_POINT('',(1.171252438079E1,5.000000000018E-2,
-6.256641590258E0));
#9736=DIRECTION('',(8.711982703806E-1,0.E0,-4.909313329641E-1));
#9737=DIRECTION('',(4.909313329641E-1,0.E0,8.711982703806E-1));
#9738=AXIS2_PLACEMENT_3D('',#9735,#9736,#9737);
#9739=PLANE('',#9738);
#9740=ORIENTED_EDGE('',*,*,#7900,.F.);
#9742=ORIENTED_EDGE('',*,*,#9741,.T.);
#9744=ORIENTED_EDGE('',*,*,#9743,.F.);
#9745=ORIENTED_EDGE('',*,*,#9727,.F.);
#9746=EDGE_LOOP('',(#9740,#9742,#9744,#9745));
#9747=FACE_OUTER_BOUND('',#9746,.F.);
#9749=CARTESIAN_POINT('',(1.165457426266E1,5.000000000018E-2,
-6.376540424217E0));
#9750=DIRECTION('',(9.003666470072E-1,0.E0,-4.351320500227E-1));
#9751=DIRECTION('',(4.351320500227E-1,0.E0,9.003666470072E-1));
#9752=AXIS2_PLACEMENT_3D('',#9749,#9750,#9751);
#9753=PLANE('',#9752);
#9755=ORIENTED_EDGE('',*,*,#9754,.F.);
#9756=ORIENTED_EDGE('',*,*,#9741,.F.);
#9757=ORIENTED_EDGE('',*,*,#7898,.F.);
#9759=ORIENTED_EDGE('',*,*,#9758,.T.);
#9760=EDGE_LOOP('',(#9755,#9756,#9757,#9759));
#9761=FACE_OUTER_BOUND('',#9760,.F.);
#9763=CARTESIAN_POINT('',(0.E0,1.000000000002E-1,0.E0));
#9764=DIRECTION('',(0.E0,-1.E0,0.E0));
#9765=DIRECTION('',(1.E0,0.E0,0.E0));
#9766=AXIS2_PLACEMENT_3D('',#9763,#9764,#9765);
#9767=PLANE('',#9766);
#9768=ORIENTED_EDGE('',*,*,#9490,.T.);
#9769=ORIENTED_EDGE('',*,*,#9505,.T.);
#9770=ORIENTED_EDGE('',*,*,#9519,.F.);
#9771=ORIENTED_EDGE('',*,*,#9533,.T.);
#9772=ORIENTED_EDGE('',*,*,#9547,.T.);
#9773=ORIENTED_EDGE('',*,*,#9561,.T.);
#9774=ORIENTED_EDGE('',*,*,#9575,.T.);
#9775=ORIENTED_EDGE('',*,*,#9589,.F.);
#9776=ORIENTED_EDGE('',*,*,#9603,.F.);
#9777=ORIENTED_EDGE('',*,*,#9617,.T.);
#9778=ORIENTED_EDGE('',*,*,#9631,.T.);
#9779=ORIENTED_EDGE('',*,*,#9645,.T.);
#9780=ORIENTED_EDGE('',*,*,#9659,.T.);
#9781=ORIENTED_EDGE('',*,*,#9673,.T.);
#9782=ORIENTED_EDGE('',*,*,#9687,.F.);
#9783=ORIENTED_EDGE('',*,*,#9701,.T.);
#9784=ORIENTED_EDGE('',*,*,#9715,.T.);
#9785=ORIENTED_EDGE('',*,*,#9729,.T.);
#9786=ORIENTED_EDGE('',*,*,#9743,.T.);
#9787=ORIENTED_EDGE('',*,*,#9754,.T.);
#9789=ORIENTED_EDGE('',*,*,#9788,.T.);
#9791=ORIENTED_EDGE('',*,*,#9790,.T.);
#9793=ORIENTED_EDGE('',*,*,#9792,.T.);
#9795=ORIENTED_EDGE('',*,*,#9794,.T.);
#9797=ORIENTED_EDGE('',*,*,#9796,.F.);
#9799=ORIENTED_EDGE('',*,*,#9798,.T.);
#9801=ORIENTED_EDGE('',*,*,#9800,.T.);
#9803=ORIENTED_EDGE('',*,*,#9802,.T.);
#9805=ORIENTED_EDGE('',*,*,#9804,.T.);
#9807=ORIENTED_EDGE('',*,*,#9806,.T.);
#9809=ORIENTED_EDGE('',*,*,#9808,.T.);
#9811=ORIENTED_EDGE('',*,*,#9810,.F.);
#9813=ORIENTED_EDGE('',*,*,#9812,.T.);
#9815=ORIENTED_EDGE('',*,*,#9814,.T.);
#9817=ORIENTED_EDGE('',*,*,#9816,.T.);
#9819=ORIENTED_EDGE('',*,*,#9818,.T.);
#9821=ORIENTED_EDGE('',*,*,#9820,.T.);
#9823=ORIENTED_EDGE('',*,*,#9822,.T.);
#9825=ORIENTED_EDGE('',*,*,#9824,.T.);
#9827=ORIENTED_EDGE('',*,*,#9826,.F.);
#9829=ORIENTED_EDGE('',*,*,#9828,.T.);
#9831=ORIENTED_EDGE('',*,*,#9830,.F.);
#9833=ORIENTED_EDGE('',*,*,#9832,.T.);
#9835=ORIENTED_EDGE('',*,*,#9834,.T.);
#9837=ORIENTED_EDGE('',*,*,#9836,.T.);
#9839=ORIENTED_EDGE('',*,*,#9838,.T.);
#9841=ORIENTED_EDGE('',*,*,#9840,.T.);
#9843=ORIENTED_EDGE('',*,*,#9842,.F.);
#9845=ORIENTED_EDGE('',*,*,#9844,.T.);
#9847=ORIENTED_EDGE('',*,*,#9846,.T.);
#9849=ORIENTED_EDGE('',*,*,#9848,.T.);
#9851=ORIENTED_EDGE('',*,*,#9850,.T.);
#9853=ORIENTED_EDGE('',*,*,#9852,.T.);
#9855=ORIENTED_EDGE('',*,*,#9854,.F.);
#9857=ORIENTED_EDGE('',*,*,#9856,.T.);
#9859=ORIENTED_EDGE('',*,*,#9858,.T.);
#9861=ORIENTED_EDGE('',*,*,#9860,.T.);
#9863=ORIENTED_EDGE('',*,*,#9862,.T.);
#9865=ORIENTED_EDGE('',*,*,#9864,.T.);
#9867=ORIENTED_EDGE('',*,*,#9866,.T.);
#9869=ORIENTED_EDGE('',*,*,#9868,.T.);
#9871=ORIENTED_EDGE('',*,*,#9870,.T.);
#9873=ORIENTED_EDGE('',*,*,#9872,.T.);
#9875=ORIENTED_EDGE('',*,*,#9874,.T.);
#9877=ORIENTED_EDGE('',*,*,#9876,.T.);
#9879=ORIENTED_EDGE('',*,*,#9878,.T.);
#9881=ORIENTED_EDGE('',*,*,#9880,.F.);
#9883=ORIENTED_EDGE('',*,*,#9882,.T.);
#9885=ORIENTED_EDGE('',*,*,#9884,.T.);
#9887=ORIENTED_EDGE('',*,*,#9886,.T.);
#9889=ORIENTED_EDGE('',*,*,#9888,.T.);
#9891=ORIENTED_EDGE('',*,*,#9890,.T.);
#9893=ORIENTED_EDGE('',*,*,#9892,.T.);
#9895=ORIENTED_EDGE('',*,*,#9894,.T.);
#9897=ORIENTED_EDGE('',*,*,#9896,.T.);
#9899=ORIENTED_EDGE('',*,*,#9898,.T.);
#9901=ORIENTED_EDGE('',*,*,#9900,.T.);
#9903=ORIENTED_EDGE('',*,*,#9902,.T.);
#9904=EDGE_LOOP('',(#9768,#9769,#9770,#9771,#9772,#9773,#9774,#9775,#9776,#9777,
#9778,#9779,#9780,#9781,#9782,#9783,#9784,#9785,#9786,#9787,#9789,#9791,#9793,
#9795,#9797,#9799,#9801,#9803,#9805,#9807,#9809,#9811,#9813,#9815,#9817,#9819,
#9821,#9823,#9825,#9827,#9829,#9831,#9833,#9835,#9837,#9839,#9841,#9843,#9845,
#9847,#9849,#9851,#9853,#9855,#9857,#9859,#9861,#9863,#9865,#9867,#9869,#9871,
#9873,#9875,#9877,#9879,#9881,#9883,#9885,#9887,#9889,#9891,#9893,#9895,#9897,
#9899,#9901,#9903));
#9905=FACE_OUTER_BOUND('',#9904,.F.);
#9907=CARTESIAN_POINT('',(1.162447250506E1,5.000000000018E-2,
-6.428069148999E0));
#9908=DIRECTION('',(8.634626829858E-1,0.E0,-5.044127229670E-1));
#9909=DIRECTION('',(5.044127229670E-1,0.E0,8.634626829858E-1));
#9910=AXIS2_PLACEMENT_3D('',#9907,#9908,#9909);
#9911=PLANE('',#9910);
#9912=ORIENTED_EDGE('',*,*,#7896,.F.);
#9914=ORIENTED_EDGE('',*,*,#9913,.T.);
#9915=ORIENTED_EDGE('',*,*,#9788,.F.);
#9916=ORIENTED_EDGE('',*,*,#9758,.F.);
#9917=EDGE_LOOP('',(#9912,#9914,#9915,#9916));
#9918=FACE_OUTER_BOUND('',#9917,.F.);
#9920=CARTESIAN_POINT('',(1.159897602901E1,5.000000000018E-2,
-6.459210935959E0));
#9921=DIRECTION('',(7.737522923675E-1,0.E0,-6.334882714432E-1));
#9922=DIRECTION('',(6.334882714432E-1,0.E0,7.737522923675E-1));
#9923=AXIS2_PLACEMENT_3D('',#9920,#9921,#9922);
#9924=PLANE('',#9923);
#9925=ORIENTED_EDGE('',*,*,#7894,.F.);
#9927=ORIENTED_EDGE('',*,*,#9926,.T.);
#9928=ORIENTED_EDGE('',*,*,#9790,.F.);
#9929=ORIENTED_EDGE('',*,*,#9913,.F.);
#9930=EDGE_LOOP('',(#9925,#9927,#9928,#9929));
#9931=FACE_OUTER_BOUND('',#9930,.F.);
#9933=CARTESIAN_POINT('',(1.156157436879E1,5.000000000018E-2,
-6.484305582497E0));
#9934=DIRECTION('',(5.571602772213E-1,0.E0,-8.304049767954E-1));
#9935=DIRECTION('',(8.304049767954E-1,0.E0,5.571602772213E-1));
#9936=AXIS2_PLACEMENT_3D('',#9933,#9934,#9935);
#9937=PLANE('',#9936);
#9938=ORIENTED_EDGE('',*,*,#7892,.F.);
#9940=ORIENTED_EDGE('',*,*,#9939,.T.);
#9941=ORIENTED_EDGE('',*,*,#9792,.F.);
#9942=ORIENTED_EDGE('',*,*,#9926,.F.);
#9943=EDGE_LOOP('',(#9938,#9940,#9941,#9942));
#9944=FACE_OUTER_BOUND('',#9943,.F.);
#9946=CARTESIAN_POINT('',(1.151777495239E1,5.000000000018E-2,
-6.497006546856E0));
#9947=DIRECTION('',(2.785069256648E-1,0.E0,-9.604342207339E-1));
#9948=DIRECTION('',(9.604342207339E-1,0.E0,2.785069256648E-1));
#9949=AXIS2_PLACEMENT_3D('',#9946,#9947,#9948);
#9950=PLANE('',#9949);
#9951=ORIENTED_EDGE('',*,*,#7890,.F.);
#9953=ORIENTED_EDGE('',*,*,#9952,.T.);
#9954=ORIENTED_EDGE('',*,*,#9794,.F.);
#9955=ORIENTED_EDGE('',*,*,#9939,.F.);
#9956=EDGE_LOOP('',(#9951,#9953,#9954,#9955));
#9957=FACE_OUTER_BOUND('',#9956,.F.);
#9959=CARTESIAN_POINT('',(1.146757777981E1,5.000000000018E-2,
-6.497286251447E0));
#9960=DIRECTION('',(5.572031934114E-3,0.E0,-9.999844761096E-1));
#9961=DIRECTION('',(9.999844761096E-1,0.E0,5.572031934114E-3));
#9962=AXIS2_PLACEMENT_3D('',#9959,#9960,#9961);
#9963=PLANE('',#9962);
#9964=ORIENTED_EDGE('',*,*,#7888,.F.);
#9966=ORIENTED_EDGE('',*,*,#9965,.T.);
#9967=ORIENTED_EDGE('',*,*,#9796,.T.);
#9968=ORIENTED_EDGE('',*,*,#9952,.F.);
#9969=EDGE_LOOP('',(#9964,#9966,#9967,#9968));
#9970=FACE_OUTER_BOUND('',#9969,.F.);
#9972=CARTESIAN_POINT('',(1.140464812754E1,5.000000000018E-2,
-6.481555808255E0));
#9973=DIRECTION('',(-2.425070428916E-1,0.E0,-9.701496452342E-1));
#9974=DIRECTION('',(9.701496452342E-1,0.E0,-2.425070428916E-1));
#9975=AXIS2_PLACEMENT_3D('',#9972,#9973,#9974);
#9976=PLANE('',#9975);
#9977=ORIENTED_EDGE('',*,*,#7886,.F.);
#9979=ORIENTED_EDGE('',*,*,#9978,.T.);
#9980=ORIENTED_EDGE('',*,*,#9798,.F.);
#9981=ORIENTED_EDGE('',*,*,#9965,.F.);
#9982=EDGE_LOOP('',(#9977,#9979,#9980,#9981));
#9983=FACE_OUTER_BOUND('',#9982,.F.);
#9985=CARTESIAN_POINT('',(1.134815956570E1,5.000000000018E-2,
-6.449090347591E0));
#9986=DIRECTION('',(-4.982927592184E-1,0.E0,-8.670088385423E-1));
#9987=DIRECTION('',(8.670088385423E-1,0.E0,-4.982927592184E-1));
#9988=AXIS2_PLACEMENT_3D('',#9985,#9986,#9987);
#9989=PLANE('',#9988);
#9990=ORIENTED_EDGE('',*,*,#7884,.F.);
#9992=ORIENTED_EDGE('',*,*,#9991,.T.);
#9993=ORIENTED_EDGE('',*,*,#9800,.F.);
#9994=ORIENTED_EDGE('',*,*,#9978,.F.);
#9995=EDGE_LOOP('',(#9990,#9992,#9993,#9994));
#9996=FACE_OUTER_BOUND('',#9995,.F.);
#9998=CARTESIAN_POINT('',(1.129814755004E1,5.000000000018E-2,
-6.399901688708E0));
#9999=DIRECTION('',(-7.012137054281E-1,0.E0,-7.129511479196E-1));
#10000=DIRECTION('',(7.129511479196E-1,0.E0,-7.012137054281E-1));
#10001=AXIS2_PLACEMENT_3D('',#9998,#9999,#10000);
#10002=PLANE('',#10001);
#10003=ORIENTED_EDGE('',*,*,#7882,.F.);
#10005=ORIENTED_EDGE('',*,*,#10004,.T.);
#10006=ORIENTED_EDGE('',*,*,#9802,.F.);
#10007=ORIENTED_EDGE('',*,*,#9991,.F.);
#10008=EDGE_LOOP('',(#10003,#10005,#10006,#10007));
#10009=FACE_OUTER_BOUND('',#10008,.F.);
#10011=CARTESIAN_POINT('',(1.125904796319E1,5.000000000018E-2,
-6.336381110252E0));
#10012=DIRECTION('',(-8.515984696414E-1,0.E0,-5.241946647042E-1));
#10013=DIRECTION('',(5.241946647042E-1,0.E0,-8.515984696414E-1));
#10014=AXIS2_PLACEMENT_3D('',#10011,#10012,#10013);
#10015=PLANE('',#10014);
#10016=ORIENTED_EDGE('',*,*,#7880,.F.);
#10018=ORIENTED_EDGE('',*,*,#10017,.T.);
#10019=ORIENTED_EDGE('',*,*,#9804,.F.);
#10020=ORIENTED_EDGE('',*,*,#10004,.F.);
#10021=EDGE_LOOP('',(#10016,#10018,#10019,#10020));
#10022=FACE_OUTER_BOUND('',#10021,.F.);
#10024=CARTESIAN_POINT('',(1.123562366637E1,5.000000000018E-2,
-6.260912013378E0));
#10025=DIRECTION('',(-9.550539159002E-1,0.E0,-2.964321469133E-1));
#10026=DIRECTION('',(2.964321469133E-1,0.E0,-9.550539159002E-1));
#10027=AXIS2_PLACEMENT_3D('',#10024,#10025,#10026);
#10028=PLANE('',#10027);
#10029=ORIENTED_EDGE('',*,*,#7878,.F.);
#10031=ORIENTED_EDGE('',*,*,#10030,.T.);
#10032=ORIENTED_EDGE('',*,*,#9806,.F.);
#10033=ORIENTED_EDGE('',*,*,#10017,.F.);
#10034=EDGE_LOOP('',(#10029,#10031,#10032,#10033));
#10035=FACE_OUTER_BOUND('',#10034,.F.);
#10037=CARTESIAN_POINT('',(1.122782344682E1,5.000000000018E-2,
-6.173423486915E0));
#10038=DIRECTION('',(-9.960490485694E-1,0.E0,-8.880480191980E-2));
#10039=DIRECTION('',(8.880480191980E-2,0.E0,-9.960490485694E-1));
#10040=AXIS2_PLACEMENT_3D('',#10037,#10038,#10039);
#10041=PLANE('',#10040);
#10042=ORIENTED_EDGE('',*,*,#7876,.F.);
#10044=ORIENTED_EDGE('',*,*,#10043,.T.);
#10045=ORIENTED_EDGE('',*,*,#9808,.F.);
#10046=ORIENTED_EDGE('',*,*,#10030,.F.);
#10047=EDGE_LOOP('',(#10042,#10044,#10045,#10046));
#10048=FACE_OUTER_BOUND('',#10047,.F.);
#10050=CARTESIAN_POINT('',(1.123142809383E1,5.000000000018E-2,
-6.112290248694E0));
#10051=DIRECTION('',(-9.982661558930E-1,0.E0,5.886154940751E-2));
#10052=DIRECTION('',(-5.886154940751E-2,0.E0,-9.982661558930E-1));
#10053=AXIS2_PLACEMENT_3D('',#10050,#10051,#10052);
#10054=PLANE('',#10053);
#10055=ORIENTED_EDGE('',*,*,#7874,.F.);
#10057=ORIENTED_EDGE('',*,*,#10056,.T.);
#10058=ORIENTED_EDGE('',*,*,#9810,.T.);
#10059=ORIENTED_EDGE('',*,*,#10043,.F.);
#10060=EDGE_LOOP('',(#10055,#10057,#10058,#10059));
#10061=FACE_OUTER_BOUND('',#10060,.F.);
#10063=CARTESIAN_POINT('',(1.124224203489E1,5.000000000018E-2,
-6.057700528408E0));
#10064=DIRECTION('',(-9.809384252906E-1,0.E0,1.943188251004E-1));
#10065=DIRECTION('',(-1.943188251004E-1,0.E0,-9.809384252906E-1));
#10066=AXIS2_PLACEMENT_3D('',#10063,#10064,#10065);
#10067=PLANE('',#10066);
#10068=ORIENTED_EDGE('',*,*,#7872,.F.);
#10070=ORIENTED_EDGE('',*,*,#10069,.T.);
#10071=ORIENTED_EDGE('',*,*,#9812,.F.);
#10072=ORIENTED_EDGE('',*,*,#10056,.F.);
#10073=EDGE_LOOP('',(#10068,#10070,#10071,#10072));
#10074=FACE_OUTER_BOUND('',#10073,.F.);
#10076=CARTESIAN_POINT('',(1.126027314915E1,5.000000000018E-2,
-6.009685841723E0));
#10077=DIRECTION('',(-9.361649327280E-1,0.E0,3.515611166361E-1));
#10078=DIRECTION('',(-3.515611166361E-1,0.E0,-9.361649327280E-1));
#10079=AXIS2_PLACEMENT_3D('',#10076,#10077,#10078);
#10080=PLANE('',#10079);
#10081=ORIENTED_EDGE('',*,*,#7870,.F.);
#10083=ORIENTED_EDGE('',*,*,#10082,.T.);
#10084=ORIENTED_EDGE('',*,*,#9814,.F.);
#10085=ORIENTED_EDGE('',*,*,#10069,.F.);
#10086=EDGE_LOOP('',(#10081,#10083,#10084,#10085));
#10087=FACE_OUTER_BOUND('',#10086,.F.);
#10089=CARTESIAN_POINT('',(1.128470989842E1,5.000000000018E-2,
-5.969778656435E0));
#10090=DIRECTION('',(-8.528153423133E-1,0.E0,5.222125926431E-1));
#10091=DIRECTION('',(-5.222125926431E-1,0.E0,-8.528153423133E-1));
#10092=AXIS2_PLACEMENT_3D('',#10089,#10090,#10091);
#10093=PLANE('',#10092);
#10094=ORIENTED_EDGE('',*,*,#7868,.F.);
#10096=ORIENTED_EDGE('',*,*,#10095,.T.);
#10097=ORIENTED_EDGE('',*,*,#9816,.F.);
#10098=ORIENTED_EDGE('',*,*,#10082,.F.);
#10099=EDGE_LOOP('',(#10094,#10096,#10097,#10098));
#10100=FACE_OUTER_BOUND('',#10099,.F.);
#10102=CARTESIAN_POINT('',(1.131477226085E1,5.000000000018E-2,
-5.939791144592E0));
#10103=DIRECTION('',(-7.062248425836E-1,0.E0,7.079876211614E-1));
#10104=DIRECTION('',(-7.079876211614E-1,0.E0,-7.062248425836E-1));
#10105=AXIS2_PLACEMENT_3D('',#10102,#10103,#10104);
#10106=PLANE('',#10105);
#10107=ORIENTED_EDGE('',*,*,#7866,.F.);
#10109=ORIENTED_EDGE('',*,*,#10108,.T.);
#10110=ORIENTED_EDGE('',*,*,#9818,.F.);
#10111=ORIENTED_EDGE('',*,*,#10095,.F.);
#10112=EDGE_LOOP('',(#10107,#10109,#10110,#10111));
#10113=FACE_OUTER_BOUND('',#10112,.F.);
#10115=CARTESIAN_POINT('',(1.135049175243E1,5.000000000018E-2,
-5.919746943027E0));
#10116=DIRECTION('',(-4.893705266488E-1,0.E0,8.720759643789E-1));
#10117=DIRECTION('',(-8.720759643789E-1,0.E0,-4.893705266488E-1));
#10118=AXIS2_PLACEMENT_3D('',#10115,#10116,#10117);
#10119=PLANE('',#10118);
#10120=ORIENTED_EDGE('',*,*,#7864,.F.);
#10122=ORIENTED_EDGE('',*,*,#10121,.T.);
#10123=ORIENTED_EDGE('',*,*,#9820,.F.);
#10124=ORIENTED_EDGE('',*,*,#10108,.F.);
#10125=EDGE_LOOP('',(#10120,#10122,#10123,#10124));
#10126=FACE_OUTER_BOUND('',#10125,.F.);
#10128=CARTESIAN_POINT('',(1.139093471074E1,5.000000000018E-2,
-5.908326318121E0));
#10129=DIRECTION('',(-2.717607324875E-1,0.E0,9.623648498765E-1));
#10130=DIRECTION('',(-9.623648498765E-1,0.E0,-2.717607324875E-1));
#10131=AXIS2_PLACEMENT_3D('',#10128,#10129,#10130);
#10132=PLANE('',#10131);
#10133=ORIENTED_EDGE('',*,*,#7862,.F.);
#10135=ORIENTED_EDGE('',*,*,#10134,.T.);
#10136=ORIENTED_EDGE('',*,*,#9822,.F.);
#10137=ORIENTED_EDGE('',*,*,#10121,.F.);
#10138=EDGE_LOOP('',(#10133,#10135,#10136,#10137));
#10139=FACE_OUTER_BOUND('',#10138,.F.);
#10141=CARTESIAN_POINT('',(1.143521868607E1,5.000000000018E-2,
-5.904225293589E0));
#10142=DIRECTION('',(-9.221284545890E-2,0.E0,9.957393188643E-1));
#10143=DIRECTION('',(-9.957393188643E-1,0.E0,-9.221284545890E-2));
#10144=AXIS2_PLACEMENT_3D('',#10141,#10142,#10143);
#10145=PLANE('',#10144);
#10146=ORIENTED_EDGE('',*,*,#7860,.F.);
#10148=ORIENTED_EDGE('',*,*,#10147,.T.);
#10149=ORIENTED_EDGE('',*,*,#9824,.F.);
#10150=ORIENTED_EDGE('',*,*,#10134,.F.);
#10151=EDGE_LOOP('',(#10146,#10148,#10149,#10150));
#10152=FACE_OUTER_BOUND('',#10151,.F.);
#10154=CARTESIAN_POINT('',(1.148345792451E1,5.000000000018E-2,
-5.907506901099E0));
#10155=DIRECTION('',(6.787089920402E-2,0.E0,9.976941119608E-1));
#10156=DIRECTION('',(-9.976941119608E-1,0.E0,6.787089920402E-2));
#10157=AXIS2_PLACEMENT_3D('',#10154,#10155,#10156);
#10158=PLANE('',#10157);
#10159=ORIENTED_EDGE('',*,*,#7858,.F.);
#10161=ORIENTED_EDGE('',*,*,#10160,.T.);
#10162=ORIENTED_EDGE('',*,*,#9826,.T.);
#10163=ORIENTED_EDGE('',*,*,#10147,.F.);
#10164=EDGE_LOOP('',(#10159,#10161,#10162,#10163));
#10165=FACE_OUTER_BOUND('',#10164,.F.);
#10167=CARTESIAN_POINT('',(1.149113601981E1,5.000000000018E-2,
-6.055116213002E0));
#10168=DIRECTION('',(9.986498896152E-1,0.E0,5.194610641441E-2));
#10169=DIRECTION('',(-5.194610641441E-2,0.E0,9.986498896152E-1));
#10170=AXIS2_PLACEMENT_3D('',#10167,#10168,#10169);
#10171=PLANE('',#10170);
#10172=ORIENTED_EDGE('',*,*,#7856,.F.);
#10174=ORIENTED_EDGE('',*,*,#10173,.T.);
#10175=ORIENTED_EDGE('',*,*,#9828,.F.);
#10176=ORIENTED_EDGE('',*,*,#10160,.F.);
#10177=EDGE_LOOP('',(#10172,#10174,#10175,#10176));
#10178=FACE_OUTER_BOUND('',#10177,.F.);
#10180=CARTESIAN_POINT('',(1.144944029897E1,5.000000000018E-2,
-6.054422860317E0));
#10181=DIRECTION('',(-1.662657050187E-2,0.E0,-9.998617690228E-1));
#10182=DIRECTION('',(9.998617690228E-1,0.E0,-1.662657050187E-2));
#10183=AXIS2_PLACEMENT_3D('',#10180,#10181,#10182);
#10184=PLANE('',#10183);
#10185=ORIENTED_EDGE('',*,*,#7854,.F.);
#10187=ORIENTED_EDGE('',*,*,#10186,.T.);
#10188=ORIENTED_EDGE('',*,*,#9830,.T.);
#10189=ORIENTED_EDGE('',*,*,#10173,.F.);
#10190=EDGE_LOOP('',(#10185,#10187,#10188,#10189));
#10191=FACE_OUTER_BOUND('',#10190,.F.);
#10193=CARTESIAN_POINT('',(1.141790062225E1,5.000000000018E-2,
-6.058890258943E0));
#10194=DIRECTION('',(1.402438999945E-1,0.E0,-9.901169872870E-1));
#10195=DIRECTION('',(9.901169872870E-1,0.E0,1.402438999945E-1));
#10196=AXIS2_PLACEMENT_3D('',#10193,#10194,#10195);
#10197=PLANE('',#10196);
#10198=ORIENTED_EDGE('',*,*,#7852,.F.);
#10200=ORIENTED_EDGE('',*,*,#10199,.T.);
#10201=ORIENTED_EDGE('',*,*,#9832,.F.);
#10202=ORIENTED_EDGE('',*,*,#10186,.F.);
#10203=EDGE_LOOP('',(#10198,#10200,#10201,#10202));
#10204=FACE_OUTER_BOUND('',#10203,.F.);
#10206=CARTESIAN_POINT('',(1.139655638415E1,5.000000000018E-2,
-6.068486892879E0));
#10207=DIRECTION('',(4.100706686176E-1,0.E0,-9.120537521109E-1));
#10208=DIRECTION('',(9.120537521109E-1,0.E0,4.100706686176E-1));
#10209=AXIS2_PLACEMENT_3D('',#10206,#10207,#10208);
#10210=PLANE('',#10209);
#10211=ORIENTED_EDGE('',*,*,#7850,.F.);
#10213=ORIENTED_EDGE('',*,*,#10212,.T.);
#10214=ORIENTED_EDGE('',*,*,#9834,.F.);
#10215=ORIENTED_EDGE('',*,*,#10199,.F.);
#10216=EDGE_LOOP('',(#10211,#10213,#10214,#10215));
#10217=FACE_OUTER_BOUND('',#10216,.F.);
#10219=CARTESIAN_POINT('',(1.137433363677E1,5.000000000018E-2,
-6.094909152873E0));
#10220=DIRECTION('',(7.653046028323E-1,0.E0,-6.436682879276E-1));
#10221=DIRECTION('',(6.436682879276E-1,0.E0,7.653046028323E-1));
#10222=AXIS2_PLACEMENT_3D('',#10219,#10220,#10221);
#10223=PLANE('',#10222);
#10224=ORIENTED_EDGE('',*,*,#7848,.F.);
#10226=ORIENTED_EDGE('',*,*,#10225,.T.);
#10227=ORIENTED_EDGE('',*,*,#9836,.F.);
#10228=ORIENTED_EDGE('',*,*,#10212,.F.);
#10229=EDGE_LOOP('',(#10224,#10226,#10227,#10228));
#10230=FACE_OUTER_BOUND('',#10229,.F.);
#10232=CARTESIAN_POINT('',(1.136102992831E1,5.000000000018E-2,
-6.135044829671E0));
#10233=DIRECTION('',(9.492130267596E-1,0.E0,-3.146341205748E-1));
#10234=DIRECTION('',(3.146341205748E-1,0.E0,9.492130267596E-1));
#10235=AXIS2_PLACEMENT_3D('',#10232,#10233,#10234);
#10236=PLANE('',#10235);
#10237=ORIENTED_EDGE('',*,*,#7846,.F.);
#10239=ORIENTED_EDGE('',*,*,#10238,.T.);
#10240=ORIENTED_EDGE('',*,*,#9838,.F.);
#10241=ORIENTED_EDGE('',*,*,#10225,.F.);
#10242=EDGE_LOOP('',(#10237,#10239,#10240,#10241));
#10243=FACE_OUTER_BOUND('',#10242,.F.);
#10245=CARTESIAN_POINT('',(1.135660192486E1,5.000000000018E-2,
-6.188811193516E0));
#10246=DIRECTION('',(9.966258670893E-1,0.E0,-8.207850539909E-2));
#10247=DIRECTION('',(8.207850539909E-2,0.E0,9.966258670893E-1));
#10248=AXIS2_PLACEMENT_3D('',#10245,#10246,#10247);
#10249=PLANE('',#10248);
#10250=ORIENTED_EDGE('',*,*,#7844,.F.);
#10252=ORIENTED_EDGE('',*,*,#10251,.T.);
#10253=ORIENTED_EDGE('',*,*,#9840,.F.);
#10254=ORIENTED_EDGE('',*,*,#10238,.F.);
#10255=EDGE_LOOP('',(#10250,#10252,#10253,#10254));
#10256=FACE_OUTER_BOUND('',#10255,.F.);
#10258=CARTESIAN_POINT('',(1.135961958544E1,5.000000000018E-2,
-6.234927038647E0));
#10259=DIRECTION('',(9.978658818776E-1,0.E0,6.529687423281E-2));
#10260=DIRECTION('',(-6.529687423281E-2,0.E0,9.978658818776E-1));
#10261=AXIS2_PLACEMENT_3D('',#10258,#10259,#10260);
#10262=PLANE('',#10261);
#10263=ORIENTED_EDGE('',*,*,#7842,.F.);
#10265=ORIENTED_EDGE('',*,*,#10264,.T.);
#10266=ORIENTED_EDGE('',*,*,#9842,.T.);
#10267=ORIENTED_EDGE('',*,*,#10251,.F.);
#10268=EDGE_LOOP('',(#10263,#10265,#10266,#10267));
#10269=FACE_OUTER_BOUND('',#10268,.F.);
#10271=CARTESIAN_POINT('',(1.136864893103E1,5.000000000018E-2,
-6.272403549452E0));
#10272=DIRECTION('',(9.721809862024E-1,0.E0,2.342309331973E-1));
#10273=DIRECTION('',(-2.342309331973E-1,0.E0,9.721809862024E-1));
#10274=AXIS2_PLACEMENT_3D('',#10271,#10272,#10273);
#10275=PLANE('',#10274);
#10276=ORIENTED_EDGE('',*,*,#7840,.F.);
#10278=ORIENTED_EDGE('',*,*,#10277,.T.);
#10279=ORIENTED_EDGE('',*,*,#9844,.F.);
#10280=ORIENTED_EDGE('',*,*,#10264,.F.);
#10281=EDGE_LOOP('',(#10276,#10278,#10279,#10280));
#10282=FACE_OUTER_BOUND('',#10281,.F.);
#10284=CARTESIAN_POINT('',(1.138365056578E1,5.000000000018E-2,
-6.301240725930E0));
#10285=DIRECTION('',(8.871374197506E-1,0.E0,4.615053612670E-1));
#10286=DIRECTION('',(-4.615053612670E-1,0.E0,8.871374197506E-1));
#10287=AXIS2_PLACEMENT_3D('',#10284,#10285,#10286);
#10288=PLANE('',#10287);
#10289=ORIENTED_EDGE('',*,*,#7838,.F.);
#10291=ORIENTED_EDGE('',*,*,#10290,.T.);
#10292=ORIENTED_EDGE('',*,*,#9846,.F.);
#10293=ORIENTED_EDGE('',*,*,#10277,.F.);
#10294=EDGE_LOOP('',(#10289,#10291,#10292,#10293));
#10295=FACE_OUTER_BOUND('',#10294,.F.);
#10297=CARTESIAN_POINT('',(1.140302111208E1,5.000000000018E-2,
-6.322167376520E0));
#10298=DIRECTION('',(7.338652456754E-1,0.E0,6.792950766713E-1));
#10299=DIRECTION('',(-6.792950766713E-1,0.E0,7.338652456754E-1));
#10300=AXIS2_PLACEMENT_3D('',#10297,#10298,#10299);
#10301=PLANE('',#10300);
#10302=ORIENTED_EDGE('',*,*,#7836,.F.);
#10304=ORIENTED_EDGE('',*,*,#10303,.T.);
#10305=ORIENTED_EDGE('',*,*,#9848,.F.);
#10306=ORIENTED_EDGE('',*,*,#10290,.F.);
#10307=EDGE_LOOP('',(#10302,#10304,#10305,#10306));
#10308=FACE_OUTER_BOUND('',#10307,.F.);
#10310=CARTESIAN_POINT('',(1.142483021136E1,5.000000000018E-2,
-6.335884732738E0));
#10311=DIRECTION('',(5.324157793445E-1,0.E0,8.464829814621E-1));
#10312=DIRECTION('',(-8.464829814621E-1,0.E0,5.324157793445E-1));
#10313=AXIS2_PLACEMENT_3D('',#10310,#10311,#10312);
#10314=PLANE('',#10313);
#10315=ORIENTED_EDGE('',*,*,#7834,.F.);
#10317=ORIENTED_EDGE('',*,*,#10316,.T.);
#10318=ORIENTED_EDGE('',*,*,#9850,.F.);
#10319=ORIENTED_EDGE('',*,*,#10303,.F.);
#10320=EDGE_LOOP('',(#10315,#10317,#10318,#10319));
#10321=FACE_OUTER_BOUND('',#10320,.F.);
#10323=CARTESIAN_POINT('',(1.144908968321E1,5.000000000018E-2,
-6.342357339505E0));
#10324=DIRECTION('',(2.577896033555E-1,0.E0,9.662010765890E-1));
#10325=DIRECTION('',(-9.662010765890E-1,0.E0,2.577896033555E-1));
#10326=AXIS2_PLACEMENT_3D('',#10323,#10324,#10325);
#10327=PLANE('',#10326);
#10328=ORIENTED_EDGE('',*,*,#7832,.F.);
#10330=ORIENTED_EDGE('',*,*,#10329,.T.);
#10331=ORIENTED_EDGE('',*,*,#9852,.F.);
#10332=ORIENTED_EDGE('',*,*,#10316,.F.);
#10333=EDGE_LOOP('',(#10328,#10330,#10331,#10332));
#10334=FACE_OUTER_BOUND('',#10333,.F.);
#10336=CARTESIAN_POINT('',(1.147013845805E1,5.000000000018E-2,
-6.341620651899E0));
#10337=DIRECTION('',(-3.497765678761E-2,0.E0,9.993880945487E-1));
#10338=DIRECTION('',(-9.993880945487E-1,0.E0,-3.497765678761E-2));
#10339=AXIS2_PLACEMENT_3D('',#10336,#10337,#10338);
#10340=PLANE('',#10339);
#10341=ORIENTED_EDGE('',*,*,#7830,.F.);
#10343=ORIENTED_EDGE('',*,*,#10342,.T.);
#10344=ORIENTED_EDGE('',*,*,#9854,.T.);
#10345=ORIENTED_EDGE('',*,*,#10329,.F.);
#10346=EDGE_LOOP('',(#10341,#10343,#10344,#10345));
#10347=FACE_OUTER_BOUND('',#10346,.F.);
#10349=CARTESIAN_POINT('',(1.148893777591E1,5.000000000018E-2,
-6.334470450449E0));
#10350=DIRECTION('',(-3.554984292093E-1,0.E0,9.346768783006E-1));
#10351=DIRECTION('',(-9.346768783006E-1,0.E0,-3.554984292093E-1));
#10352=AXIS2_PLACEMENT_3D('',#10349,#10350,#10351);
#10353=PLANE('',#10352);
#10354=ORIENTED_EDGE('',*,*,#7828,.F.);
#10356=ORIENTED_EDGE('',*,*,#10355,.T.);
#10357=ORIENTED_EDGE('',*,*,#9856,.F.);
#10358=ORIENTED_EDGE('',*,*,#10342,.F.);
#10359=EDGE_LOOP('',(#10354,#10356,#10357,#10358));
#10360=FACE_OUTER_BOUND('',#10359,.F.);
#10362=CARTESIAN_POINT('',(1.150545218071E1,5.000000000018E-2,
-6.320890976816E0));
#10363=DIRECTION('',(-6.351322731020E-1,0.E0,7.724033892107E-1));
#10364=DIRECTION('',(-7.724033892107E-1,0.E0,-6.351322731020E-1));
#10365=AXIS2_PLACEMENT_3D('',#10362,#10363,#10364);
#10366=PLANE('',#10365);
#10367=ORIENTED_EDGE('',*,*,#7826,.F.);
#10369=ORIENTED_EDGE('',*,*,#10368,.T.);
#10370=ORIENTED_EDGE('',*,*,#9858,.F.);
#10371=ORIENTED_EDGE('',*,*,#10355,.F.);
#10372=EDGE_LOOP('',(#10367,#10369,#10370,#10371));
#10373=FACE_OUTER_BOUND('',#10372,.F.);
#10375=CARTESIAN_POINT('',(1.151898831976E1,5.000000000018E-2,
-6.301934078951E0));
#10376=DIRECTION('',(-8.138248794097E-1,0.E0,5.811102009548E-1));
#10377=DIRECTION('',(-5.811102009548E-1,0.E0,-8.138248794097E-1));
#10378=AXIS2_PLACEMENT_3D('',#10375,#10376,#10377);
#10379=PLANE('',#10378);
#10380=ORIENTED_EDGE('',*,*,#7824,.F.);
#10382=ORIENTED_EDGE('',*,*,#10381,.T.);
#10383=ORIENTED_EDGE('',*,*,#9860,.F.);
#10384=ORIENTED_EDGE('',*,*,#10368,.F.);
#10385=EDGE_LOOP('',(#10380,#10382,#10383,#10384));
#10386=FACE_OUTER_BOUND('',#10385,.F.);
#10388=CARTESIAN_POINT('',(1.153721640952E1,5.000000000018E-2,
-6.268412830923E0));
#10389=DIRECTION('',(-8.785143086216E-1,0.E0,4.777160344254E-1));
#10390=DIRECTION('',(-4.777160344254E-1,0.E0,-8.785143086216E-1));
#10391=AXIS2_PLACEMENT_3D('',#10388,#10389,#10390);
#10392=PLANE('',#10391);
#10393=ORIENTED_EDGE('',*,*,#7822,.F.);
#10395=ORIENTED_EDGE('',*,*,#10394,.T.);
#10396=ORIENTED_EDGE('',*,*,#9862,.F.);
#10397=ORIENTED_EDGE('',*,*,#10381,.F.);
#10398=EDGE_LOOP('',(#10393,#10395,#10396,#10397));
#10399=FACE_OUTER_BOUND('',#10398,.F.);
#10401=CARTESIAN_POINT('',(1.158392711992E1,5.000000000018E-2,
-6.170134000240E0));
#10402=DIRECTION('',(-9.032164041234E-1,0.E0,4.291854230079E-1));
#10403=DIRECTION('',(-4.291854230079E-1,0.E0,-9.032164041234E-1));
#10404=AXIS2_PLACEMENT_3D('',#10401,#10402,#10403);
#10405=PLANE('',#10404);
#10406=ORIENTED_EDGE('',*,*,#9864,.F.);
#10407=ORIENTED_EDGE('',*,*,#10394,.F.);
#10408=ORIENTED_EDGE('',*,*,#7820,.F.);
#10410=ORIENTED_EDGE('',*,*,#10409,.T.);
#10411=EDGE_LOOP('',(#10406,#10407,#10408,#10410));
#10412=FACE_OUTER_BOUND('',#10411,.F.);
#10414=CARTESIAN_POINT('',(1.160496013710E1,5.000000000018E-2,
-6.130077113780E0));
#10415=DIRECTION('',(-8.853692303401E-1,0.E0,4.648885091794E-1));
#10416=DIRECTION('',(-4.648885091794E-1,0.E0,-8.853692303401E-1));
#10417=AXIS2_PLACEMENT_3D('',#10414,#10415,#10416);
#10418=PLANE('',#10417);
#10419=ORIENTED_EDGE('',*,*,#7818,.F.);
#10421=ORIENTED_EDGE('',*,*,#10420,.T.);
#10422=ORIENTED_EDGE('',*,*,#9866,.F.);
#10423=ORIENTED_EDGE('',*,*,#10409,.F.);
#10424=EDGE_LOOP('',(#10419,#10421,#10422,#10423));
#10425=FACE_OUTER_BOUND('',#10424,.F.);
#10427=CARTESIAN_POINT('',(1.162323156111E1,5.000000000018E-2,
-6.100172331687E0));
#10428=DIRECTION('',(-8.533290684066E-1,0.E0,5.213727083501E-1));
#10429=DIRECTION('',(-5.213727083501E-1,0.E0,-8.533290684066E-1));
#10430=AXIS2_PLACEMENT_3D('',#10427,#10428,#10429);
#10431=PLANE('',#10430);
#10432=ORIENTED_EDGE('',*,*,#7816,.F.);
#10434=ORIENTED_EDGE('',*,*,#10433,.T.);
#10435=ORIENTED_EDGE('',*,*,#9868,.F.);
#10436=ORIENTED_EDGE('',*,*,#10420,.F.);
#10437=EDGE_LOOP('',(#10432,#10434,#10435,#10436));
#10438=FACE_OUTER_BOUND('',#10437,.F.);
#10440=CARTESIAN_POINT('',(1.164179450863E1,5.000000000018E-2,
-6.077413811297E0));
#10441=DIRECTION('',(-7.749186183444E-1,0.E0,6.320610215345E-1));
#10442=DIRECTION('',(-6.320610215345E-1,0.E0,-7.749186183444E-1));
#10443=AXIS2_PLACEMENT_3D('',#10440,#10441,#10442);
#10444=PLANE('',#10443);
#10445=ORIENTED_EDGE('',*,*,#7814,.F.);
#10447=ORIENTED_EDGE('',*,*,#10446,.T.);
#10448=ORIENTED_EDGE('',*,*,#9870,.F.);
#10449=ORIENTED_EDGE('',*,*,#10433,.F.);
#10450=EDGE_LOOP('',(#10445,#10447,#10448,#10449));
#10451=FACE_OUTER_BOUND('',#10450,.F.);
#10453=CARTESIAN_POINT('',(1.166365088191E1,5.000000000018E-2,
-6.058772073773E0));
#10454=DIRECTION('',(-6.489372718113E-1,0.E0,7.608419134446E-1));
#10455=DIRECTION('',(-7.608419134446E-1,0.E0,-6.489372718113E-1));
#10456=AXIS2_PLACEMENT_3D('',#10453,#10454,#10455);
#10457=PLANE('',#10456);
#10458=ORIENTED_EDGE('',*,*,#7812,.F.);
#10460=ORIENTED_EDGE('',*,*,#10459,.T.);
#10461=ORIENTED_EDGE('',*,*,#9872,.F.);
#10462=ORIENTED_EDGE('',*,*,#10446,.F.);
#10463=EDGE_LOOP('',(#10458,#10460,#10461,#10462));
#10464=FACE_OUTER_BOUND('',#10463,.F.);
#10466=CARTESIAN_POINT('',(1.168884007679E1,5.000000000018E-2,
-6.044306211365E0));
#10467=DIRECTION('',(-4.980073004083E-1,0.E0,8.671728367171E-1));
#10468=DIRECTION('',(-8.671728367171E-1,0.E0,-4.980073004083E-1));
#10469=AXIS2_PLACEMENT_3D('',#10466,#10467,#10468);
#10470=PLANE('',#10469);
#10471=ORIENTED_EDGE('',*,*,#7810,.F.);
#10473=ORIENTED_EDGE('',*,*,#10472,.T.);
#10474=ORIENTED_EDGE('',*,*,#9874,.F.);
#10475=ORIENTED_EDGE('',*,*,#10459,.F.);
#10476=EDGE_LOOP('',(#10471,#10473,#10474,#10475));
#10477=FACE_OUTER_BOUND('',#10476,.F.);
#10479=CARTESIAN_POINT('',(1.171735421376E1,5.000000000018E-2,
-6.034685940260E0));
#10480=DIRECTION('',(-3.196816849526E-1,0.E0,9.475249971931E-1));
#10481=DIRECTION('',(-9.475249971931E-1,0.E0,-3.196816849526E-1));
#10482=AXIS2_PLACEMENT_3D('',#10479,#10480,#10481);
#10483=PLANE('',#10482);
#10484=ORIENTED_EDGE('',*,*,#7808,.F.);
#10486=ORIENTED_EDGE('',*,*,#10485,.T.);
#10487=ORIENTED_EDGE('',*,*,#9876,.F.);
#10488=ORIENTED_EDGE('',*,*,#10472,.F.);
#10489=EDGE_LOOP('',(#10484,#10486,#10487,#10488));
#10490=FACE_OUTER_BOUND('',#10489,.F.);
#10492=CARTESIAN_POINT('',(1.174885449565E1,5.000000000018E-2,
-6.030517943976E0));
#10493=DIRECTION('',(-1.311728816338E-1,0.E0,9.913595085154E-1));
#10494=DIRECTION('',(-9.913595085154E-1,0.E0,-1.311728816338E-1));
#10495=AXIS2_PLACEMENT_3D('',#10492,#10493,#10494);
#10496=PLANE('',#10495);
#10497=ORIENTED_EDGE('',*,*,#7806,.F.);
#10499=ORIENTED_EDGE('',*,*,#10498,.T.);
#10500=ORIENTED_EDGE('',*,*,#9878,.F.);
#10501=ORIENTED_EDGE('',*,*,#10485,.F.);
#10502=EDGE_LOOP('',(#10497,#10499,#10500,#10501));
#10503=FACE_OUTER_BOUND('',#10502,.F.);
#10505=CARTESIAN_POINT('',(1.178341971245E1,5.000000000018E-2,
-6.031806162265E0));
#10506=DIRECTION('',(3.724335254499E-2,0.E0,9.993062256842E-1));
#10507=DIRECTION('',(-9.993062256842E-1,0.E0,3.724335254499E-2));
#10508=AXIS2_PLACEMENT_3D('',#10505,#10506,#10507);
#10509=PLANE('',#10508);
#10510=ORIENTED_EDGE('',*,*,#7804,.F.);
#10512=ORIENTED_EDGE('',*,*,#10511,.T.);
#10513=ORIENTED_EDGE('',*,*,#9880,.T.);
#10514=ORIENTED_EDGE('',*,*,#10498,.F.);
#10515=EDGE_LOOP('',(#10510,#10512,#10513,#10514));
#10516=FACE_OUTER_BOUND('',#10515,.F.);
#10518=CARTESIAN_POINT('',(1.184294563263E1,5.000000000018E-2,
-6.046047472581E0));
#10519=DIRECTION('',(2.326790933618E-1,0.E0,9.725535663974E-1));
#10520=DIRECTION('',(-9.725535663974E-1,0.E0,2.326790933618E-1));
#10521=AXIS2_PLACEMENT_3D('',#10518,#10519,#10520);
#10522=PLANE('',#10521);
#10523=ORIENTED_EDGE('',*,*,#7802,.F.);
#10525=ORIENTED_EDGE('',*,*,#10524,.T.);
#10526=ORIENTED_EDGE('',*,*,#9882,.F.);
#10527=ORIENTED_EDGE('',*,*,#10511,.F.);
#10528=EDGE_LOOP('',(#10523,#10525,#10526,#10527));
#10529=FACE_OUTER_BOUND('',#10528,.F.);
#10531=CARTESIAN_POINT('',(1.189525831902E1,5.000000000018E-2,
-6.074734947887E0));
#10532=DIRECTION('',(4.808309759158E-1,0.E0,8.768133054418E-1));
#10533=DIRECTION('',(-8.768133054418E-1,0.E0,4.808309759158E-1));
#10534=AXIS2_PLACEMENT_3D('',#10531,#10532,#10533);
#10535=PLANE('',#10534);
#10536=ORIENTED_EDGE('',*,*,#7800,.F.);
#10538=ORIENTED_EDGE('',*,*,#10537,.T.);
#10539=ORIENTED_EDGE('',*,*,#9884,.F.);
#10540=ORIENTED_EDGE('',*,*,#10524,.F.);
#10541=EDGE_LOOP('',(#10536,#10538,#10539,#10540));
#10542=FACE_OUTER_BOUND('',#10541,.F.);
#10544=CARTESIAN_POINT('',(1.194047201771E1,5.000000000018E-2,
-6.117868587853E0));
#10545=DIRECTION('',(6.902672976277E-1,0.E0,7.235544608568E-1));
#10546=DIRECTION('',(-7.235544608568E-1,0.E0,6.902672976277E-1));
#10547=AXIS2_PLACEMENT_3D('',#10544,#10545,#10546);
#10548=PLANE('',#10547);
#10549=ORIENTED_EDGE('',*,*,#7798,.F.);
#10551=ORIENTED_EDGE('',*,*,#10550,.T.);
#10552=ORIENTED_EDGE('',*,*,#9886,.F.);
#10553=ORIENTED_EDGE('',*,*,#10537,.F.);
#10554=EDGE_LOOP('',(#10549,#10551,#10552,#10553));
#10555=FACE_OUTER_BOUND('',#10554,.F.);
#10557=CARTESIAN_POINT('',(1.197508450851E1,5.000000000018E-2,
-6.174246843689E0));
#10558=DIRECTION('',(8.522098890859E-1,0.E0,5.232000620644E-1));
#10559=DIRECTION('',(-5.232000620644E-1,0.E0,8.522098890859E-1));
#10560=AXIS2_PLACEMENT_3D('',#10557,#10558,#10559);
#10561=PLANE('',#10560);
#10562=ORIENTED_EDGE('',*,*,#7796,.F.);
#10564=ORIENTED_EDGE('',*,*,#10563,.T.);
#10565=ORIENTED_EDGE('',*,*,#9888,.F.);
#10566=ORIENTED_EDGE('',*,*,#10550,.F.);
#10567=EDGE_LOOP('',(#10562,#10564,#10565,#10566));
#10568=FACE_OUTER_BOUND('',#10567,.F.);
#10570=CARTESIAN_POINT('',(1.199585357876E1,5.000000000018E-2,
-6.242691803115E0));
#10571=DIRECTION('',(9.569150153104E-1,0.E0,2.903681343976E-1));
#10572=DIRECTION('',(-2.903681343976E-1,0.E0,9.569150153104E-1));
#10573=AXIS2_PLACEMENT_3D('',#10570,#10571,#10572);
#10574=PLANE('',#10573);
#10575=ORIENTED_EDGE('',*,*,#7794,.F.);
#10577=ORIENTED_EDGE('',*,*,#10576,.T.);
#10578=ORIENTED_EDGE('',*,*,#9890,.F.);
#10579=ORIENTED_EDGE('',*,*,#10563,.F.);
#10580=EDGE_LOOP('',(#10575,#10577,#10578,#10579));
#10581=FACE_OUTER_BOUND('',#10580,.F.);
#10583=CARTESIAN_POINT('',(1.200277528871E1,5.000000000018E-2,
-6.323203466131E0));
#10584=DIRECTION('',(9.963248092655E-1,0.E0,8.565555698356E-2));
#10585=DIRECTION('',(-8.565555698356E-2,0.E0,9.963248092655E-1));
#10586=AXIS2_PLACEMENT_3D('',#10583,#10584,#10585);
#10587=PLANE('',#10586);
#10588=ORIENTED_EDGE('',*,*,#7792,.F.);
#10590=ORIENTED_EDGE('',*,*,#10589,.T.);
#10591=ORIENTED_EDGE('',*,*,#9892,.F.);
#10592=ORIENTED_EDGE('',*,*,#10576,.F.);
#10593=EDGE_LOOP('',(#10588,#10590,#10591,#10592));
#10594=FACE_OUTER_BOUND('',#10593,.F.);
#10596=CARTESIAN_POINT('',(1.199590873160E1,5.000000000018E-2,
-6.403750584898E0));
#10597=DIRECTION('',(9.963859948471E-1,0.E0,-8.494085749797E-2));
#10598=DIRECTION('',(8.494085749797E-2,0.E0,9.963859948471E-1));
#10599=AXIS2_PLACEMENT_3D('',#10596,#10597,#10598);
#10600=PLANE('',#10599);
#10601=ORIENTED_EDGE('',*,*,#7790,.F.);
#10603=ORIENTED_EDGE('',*,*,#10602,.T.);
#10604=ORIENTED_EDGE('',*,*,#9894,.F.);
#10605=ORIENTED_EDGE('',*,*,#10589,.F.);
#10606=EDGE_LOOP('',(#10601,#10603,#10604,#10605));
#10607=FACE_OUTER_BOUND('',#10606,.F.);
#10609=CARTESIAN_POINT('',(1.197531693910E1,5.000000000018E-2,
-6.469516680915E0));
#10610=DIRECTION('',(9.543150502579E-1,0.E0,-2.988022504120E-1));
#10611=DIRECTION('',(2.988022504120E-1,0.E0,9.543150502579E-1));
#10612=AXIS2_PLACEMENT_3D('',#10609,#10610,#10611);
#10613=PLANE('',#10612);
#10614=ORIENTED_EDGE('',*,*,#7788,.F.);
#10616=ORIENTED_EDGE('',*,*,#10615,.T.);
#10617=ORIENTED_EDGE('',*,*,#9896,.F.);
#10618=ORIENTED_EDGE('',*,*,#10602,.F.);
#10619=EDGE_LOOP('',(#10614,#10616,#10617,#10618));
#10620=FACE_OUTER_BOUND('',#10619,.F.);
#10622=CARTESIAN_POINT('',(1.194099991122E1,5.000000000018E-2,
-6.520505693934E0));
#10623=DIRECTION('',(8.296065898928E-1,0.E0,-5.583483733355E-1));
#10624=DIRECTION('',(5.583483733355E-1,0.E0,8.296065898928E-1));
#10625=AXIS2_PLACEMENT_3D('',#10622,#10623,#10624);
#10626=PLANE('',#10625);
#10627=ORIENTED_EDGE('',*,*,#7786,.F.);
#10629=ORIENTED_EDGE('',*,*,#10628,.T.);
#10630=ORIENTED_EDGE('',*,*,#9898,.F.);
#10631=ORIENTED_EDGE('',*,*,#10615,.F.);
#10632=EDGE_LOOP('',(#10627,#10629,#10630,#10631));
#10633=FACE_OUTER_BOUND('',#10632,.F.);
#10635=CARTESIAN_POINT('',(1.189514801301E1,5.000000000018E-2,
-6.556347310110E0));
#10636=DIRECTION('',(6.158555096783E-1,0.E0,-7.878591188778E-1));
#10637=DIRECTION('',(7.878591188778E-1,0.E0,6.158555096783E-1));
#10638=AXIS2_PLACEMENT_3D('',#10635,#10636,#10637);
#10639=PLANE('',#10638);
#10640=ORIENTED_EDGE('',*,*,#7784,.F.);
#10642=ORIENTED_EDGE('',*,*,#10641,.T.);
#10643=ORIENTED_EDGE('',*,*,#9900,.F.);
#10644=ORIENTED_EDGE('',*,*,#10628,.F.);
#10645=EDGE_LOOP('',(#10640,#10642,#10643,#10644));
#10646=FACE_OUTER_BOUND('',#10645,.F.);
#10648=CARTESIAN_POINT('',(1.184026676922E1,5.000000000018E-2,
-6.576753946016E0));
#10649=DIRECTION('',(3.485192984654E-1,0.E0,-9.373016049262E-1));
#10650=DIRECTION('',(9.373016049262E-1,0.E0,3.485192984654E-1));
#10651=AXIS2_PLACEMENT_3D('',#10648,#10649,#10650);
#10652=PLANE('',#10651);
#10653=ORIENTED_EDGE('',*,*,#7782,.F.);
#10654=ORIENTED_EDGE('',*,*,#9492,.T.);
#10655=ORIENTED_EDGE('',*,*,#9902,.F.);
#10656=ORIENTED_EDGE('',*,*,#10641,.F.);
#10657=EDGE_LOOP('',(#10653,#10654,#10655,#10656));
#10658=FACE_OUTER_BOUND('',#10657,.F.);
#10660=CARTESIAN_POINT('',(1.199810697549E1,5.000000000018E-2,
-7.098860479962E0));
#10661=DIRECTION('',(9.762128037691E-1,0.E0,2.168145792081E-1));
#10662=DIRECTION('',(-2.168145792081E-1,0.E0,9.762128037691E-1));
#10663=AXIS2_PLACEMENT_3D('',#10660,#10661,#10662);
#10664=PLANE('',#10663);
#10665=ORIENTED_EDGE('',*,*,#7938,.F.);
#10667=ORIENTED_EDGE('',*,*,#10666,.T.);
#10669=ORIENTED_EDGE('',*,*,#10668,.F.);
#10671=ORIENTED_EDGE('',*,*,#10670,.F.);
#10672=EDGE_LOOP('',(#10665,#10667,#10669,#10671));
#10673=FACE_OUTER_BOUND('',#10672,.F.);
#10675=CARTESIAN_POINT('',(1.200277528871E1,5.000000000018E-2,
-7.166103890271E0));
#10676=DIRECTION('',(9.975988234436E-1,0.E0,6.925740006667E-2));
#10677=DIRECTION('',(-6.925740006667E-2,0.E0,9.975988234436E-1));
#10678=AXIS2_PLACEMENT_3D('',#10675,#10676,#10677);
#10679=PLANE('',#10678);
#10680=ORIENTED_EDGE('',*,*,#8008,.F.);
#10682=ORIENTED_EDGE('',*,*,#10681,.T.);
#10684=ORIENTED_EDGE('',*,*,#10683,.F.);
#10685=ORIENTED_EDGE('',*,*,#10666,.F.);
#10686=EDGE_LOOP('',(#10680,#10682,#10684,#10685));
#10687=FACE_OUTER_BOUND('',#10686,.F.);
#10689=CARTESIAN_POINT('',(1.199317471536E1,5.000000000018E-2,
-7.251756607515E0));
#10690=DIRECTION('',(9.937768076495E-1,0.E0,-1.113896610008E-1));
#10691=DIRECTION('',(1.113896610008E-1,0.E0,9.937768076495E-1));
#10692=AXIS2_PLACEMENT_3D('',#10689,#10690,#10691);
#10693=PLANE('',#10692);
#10694=ORIENTED_EDGE('',*,*,#8006,.F.);
#10696=ORIENTED_EDGE('',*,*,#10695,.T.);
#10698=ORIENTED_EDGE('',*,*,#10697,.F.);
#10699=ORIENTED_EDGE('',*,*,#10681,.F.);
#10700=EDGE_LOOP('',(#10694,#10696,#10698,#10699));
#10701=FACE_OUTER_BOUND('',#10700,.F.);
#10703=CARTESIAN_POINT('',(1.196437693371E1,5.000000000018E-2,
-7.323412263281E0));
#10704=DIRECTION('',(9.278703404330E-1,0.E0,-3.729029784605E-1));
#10705=DIRECTION('',(3.729029784605E-1,0.E0,9.278703404330E-1));
#10706=AXIS2_PLACEMENT_3D('',#10703,#10704,#10705);
#10707=PLANE('',#10706);
#10708=ORIENTED_EDGE('',*,*,#8004,.F.);
#10710=ORIENTED_EDGE('',*,*,#10709,.T.);
#10712=ORIENTED_EDGE('',*,*,#10711,.F.);
#10713=ORIENTED_EDGE('',*,*,#10695,.F.);
#10714=EDGE_LOOP('',(#10708,#10710,#10712,#10713));
#10715=FACE_OUTER_BOUND('',#10714,.F.);
#10717=CARTESIAN_POINT('',(1.191638588419E1,5.000000000018E-2,
-7.381070858237E0));
#10718=DIRECTION('',(7.685999384620E-1,0.E0,-6.397297355885E-1));
#10719=DIRECTION('',(6.397297355885E-1,0.E0,7.685999384620E-1));
#10720=AXIS2_PLACEMENT_3D('',#10717,#10718,#10719);
#10721=PLANE('',#10720);
#10722=ORIENTED_EDGE('',*,*,#8002,.F.);
#10724=ORIENTED_EDGE('',*,*,#10723,.T.);
#10726=ORIENTED_EDGE('',*,*,#10725,.F.);
#10727=ORIENTED_EDGE('',*,*,#10709,.F.);
#10728=EDGE_LOOP('',(#10722,#10724,#10726,#10727));
#10729=FACE_OUTER_BOUND('',#10728,.F.);
#10731=CARTESIAN_POINT('',(1.185253832715E1,5.000000000018E-2,
-7.421612303963E0));
#10732=DIRECTION('',(5.360393675165E-1,0.E0,-8.441929853253E-1));
#10733=DIRECTION('',(8.441929853253E-1,0.E0,5.360393675165E-1));
#10734=AXIS2_PLACEMENT_3D('',#10731,#10732,#10733);
#10735=PLANE('',#10734);
#10736=ORIENTED_EDGE('',*,*,#8000,.F.);
#10738=ORIENTED_EDGE('',*,*,#10737,.T.);
#10740=ORIENTED_EDGE('',*,*,#10739,.F.);
#10741=ORIENTED_EDGE('',*,*,#10723,.F.);
#10742=EDGE_LOOP('',(#10736,#10738,#10740,#10741));
#10743=FACE_OUTER_BOUND('',#10742,.F.);
#10745=CARTESIAN_POINT('',(1.177619859983E1,5.000000000018E-2,
-7.441644686608E0));
#10746=DIRECTION('',(2.538175732873E-1,0.E0,-9.672521075141E-1));
#10747=DIRECTION('',(9.672521075141E-1,0.E0,2.538175732873E-1));
#10748=AXIS2_PLACEMENT_3D('',#10745,#10746,#10747);
#10749=PLANE('',#10748);
#10750=ORIENTED_EDGE('',*,*,#7998,.F.);
#10752=ORIENTED_EDGE('',*,*,#10751,.T.);
#10754=ORIENTED_EDGE('',*,*,#10753,.F.);
#10755=ORIENTED_EDGE('',*,*,#10737,.F.);
#10756=EDGE_LOOP('',(#10750,#10752,#10754,#10755));
#10757=FACE_OUTER_BOUND('',#10756,.F.);
#10759=CARTESIAN_POINT('',(1.168744549225E1,5.000000000018E-2,
-7.441262554849E0));
#10760=DIRECTION('',(-4.305519301242E-3,0.E0,-9.999907312088E-1));
#10761=DIRECTION('',(9.999907312088E-1,0.E0,-4.305519301242E-3));
#10762=AXIS2_PLACEMENT_3D('',#10759,#10760,#10761);
#10763=PLANE('',#10762);
#10764=ORIENTED_EDGE('',*,*,#7996,.F.);
#10766=ORIENTED_EDGE('',*,*,#10765,.T.);
#10768=ORIENTED_EDGE('',*,*,#10767,.T.);
#10769=ORIENTED_EDGE('',*,*,#10751,.F.);
#10770=EDGE_LOOP('',(#10764,#10766,#10768,#10769));
#10771=FACE_OUTER_BOUND('',#10770,.F.);
#10773=CARTESIAN_POINT('',(1.160914783080E1,5.000000000018E-2,
-7.426375165512E0));
#10774=DIRECTION('',(-1.867918378293E-1,0.E0,-9.823995161442E-1));
#10775=DIRECTION('',(9.823995161442E-1,0.E0,-1.867918378293E-1));
#10776=AXIS2_PLACEMENT_3D('',#10773,#10774,#10775);
#10777=PLANE('',#10776);
#10778=ORIENTED_EDGE('',*,*,#7994,.F.);
#10780=ORIENTED_EDGE('',*,*,#10779,.T.);
#10782=ORIENTED_EDGE('',*,*,#10781,.F.);
#10783=ORIENTED_EDGE('',*,*,#10765,.F.);
#10784=EDGE_LOOP('',(#10778,#10780,#10782,#10783));
#10785=FACE_OUTER_BOUND('',#10784,.F.);
#10787=CARTESIAN_POINT('',(1.153262688598E1,5.000000000018E-2,
-7.399318645418E0));
#10788=DIRECTION('',(-3.333583099832E-1,0.E0,-9.428002106306E-1));
#10789=DIRECTION('',(9.428002106306E-1,0.E0,-3.333583099832E-1));
#10790=AXIS2_PLACEMENT_3D('',#10787,#10788,#10789);
#10791=PLANE('',#10790);
#10792=ORIENTED_EDGE('',*,*,#7992,.F.);
#10794=ORIENTED_EDGE('',*,*,#10793,.T.);
#10796=ORIENTED_EDGE('',*,*,#10795,.F.);
#10797=ORIENTED_EDGE('',*,*,#10779,.F.);
#10798=EDGE_LOOP('',(#10792,#10794,#10796,#10797));
#10799=FACE_OUTER_BOUND('',#10798,.F.);
#10801=CARTESIAN_POINT('',(1.145780386812E1,5.000000000018E-2,
-7.360037841061E0));
#10802=DIRECTION('',(-4.648220248926E-1,0.E0,-8.854041366375E-1));
#10803=DIRECTION('',(8.854041366375E-1,0.E0,-4.648220248926E-1));
#10804=AXIS2_PLACEMENT_3D('',#10801,#10802,#10803);
#10805=PLANE('',#10804);
#10806=ORIENTED_EDGE('',*,*,#7990,.F.);
#10808=ORIENTED_EDGE('',*,*,#10807,.T.);
#10810=ORIENTED_EDGE('',*,*,#10809,.F.);
#10811=ORIENTED_EDGE('',*,*,#10793,.F.);
#10812=EDGE_LOOP('',(#10806,#10808,#10810,#10811));
#10813=FACE_OUTER_BOUND('',#10812,.F.);
#10815=CARTESIAN_POINT('',(1.138952042845E1,5.000000000018E-2,
-7.310853121595E0));
#10816=DIRECTION('',(-5.844662668167E-1,0.E0,-8.114180075358E-1));
#10817=DIRECTION('',(8.114180075358E-1,0.E0,-5.844662668167E-1));
#10818=AXIS2_PLACEMENT_3D('',#10815,#10816,#10817);
#10819=PLANE('',#10818);
#10820=ORIENTED_EDGE('',*,*,#7988,.F.);
#10822=ORIENTED_EDGE('',*,*,#10821,.T.);
#10824=ORIENTED_EDGE('',*,*,#10823,.F.);
#10825=ORIENTED_EDGE('',*,*,#10807,.F.);
#10826=EDGE_LOOP('',(#10820,#10822,#10824,#10825));
#10827=FACE_OUTER_BOUND('',#10826,.F.);
#10829=CARTESIAN_POINT('',(1.133263397652E1,5.000000000018E-2,
-7.254088794247E0));
#10830=DIRECTION('',(-7.063465446939E-1,0.E0,-7.078662011983E-1));
#10831=DIRECTION('',(7.078662011983E-1,0.E0,-7.063465446939E-1));
#10832=AXIS2_PLACEMENT_3D('',#10829,#10830,#10831);
#10833=PLANE('',#10832);
#10834=ORIENTED_EDGE('',*,*,#7986,.F.);
#10836=ORIENTED_EDGE('',*,*,#10835,.T.);
#10838=ORIENTED_EDGE('',*,*,#10837,.F.);
#10839=ORIENTED_EDGE('',*,*,#10821,.F.);
#10840=EDGE_LOOP('',(#10834,#10836,#10838,#10839));
#10841=FACE_OUTER_BOUND('',#10840,.F.);
#10843=CARTESIAN_POINT('',(1.128714845207E1,5.000000000018E-2,
-7.189756677936E0));
#10844=DIRECTION('',(-8.165214178945E-1,0.E0,-5.773151428116E-1));
#10845=DIRECTION('',(5.773151428116E-1,0.E0,-8.165214178945E-1));
#10846=AXIS2_PLACEMENT_3D('',#10843,#10844,#10845);
#10847=PLANE('',#10846);
#10848=ORIENTED_EDGE('',*,*,#7984,.F.);
#10850=ORIENTED_EDGE('',*,*,#10849,.T.);
#10852=ORIENTED_EDGE('',*,*,#10851,.F.);
#10853=ORIENTED_EDGE('',*,*,#10835,.F.);
#10854=EDGE_LOOP('',(#10848,#10850,#10852,#10853));
#10855=FACE_OUTER_BOUND('',#10854,.F.);
#10857=CARTESIAN_POINT('',(1.125387539296E1,5.000000000018E-2,
-7.119440453875E0));
#10858=DIRECTION('',(-9.039099706804E-1,0.E0,-4.277227664090E-1));
#10859=DIRECTION('',(4.277227664090E-1,0.E0,-9.039099706804E-1));
#10860=AXIS2_PLACEMENT_3D('',#10857,#10858,#10859);
#10861=PLANE('',#10860);
#10862=ORIENTED_EDGE('',*,*,#7982,.F.);
#10864=ORIENTED_EDGE('',*,*,#10863,.T.);
#10866=ORIENTED_EDGE('',*,*,#10865,.F.);
#10867=ORIENTED_EDGE('',*,*,#10849,.F.);
#10868=EDGE_LOOP('',(#10862,#10864,#10866,#10867));
#10869=FACE_OUTER_BOUND('',#10868,.F.);
#10871=CARTESIAN_POINT('',(1.123393755832E1,5.000000000018E-2,
-7.045113813532E0));
#10872=DIRECTION('',(-9.658540863289E-1,0.E0,-2.590866340085E-1));
#10873=DIRECTION('',(2.590866340085E-1,0.E0,-9.658540863289E-1));
#10874=AXIS2_PLACEMENT_3D('',#10871,#10872,#10873);
#10875=PLANE('',#10874);
#10876=ORIENTED_EDGE('',*,*,#7980,.F.);
#10878=ORIENTED_EDGE('',*,*,#10877,.T.);
#10880=ORIENTED_EDGE('',*,*,#10879,.F.);
#10881=ORIENTED_EDGE('',*,*,#10863,.F.);
#10882=EDGE_LOOP('',(#10876,#10878,#10880,#10881));
#10883=FACE_OUTER_BOUND('',#10882,.F.);
#10885=CARTESIAN_POINT('',(1.122729555297E1,5.000000000018E-2,
-6.966721604076E0));
#10886=DIRECTION('',(-9.964298044329E-1,0.E0,-8.442538029371E-2));
#10887=DIRECTION('',(8.442538029371E-2,0.E0,-9.964298044329E-1));
#10888=AXIS2_PLACEMENT_3D('',#10885,#10886,#10887);
#10889=PLANE('',#10888);
#10890=ORIENTED_EDGE('',*,*,#7978,.F.);
#10892=ORIENTED_EDGE('',*,*,#10891,.T.);
#10894=ORIENTED_EDGE('',*,*,#10893,.F.);
#10895=ORIENTED_EDGE('',*,*,#10877,.F.);
#10896=EDGE_LOOP('',(#10890,#10892,#10894,#10895));
#10897=FACE_OUTER_BOUND('',#10896,.F.);
#10899=CARTESIAN_POINT('',(1.123258630803E1,5.000000000018E-2,
-6.901227333816E0));
#10900=DIRECTION('',(-9.967530210826E-1,0.E0,8.051965575346E-2));
#10901=DIRECTION('',(-8.051965575346E-2,0.E0,-9.967530210826E-1));
#10902=AXIS2_PLACEMENT_3D('',#10899,#10900,#10901);
#10903=PLANE('',#10902);
#10904=ORIENTED_EDGE('',*,*,#7976,.F.);
#10906=ORIENTED_EDGE('',*,*,#10905,.T.);
#10908=ORIENTED_EDGE('',*,*,#10907,.F.);
#10909=ORIENTED_EDGE('',*,*,#10891,.F.);
#10910=EDGE_LOOP('',(#10904,#10906,#10908,#10909));
#10911=FACE_OUTER_BOUND('',#10910,.F.);
#10913=CARTESIAN_POINT('',(1.124841917873E1,5.000000000018E-2,
-6.844356639881E0));
#10914=DIRECTION('',(-9.633628649596E-1,0.E0,2.682013989839E-1));
#10915=DIRECTION('',(-2.682013989839E-1,0.E0,-9.633628649596E-1));
#10916=AXIS2_PLACEMENT_3D('',#10913,#10914,#10915);
#10917=PLANE('',#10916);
#10918=ORIENTED_EDGE('',*,*,#7974,.F.);
#10920=ORIENTED_EDGE('',*,*,#10919,.T.);
#10922=ORIENTED_EDGE('',*,*,#10921,.F.);
#10923=ORIENTED_EDGE('',*,*,#10905,.F.);
#10924=EDGE_LOOP('',(#10918,#10920,#10922,#10923));
#10925=FACE_OUTER_BOUND('',#10924,.F.);
#10927=CARTESIAN_POINT('',(1.127475870897E1,5.000000000018E-2,
-6.796097704025E0));
#10928=DIRECTION('',(-8.777695761847E-1,0.E0,4.790830524288E-1));
#10929=DIRECTION('',(-4.790830524288E-1,0.E0,-8.777695761847E-1));
#10930=AXIS2_PLACEMENT_3D('',#10927,#10928,#10929);
#10931=PLANE('',#10930);
#10932=ORIENTED_EDGE('',*,*,#7972,.F.);
#10934=ORIENTED_EDGE('',*,*,#10933,.T.);
#10936=ORIENTED_EDGE('',*,*,#10935,.F.);
#10937=ORIENTED_EDGE('',*,*,#10919,.F.);
#10938=EDGE_LOOP('',(#10932,#10934,#10936,#10937));
#10939=FACE_OUTER_BOUND('',#10938,.F.);
#10941=CARTESIAN_POINT('',(1.130902452310E1,5.000000000018E-2,
-6.757214789763E0));
#10942=DIRECTION('',(-7.502458772465E-1,0.E0,6.611589246729E-1));
#10943=DIRECTION('',(-6.611589246729E-1,0.E0,-7.502458772465E-1));
#10944=AXIS2_PLACEMENT_3D('',#10941,#10942,#10943);
#10945=PLANE('',#10944);
#10946=ORIENTED_EDGE('',*,*,#7970,.F.);
#10948=ORIENTED_EDGE('',*,*,#10947,.T.);
#10950=ORIENTED_EDGE('',*,*,#10949,.F.);
#10951=ORIENTED_EDGE('',*,*,#10933,.F.);
#10952=EDGE_LOOP('',(#10946,#10948,#10950,#10951));
#10953=FACE_OUTER_BOUND('',#10952,.F.);
#10955=CARTESIAN_POINT('',(1.134833290371E1,5.000000000018E-2,
-6.728042755526E0));
#10956=DIRECTION('',(-5.959490568019E-1,0.E0,8.030222423426E-1));
#10957=DIRECTION('',(-8.030222423426E-1,0.E0,-5.959490568019E-1));
#10958=AXIS2_PLACEMENT_3D('',#10955,#10956,#10957);
#10959=PLANE('',#10958);
#10960=ORIENTED_EDGE('',*,*,#7968,.F.);
#10962=ORIENTED_EDGE('',*,*,#10961,.T.);
#10964=ORIENTED_EDGE('',*,*,#10963,.F.);
#10965=ORIENTED_EDGE('',*,*,#10947,.F.);
#10966=EDGE_LOOP('',(#10960,#10962,#10964,#10965));
#10967=FACE_OUTER_BOUND('',#10966,.F.);
#10969=CARTESIAN_POINT('',(1.139272718537E1,5.000000000018E-2,
-6.708546145226E0));
#10970=DIRECTION('',(-4.021013785958E-1,0.E0,9.155951514350E-1));
#10971=DIRECTION('',(-9.155951514350E-1,0.E0,-4.021013785958E-1));
#10972=AXIS2_PLACEMENT_3D('',#10969,#10970,#10971);
#10973=PLANE('',#10972);
#10974=ORIENTED_EDGE('',*,*,#7966,.F.);
#10976=ORIENTED_EDGE('',*,*,#10975,.T.);
#10978=ORIENTED_EDGE('',*,*,#10977,.F.);
#10979=ORIENTED_EDGE('',*,*,#10961,.F.);
#10980=EDGE_LOOP('',(#10974,#10976,#10978,#10979));
#10981=FACE_OUTER_BOUND('',#10980,.F.);
#10983=CARTESIAN_POINT('',(1.143966244753E1,5.000000000018E-2,
-6.697314616660E0));
#10984=DIRECTION('',(-2.327276380974E-1,0.E0,9.725419510055E-1));
#10985=DIRECTION('',(-9.725419510055E-1,0.E0,-2.327276380974E-1));
#10986=AXIS2_PLACEMENT_3D('',#10983,#10984,#10985);
#10987=PLANE('',#10986);
#10988=ORIENTED_EDGE('',*,*,#7964,.F.);
#10990=ORIENTED_EDGE('',*,*,#10989,.T.);
#10992=ORIENTED_EDGE('',*,*,#10991,.F.);
#10993=ORIENTED_EDGE('',*,*,#10975,.F.);
#10994=EDGE_LOOP('',(#10988,#10990,#10992,#10993));
#10995=FACE_OUTER_BOUND('',#10994,.F.);
#10997=CARTESIAN_POINT('',(1.148695226553E1,5.000000000018E-2,
-6.692673879696E0));
#10998=DIRECTION('',(-9.766481430454E-2,0.E0,9.952193647869E-1));
#10999=DIRECTION('',(-9.952193647869E-1,0.E0,-9.766481430454E-2));
#11000=AXIS2_PLACEMENT_3D('',#10997,#10998,#10999);
#11001=PLANE('',#11000);
#11002=ORIENTED_EDGE('',*,*,#7962,.F.);
#11004=ORIENTED_EDGE('',*,*,#11003,.T.);
#11006=ORIENTED_EDGE('',*,*,#11005,.F.);
#11007=ORIENTED_EDGE('',*,*,#10989,.F.);
#11008=EDGE_LOOP('',(#11002,#11004,#11006,#11007));
#11009=FACE_OUTER_BOUND('',#11008,.F.);
#11011=CARTESIAN_POINT('',(1.153459269895E1,5.000000000018E-2,
-6.694663329836E0));
#11012=DIRECTION('',(4.172333433725E-2,0.E0,9.991292025418E-1));
#11013=DIRECTION('',(-9.991292025418E-1,0.E0,4.172333433725E-2));
#11014=AXIS2_PLACEMENT_3D('',#11011,#11012,#11013);
#11015=PLANE('',#11014);
#11016=ORIENTED_EDGE('',*,*,#7960,.F.);
#11018=ORIENTED_EDGE('',*,*,#11017,.T.);
#11020=ORIENTED_EDGE('',*,*,#11019,.T.);
#11021=ORIENTED_EDGE('',*,*,#11003,.F.);
#11022=EDGE_LOOP('',(#11016,#11018,#11020,#11021));
#11023=FACE_OUTER_BOUND('',#11022,.F.);
#11025=CARTESIAN_POINT('',(1.157959760388E1,5.000000000018E-2,
-6.701931716456E0));
#11026=DIRECTION('',(1.594362021302E-1,0.E0,9.872082340876E-1));
#11027=DIRECTION('',(-9.872082340876E-1,0.E0,1.594362021302E-1));
#11028=AXIS2_PLACEMENT_3D('',#11025,#11026,#11027);
#11029=PLANE('',#11028);
#11030=ORIENTED_EDGE('',*,*,#7958,.F.);
#11032=ORIENTED_EDGE('',*,*,#11031,.T.);
#11034=ORIENTED_EDGE('',*,*,#11033,.F.);
#11035=ORIENTED_EDGE('',*,*,#11017,.F.);
#11036=EDGE_LOOP('',(#11030,#11032,#11034,#11035));
#11037=FACE_OUTER_BOUND('',#11036,.F.);
#11039=CARTESIAN_POINT('',(1.162626891945E1,5.000000000018E-2,
-6.713836900627E0));
#11040=DIRECTION('',(2.471708572378E-1,0.E0,9.689719125611E-1));
#11041=DIRECTION('',(-9.689719125611E-1,0.E0,2.471708572378E-1));
#11042=AXIS2_PLACEMENT_3D('',#11039,#11040,#11041);
#11043=PLANE('',#11042);
#11044=ORIENTED_EDGE('',*,*,#7956,.F.);
#11046=ORIENTED_EDGE('',*,*,#11045,.T.);
#11048=ORIENTED_EDGE('',*,*,#11047,.F.);
#11049=ORIENTED_EDGE('',*,*,#11031,.F.);
#11050=EDGE_LOOP('',(#11044,#11046,#11048,#11049));
#11051=FACE_OUTER_BOUND('',#11050,.F.);
#11053=CARTESIAN_POINT('',(1.167453967389E1,5.000000000018E-2,
-6.730307970839E0));
#11054=DIRECTION('',(3.229396957964E-1,0.E0,9.464195437960E-1));
#11055=DIRECTION('',(-9.464195437960E-1,0.E0,3.229396957964E-1));
#11056=AXIS2_PLACEMENT_3D('',#11053,#11054,#11055);
#11057=PLANE('',#11056);
#11058=ORIENTED_EDGE('',*,*,#7954,.F.);
#11060=ORIENTED_EDGE('',*,*,#11059,.T.);
#11062=ORIENTED_EDGE('',*,*,#11061,.F.);
#11063=ORIENTED_EDGE('',*,*,#11045,.F.);
#11064=EDGE_LOOP('',(#11058,#11060,#11062,#11063));
#11065=FACE_OUTER_BOUND('',#11064,.F.);
#11067=CARTESIAN_POINT('',(1.173741811274E1,5.000000000018E-2,
-6.757659953859E0));
#11068=DIRECTION('',(3.988920683851E-1,0.E0,9.169978831925E-1));
#11069=DIRECTION('',(-9.169978831925E-1,0.E0,3.988920683851E-1));
#11070=AXIS2_PLACEMENT_3D('',#11067,#11068,#11069);
#11071=PLANE('',#11070);
#11072=ORIENTED_EDGE('',*,*,#7952,.F.);
#11074=ORIENTED_EDGE('',*,*,#11073,.T.);
#11076=ORIENTED_EDGE('',*,*,#11075,.F.);
#11077=ORIENTED_EDGE('',*,*,#11059,.F.);
#11078=EDGE_LOOP('',(#11072,#11074,#11076,#11077));
#11079=FACE_OUTER_BOUND('',#11078,.F.);
#11081=CARTESIAN_POINT('',(1.179452123726E1,5.000000000018E-2,
-6.790495727699E0));
#11082=DIRECTION('',(4.984879781489E-1,0.E0,8.668966118523E-1));
#11083=DIRECTION('',(-8.668966118523E-1,0.E0,4.984879781489E-1));
#11084=AXIS2_PLACEMENT_3D('',#11081,#11082,#11083);
#11085=PLANE('',#11084);
#11086=ORIENTED_EDGE('',*,*,#7950,.F.);
#11088=ORIENTED_EDGE('',*,*,#11087,.T.);
#11090=ORIENTED_EDGE('',*,*,#11089,.F.);
#11091=ORIENTED_EDGE('',*,*,#11073,.F.);
#11092=EDGE_LOOP('',(#11086,#11088,#11090,#11091));
#11093=FACE_OUTER_BOUND('',#11092,.F.);
#11095=CARTESIAN_POINT('',(1.184589238238E1,5.000000000018E-2,
-6.828779837278E0));
#11096=DIRECTION('',(5.975572970810E-1,0.E0,8.018262135308E-1));
#11097=DIRECTION('',(-8.018262135308E-1,0.E0,5.975572970810E-1));
#11098=AXIS2_PLACEMENT_3D('',#11095,#11096,#11097);
#11099=PLANE('',#11098);
#11100=ORIENTED_EDGE('',*,*,#7948,.F.);
#11102=ORIENTED_EDGE('',*,*,#11101,.T.);
#11104=ORIENTED_EDGE('',*,*,#11103,.F.);
#11105=ORIENTED_EDGE('',*,*,#11087,.F.);
#11106=EDGE_LOOP('',(#11100,#11102,#11104,#11105));
#11107=FACE_OUTER_BOUND('',#11106,.F.);
#11109=CARTESIAN_POINT('',(1.189086183156E1,5.000000000018E-2,
-6.872516221341E0));
#11110=DIRECTION('',(6.972102095359E-1,0.E0,7.168667405585E-1));
#11111=DIRECTION('',(-7.168667405585E-1,0.E0,6.972102095359E-1));
#11112=AXIS2_PLACEMENT_3D('',#11109,#11110,#11111);
#11113=PLANE('',#11112);
#11114=ORIENTED_EDGE('',*,*,#7946,.F.);
#11116=ORIENTED_EDGE('',*,*,#11115,.T.);
#11118=ORIENTED_EDGE('',*,*,#11117,.F.);
#11119=ORIENTED_EDGE('',*,*,#11101,.F.);
#11120=EDGE_LOOP('',(#11114,#11116,#11118,#11119));
#11121=FACE_OUTER_BOUND('',#11120,.F.);
#11123=CARTESIAN_POINT('',(1.192907896939E1,5.000000000018E-2,
-6.921697001391E0));
#11124=DIRECTION('',(7.896211992957E-1,0.E0,6.135946232023E-1));
#11125=DIRECTION('',(-6.135946232023E-1,0.E0,7.896211992957E-1));
#11126=AXIS2_PLACEMENT_3D('',#11123,#11124,#11125);
#11127=PLANE('',#11126);
#11128=ORIENTED_EDGE('',*,*,#7944,.F.);
#11130=ORIENTED_EDGE('',*,*,#11129,.T.);
#11132=ORIENTED_EDGE('',*,*,#11131,.F.);
#11133=ORIENTED_EDGE('',*,*,#11115,.F.);
#11134=EDGE_LOOP('',(#11128,#11130,#11132,#11133));
#11135=FACE_OUTER_BOUND('',#11134,.F.);
#11137=CARTESIAN_POINT('',(1.196053985610E1,5.000000000018E-2,
-6.976263084845E0));
#11138=DIRECTION('',(8.663198789274E-1,0.E0,4.994896068741E-1));
#11139=DIRECTION('',(-4.994896068741E-1,0.E0,8.663198789274E-1));
#11140=AXIS2_PLACEMENT_3D('',#11137,#11138,#11139);
#11141=PLANE('',#11140);
#11142=ORIENTED_EDGE('',*,*,#7942,.F.);
#11144=ORIENTED_EDGE('',*,*,#11143,.T.);
#11146=ORIENTED_EDGE('',*,*,#11145,.F.);
#11147=ORIENTED_EDGE('',*,*,#11129,.F.);
#11148=EDGE_LOOP('',(#11142,#11144,#11146,#11147));
#11149=FACE_OUTER_BOUND('',#11148,.F.);
#11151=CARTESIAN_POINT('',(1.198405870060E1,5.000000000018E-2,
-7.035607787848E0));
#11152=DIRECTION('',(9.296551808077E-1,0.E0,3.684307869837E-1));
#11153=DIRECTION('',(-3.684307869837E-1,0.E0,9.296551808077E-1));
#11154=AXIS2_PLACEMENT_3D('',#11151,#11152,#11153);
#11155=PLANE('',#11154);
#11156=ORIENTED_EDGE('',*,*,#7940,.F.);
#11157=ORIENTED_EDGE('',*,*,#10670,.T.);
#11159=ORIENTED_EDGE('',*,*,#11158,.F.);
#11160=ORIENTED_EDGE('',*,*,#11143,.F.);
#11161=EDGE_LOOP('',(#11156,#11157,#11159,#11160));
#11162=FACE_OUTER_BOUND('',#11161,.F.);
#11164=CARTESIAN_POINT('',(0.E0,1.000000000002E-1,0.E0));
#11165=DIRECTION('',(0.E0,-1.E0,0.E0));
#11166=DIRECTION('',(1.E0,0.E0,0.E0));
#11167=AXIS2_PLACEMENT_3D('',#11164,#11165,#11166);
#11168=PLANE('',#11167);
#11169=ORIENTED_EDGE('',*,*,#10668,.T.);
#11170=ORIENTED_EDGE('',*,*,#10683,.T.);
#11171=ORIENTED_EDGE('',*,*,#10697,.T.);
#11172=ORIENTED_EDGE('',*,*,#10711,.T.);
#11173=ORIENTED_EDGE('',*,*,#10725,.T.);
#11174=ORIENTED_EDGE('',*,*,#10739,.T.);
#11175=ORIENTED_EDGE('',*,*,#10753,.T.);
#11176=ORIENTED_EDGE('',*,*,#10767,.F.);
#11177=ORIENTED_EDGE('',*,*,#10781,.T.);
#11178=ORIENTED_EDGE('',*,*,#10795,.T.);
#11179=ORIENTED_EDGE('',*,*,#10809,.T.);
#11180=ORIENTED_EDGE('',*,*,#10823,.T.);
#11181=ORIENTED_EDGE('',*,*,#10837,.T.);
#11182=ORIENTED_EDGE('',*,*,#10851,.T.);
#11183=ORIENTED_EDGE('',*,*,#10865,.T.);
#11184=ORIENTED_EDGE('',*,*,#10879,.T.);
#11185=ORIENTED_EDGE('',*,*,#10893,.T.);
#11186=ORIENTED_EDGE('',*,*,#10907,.T.);
#11187=ORIENTED_EDGE('',*,*,#10921,.T.);
#11188=ORIENTED_EDGE('',*,*,#10935,.T.);
#11189=ORIENTED_EDGE('',*,*,#10949,.T.);
#11190=ORIENTED_EDGE('',*,*,#10963,.T.);
#11191=ORIENTED_EDGE('',*,*,#10977,.T.);
#11192=ORIENTED_EDGE('',*,*,#10991,.T.);
#11193=ORIENTED_EDGE('',*,*,#11005,.T.);
#11194=ORIENTED_EDGE('',*,*,#11019,.F.);
#11195=ORIENTED_EDGE('',*,*,#11033,.T.);
#11196=ORIENTED_EDGE('',*,*,#11047,.T.);
#11197=ORIENTED_EDGE('',*,*,#11061,.T.);
#11198=ORIENTED_EDGE('',*,*,#11075,.T.);
#11199=ORIENTED_EDGE('',*,*,#11089,.T.);
#11200=ORIENTED_EDGE('',*,*,#11103,.T.);
#11201=ORIENTED_EDGE('',*,*,#11117,.T.);
#11202=ORIENTED_EDGE('',*,*,#11131,.T.);
#11203=ORIENTED_EDGE('',*,*,#11145,.T.);
#11204=ORIENTED_EDGE('',*,*,#11158,.T.);
#11205=EDGE_LOOP('',(#11169,#11170,#11171,#11172,#11173,#11174,#11175,#11176,
#11177,#11178,#11179,#11180,#11181,#11182,#11183,#11184,#11185,#11186,#11187,
#11188,#11189,#11190,#11191,#11192,#11193,#11194,#11195,#11196,#11197,#11198,
#11199,#11200,#11201,#11202,#11203,#11204));
#11206=FACE_OUTER_BOUND('',#11205,.F.);
#11208=ORIENTED_EDGE('',*,*,#11207,.T.);
#11210=ORIENTED_EDGE('',*,*,#11209,.T.);
#11212=ORIENTED_EDGE('',*,*,#11211,.T.);
#11214=ORIENTED_EDGE('',*,*,#11213,.T.);
#11216=ORIENTED_EDGE('',*,*,#11215,.T.);
#11218=ORIENTED_EDGE('',*,*,#11217,.T.);
#11220=ORIENTED_EDGE('',*,*,#11219,.T.);
#11222=ORIENTED_EDGE('',*,*,#11221,.F.);
#11224=ORIENTED_EDGE('',*,*,#11223,.T.);
#11226=ORIENTED_EDGE('',*,*,#11225,.T.);
#11228=ORIENTED_EDGE('',*,*,#11227,.T.);
#11230=ORIENTED_EDGE('',*,*,#11229,.T.);
#11232=ORIENTED_EDGE('',*,*,#11231,.T.);
#11234=ORIENTED_EDGE('',*,*,#11233,.T.);
#11236=ORIENTED_EDGE('',*,*,#11235,.T.);
#11238=ORIENTED_EDGE('',*,*,#11237,.T.);
#11240=ORIENTED_EDGE('',*,*,#11239,.T.);
#11242=ORIENTED_EDGE('',*,*,#11241,.T.);
#11244=ORIENTED_EDGE('',*,*,#11243,.T.);
#11246=ORIENTED_EDGE('',*,*,#11245,.T.);
#11248=ORIENTED_EDGE('',*,*,#11247,.T.);
#11250=ORIENTED_EDGE('',*,*,#11249,.T.);
#11252=ORIENTED_EDGE('',*,*,#11251,.F.);
#11254=ORIENTED_EDGE('',*,*,#11253,.T.);
#11256=ORIENTED_EDGE('',*,*,#11255,.T.);
#11258=ORIENTED_EDGE('',*,*,#11257,.T.);
#11260=ORIENTED_EDGE('',*,*,#11259,.T.);
#11261=EDGE_LOOP('',(#11208,#11210,#11212,#11214,#11216,#11218,#11220,#11222,
#11224,#11226,#11228,#11230,#11232,#11234,#11236,#11238,#11240,#11242,#11244,
#11246,#11248,#11250,#11252,#11254,#11256,#11258,#11260));
#11262=FACE_BOUND('',#11261,.F.);
#11264=CARTESIAN_POINT('',(1.187399681067E1,5.000000000018E-2,
-7.139378288519E0));
#11265=DIRECTION('',(-9.925703469110E-1,0.E0,1.216721267713E-1));
#11266=DIRECTION('',(-1.216721267713E-1,0.E0,-9.925703469110E-1));
#11267=AXIS2_PLACEMENT_3D('',#11264,#11265,#11266);
#11268=PLANE('',#11267);
#11270=ORIENTED_EDGE('',*,*,#11269,.F.);
#11272=ORIENTED_EDGE('',*,*,#11271,.T.);
#11273=ORIENTED_EDGE('',*,*,#11207,.F.);
#11275=ORIENTED_EDGE('',*,*,#11274,.F.);
#11276=EDGE_LOOP('',(#11270,#11272,#11273,#11275));
#11277=FACE_OUTER_BOUND('',#11276,.F.);
#11279=CARTESIAN_POINT('',(1.372999999994E1,5.000000000018E-2,0.E0));
#11280=DIRECTION('',(0.E0,-1.E0,0.E0));
#11281=DIRECTION('',(0.E0,0.E0,-1.E0));
#11282=AXIS2_PLACEMENT_3D('',#11279,#11280,#11281);
#11283=PLANE('',#11282);
#11284=ORIENTED_EDGE('',*,*,#11269,.T.);
#11286=ORIENTED_EDGE('',*,*,#11285,.T.);
#11288=ORIENTED_EDGE('',*,*,#11287,.T.);
#11290=ORIENTED_EDGE('',*,*,#11289,.T.);
#11292=ORIENTED_EDGE('',*,*,#11291,.T.);
#11294=ORIENTED_EDGE('',*,*,#11293,.T.);
#11296=ORIENTED_EDGE('',*,*,#11295,.T.);
#11298=ORIENTED_EDGE('',*,*,#11297,.T.);
#11300=ORIENTED_EDGE('',*,*,#11299,.T.);
#11302=ORIENTED_EDGE('',*,*,#11301,.T.);
#11304=ORIENTED_EDGE('',*,*,#11303,.T.);
#11306=ORIENTED_EDGE('',*,*,#11305,.T.);
#11308=ORIENTED_EDGE('',*,*,#11307,.T.);
#11310=ORIENTED_EDGE('',*,*,#11309,.T.);
#11312=ORIENTED_EDGE('',*,*,#11311,.T.);
#11314=ORIENTED_EDGE('',*,*,#11313,.T.);
#11316=ORIENTED_EDGE('',*,*,#11315,.T.);
#11318=ORIENTED_EDGE('',*,*,#11317,.T.);
#11320=ORIENTED_EDGE('',*,*,#11319,.T.);
#11322=ORIENTED_EDGE('',*,*,#11321,.T.);
#11324=ORIENTED_EDGE('',*,*,#11323,.T.);
#11326=ORIENTED_EDGE('',*,*,#11325,.T.);
#11328=ORIENTED_EDGE('',*,*,#11327,.T.);
#11330=ORIENTED_EDGE('',*,*,#11329,.T.);
#11332=ORIENTED_EDGE('',*,*,#11331,.T.);
#11334=ORIENTED_EDGE('',*,*,#11333,.T.);
#11336=ORIENTED_EDGE('',*,*,#11335,.T.);
#11337=EDGE_LOOP('',(#11284,#11286,#11288,#11290,#11292,#11294,#11296,#11298,
#11300,#11302,#11304,#11306,#11308,#11310,#11312,#11314,#11316,#11318,#11320,
#11322,#11324,#11326,#11328,#11330,#11332,#11334,#11336));
#11338=FACE_OUTER_BOUND('',#11337,.F.);
#11340=CARTESIAN_POINT('',(1.186840271351E1,5.000000000018E-2,
-7.185013514136E0));
#11341=DIRECTION('',(-9.166299322682E-1,0.E0,3.997368725424E-1));
#11342=DIRECTION('',(-3.997368725424E-1,0.E0,-9.166299322682E-1));
#11343=AXIS2_PLACEMENT_3D('',#11340,#11341,#11342);
#11344=PLANE('',#11343);
#11345=ORIENTED_EDGE('',*,*,#11285,.F.);
#11346=ORIENTED_EDGE('',*,*,#11274,.T.);
#11347=ORIENTED_EDGE('',*,*,#11259,.F.);
#11349=ORIENTED_EDGE('',*,*,#11348,.F.);
#11350=EDGE_LOOP('',(#11345,#11346,#11347,#11349));
#11351=FACE_OUTER_BOUND('',#11350,.F.);
#11353=CARTESIAN_POINT('',(1.185160072495E1,5.000000000018E-2,
-7.223541872888E0));
#11354=DIRECTION('',(-7.470072437578E-1,0.E0,6.648158976539E-1));
#11355=DIRECTION('',(-6.648158976539E-1,0.E0,-7.470072437578E-1));
#11356=AXIS2_PLACEMENT_3D('',#11353,#11354,#11355);
#11357=PLANE('',#11356);
#11358=ORIENTED_EDGE('',*,*,#11287,.F.);
#11359=ORIENTED_EDGE('',*,*,#11348,.T.);
#11360=ORIENTED_EDGE('',*,*,#11257,.F.);
#11362=ORIENTED_EDGE('',*,*,#11361,.F.);
#11363=EDGE_LOOP('',(#11358,#11359,#11360,#11362));
#11364=FACE_OUTER_BOUND('',#11363,.F.);
#11366=CARTESIAN_POINT('',(1.182355932867E1,5.000000000018E-2,
-7.255050033608E0));
#11367=DIRECTION('',(-5.057449087093E-1,0.E0,8.626830746657E-1));
#11368=DIRECTION('',(-8.626830746657E-1,0.E0,-5.057449087093E-1));
#11369=AXIS2_PLACEMENT_3D('',#11366,#11367,#11368);
#11370=PLANE('',#11369);
#11371=ORIENTED_EDGE('',*,*,#11289,.F.);
#11372=ORIENTED_EDGE('',*,*,#11361,.T.);
#11373=ORIENTED_EDGE('',*,*,#11255,.F.);
#11375=ORIENTED_EDGE('',*,*,#11374,.F.);
#11376=EDGE_LOOP('',(#11371,#11372,#11373,#11375));
#11377=FACE_OUTER_BOUND('',#11376,.F.);
#11379=CARTESIAN_POINT('',(1.178580705235E1,5.000000000018E-2,
-7.277182172395E0));
#11380=DIRECTION('',(-2.251141175685E-1,0.E0,9.743324043012E-1));
#11381=DIRECTION('',(-9.743324043012E-1,0.E0,-2.251141175685E-1));
#11382=AXIS2_PLACEMENT_3D('',#11379,#11380,#11381);
#11383=PLANE('',#11382);
#11384=ORIENTED_EDGE('',*,*,#11291,.F.);
#11385=ORIENTED_EDGE('',*,*,#11374,.T.);
#11386=ORIENTED_EDGE('',*,*,#11253,.F.);
#11388=ORIENTED_EDGE('',*,*,#11387,.F.);
#11389=EDGE_LOOP('',(#11384,#11385,#11386,#11388));
#11390=FACE_OUTER_BOUND('',#11389,.F.);
#11392=CARTESIAN_POINT('',(1.173956514288E1,5.000000000018E-2,
-7.287866110031E0));
#11393=DIRECTION('',(1.468312767916E-2,0.E0,9.998921970700E-1));
#11394=DIRECTION('',(-9.998921970700E-1,0.E0,1.468312767916E-2));
#11395=AXIS2_PLACEMENT_3D('',#11392,#11393,#11394);
#11396=PLANE('',#11395);
#11397=ORIENTED_EDGE('',*,*,#11293,.F.);
#11398=ORIENTED_EDGE('',*,*,#11387,.T.);
#11399=ORIENTED_EDGE('',*,*,#11251,.T.);
#11401=ORIENTED_EDGE('',*,*,#11400,.F.);
#11402=EDGE_LOOP('',(#11397,#11398,#11399,#11401));
#11403=FACE_OUTER_BOUND('',#11402,.F.);
#11405=CARTESIAN_POINT('',(1.168483753968E1,5.000000000018E-2,
-7.287062451009E0));
#11406=DIRECTION('',(1.862817176653E-1,0.E0,9.824963723412E-1));
#11407=DIRECTION('',(-9.824963723412E-1,0.E0,1.862817176653E-1));
#11408=AXIS2_PLACEMENT_3D('',#11405,#11406,#11407);
#11409=PLANE('',#11408);
#11410=ORIENTED_EDGE('',*,*,#11295,.F.);
#11411=ORIENTED_EDGE('',*,*,#11400,.T.);
#11412=ORIENTED_EDGE('',*,*,#11249,.F.);
#11414=ORIENTED_EDGE('',*,*,#11413,.F.);
#11415=EDGE_LOOP('',(#11410,#11411,#11412,#11414));
#11416=FACE_OUTER_BOUND('',#11415,.F.);
#11418=CARTESIAN_POINT('',(1.163150058193E1,5.000000000018E-2,
-7.276949741808E0));
#11419=DIRECTION('',(3.235744111376E-1,0.E0,9.462027269338E-1));
#11420=DIRECTION('',(-9.462027269338E-1,0.E0,3.235744111376E-1));
#11421=AXIS2_PLACEMENT_3D('',#11418,#11419,#11420);
#11422=PLANE('',#11421);
#11423=ORIENTED_EDGE('',*,*,#11297,.F.);
#11424=ORIENTED_EDGE('',*,*,#11413,.T.);
#11425=ORIENTED_EDGE('',*,*,#11247,.F.);
#11427=ORIENTED_EDGE('',*,*,#11426,.F.);
#11428=EDGE_LOOP('',(#11423,#11424,#11425,#11427));
#11429=FACE_OUTER_BOUND('',#11428,.F.);
#11431=CARTESIAN_POINT('',(1.157722996140E1,5.000000000018E-2,
-7.258390733702E0));
#11432=DIRECTION('',(4.388834645208E-1,0.E0,8.985439914496E-1));
#11433=DIRECTION('',(-8.985439914496E-1,0.E0,4.388834645208E-1));
#11434=AXIS2_PLACEMENT_3D('',#11431,#11432,#11433);
#11435=PLANE('',#11434);
#11436=ORIENTED_EDGE('',*,*,#11299,.F.);
#11437=ORIENTED_EDGE('',*,*,#11426,.T.);
#11438=ORIENTED_EDGE('',*,*,#11245,.F.);
#11440=ORIENTED_EDGE('',*,*,#11439,.F.);
#11441=EDGE_LOOP('',(#11436,#11437,#11438,#11440));
#11442=FACE_OUTER_BOUND('',#11441,.F.);
#11444=CARTESIAN_POINT('',(1.152202961785E1,5.000000000018E-2,
-7.231428761609E0));
#11445=DIRECTION('',(5.424396992436E-1,0.E0,8.400947403028E-1));
#11446=DIRECTION('',(-8.400947403028E-1,0.E0,5.424396992436E-1));
#11447=AXIS2_PLACEMENT_3D('',#11444,#11445,#11446);
#11448=PLANE('',#11447);
#11449=ORIENTED_EDGE('',*,*,#11301,.F.);
#11450=ORIENTED_EDGE('',*,*,#11439,.T.);
#11451=ORIENTED_EDGE('',*,*,#11243,.F.);
#11453=ORIENTED_EDGE('',*,*,#11452,.F.);
#11454=EDGE_LOOP('',(#11449,#11450,#11451,#11453));
#11455=FACE_OUTER_BOUND('',#11454,.F.);
#11457=CARTESIAN_POINT('',(1.147094999624E1,5.000000000018E-2,
-7.198447226014E0));
#11458=DIRECTION('',(6.577463587723E-1,0.E0,7.532394888226E-1));
#11459=DIRECTION('',(-7.532394888226E-1,0.E0,6.577463587723E-1));
#11460=AXIS2_PLACEMENT_3D('',#11457,#11458,#11459);
#11461=PLANE('',#11460);
#11462=ORIENTED_EDGE('',*,*,#11303,.F.);
#11463=ORIENTED_EDGE('',*,*,#11452,.T.);
#11464=ORIENTED_EDGE('',*,*,#11241,.F.);
#11466=ORIENTED_EDGE('',*,*,#11465,.F.);
#11467=EDGE_LOOP('',(#11462,#11463,#11464,#11466));
#11468=FACE_OUTER_BOUND('',#11467,.F.);
#11470=CARTESIAN_POINT('',(1.142937246057E1,5.000000000018E-2,
-7.162140748326E0));
#11471=DIRECTION('',(7.775393580252E-1,0.E0,6.288342760392E-1));
#11472=DIRECTION('',(-6.288342760392E-1,0.E0,7.775393580252E-1));
#11473=AXIS2_PLACEMENT_3D('',#11470,#11471,#11472);
#11474=PLANE('',#11473);
#11475=ORIENTED_EDGE('',*,*,#11305,.F.);
#11476=ORIENTED_EDGE('',*,*,#11465,.T.);
#11477=ORIENTED_EDGE('',*,*,#11239,.F.);
#11479=ORIENTED_EDGE('',*,*,#11478,.F.);
#11480=EDGE_LOOP('',(#11475,#11476,#11477,#11479));
#11481=FACE_OUTER_BOUND('',#11480,.F.);
#11483=CARTESIAN_POINT('',(1.139725367658E1,5.000000000018E-2,
-7.122426598457E0));
#11484=DIRECTION('',(8.757427399153E-1,0.E0,4.827780582065E-1));
#11485=DIRECTION('',(-4.827780582065E-1,0.E0,8.757427399153E-1));
#11486=AXIS2_PLACEMENT_3D('',#11483,#11484,#11485);
#11487=PLANE('',#11486);
#11488=ORIENTED_EDGE('',*,*,#11307,.F.);
#11489=ORIENTED_EDGE('',*,*,#11478,.T.);
#11490=ORIENTED_EDGE('',*,*,#11237,.F.);
#11492=ORIENTED_EDGE('',*,*,#11491,.F.);
#11493=EDGE_LOOP('',(#11488,#11489,#11490,#11492));
#11494=FACE_OUTER_BOUND('',#11493,.F.);
#11496=CARTESIAN_POINT('',(1.137440454761E1,5.000000000018E-2,
-7.080979066874E0));
#11497=DIRECTION('',(9.492766097023E-1,0.E0,3.144422336011E-1));
#11498=DIRECTION('',(-3.144422336011E-1,0.E0,9.492766097023E-1));
#11499=AXIS2_PLACEMENT_3D('',#11496,#11497,#11498);
#11500=PLANE('',#11499);
#11501=ORIENTED_EDGE('',*,*,#11309,.F.);
#11502=ORIENTED_EDGE('',*,*,#11491,.T.);
#11503=ORIENTED_EDGE('',*,*,#11235,.F.);
#11505=ORIENTED_EDGE('',*,*,#11504,.F.);
#11506=EDGE_LOOP('',(#11501,#11502,#11503,#11505));
#11507=FACE_OUTER_BOUND('',#11506,.F.);
#11509=CARTESIAN_POINT('',(1.136066355455E1,5.000000000018E-2,
-7.039496079207E0));
#11510=DIRECTION('',(9.939468224915E-1,0.E0,1.098622503820E-1));
#11511=DIRECTION('',(-1.098622503820E-1,0.E0,9.939468224915E-1));
#11512=AXIS2_PLACEMENT_3D('',#11509,#11510,#11511);
#11513=PLANE('',#11512);
#11514=ORIENTED_EDGE('',*,*,#11311,.F.);
#11515=ORIENTED_EDGE('',*,*,#11504,.T.);
#11516=ORIENTED_EDGE('',*,*,#11233,.F.);
#11518=ORIENTED_EDGE('',*,*,#11517,.F.);
#11519=EDGE_LOOP('',(#11514,#11515,#11516,#11518));
#11520=FACE_OUTER_BOUND('',#11519,.F.);
#11522=CARTESIAN_POINT('',(1.135607403101E1,5.000000000018E-2,
-6.997973697039E0));
#11523=DIRECTION('',(9.924994114304E-1,0.E0,-1.222494102654E-1));
#11524=DIRECTION('',(1.222494102654E-1,0.E0,9.924994114304E-1));
#11525=AXIS2_PLACEMENT_3D('',#11522,#11523,#11524);
#11526=PLANE('',#11525);
#11527=ORIENTED_EDGE('',*,*,#11313,.F.);
#11528=ORIENTED_EDGE('',*,*,#11517,.T.);
#11529=ORIENTED_EDGE('',*,*,#11231,.F.);
#11531=ORIENTED_EDGE('',*,*,#11530,.F.);
#11532=EDGE_LOOP('',(#11527,#11528,#11529,#11531));
#11533=FACE_OUTER_BOUND('',#11532,.F.);
#11535=CARTESIAN_POINT('',(1.136188480109E1,5.000000000018E-2,
-6.950798124794E0));
#11536=DIRECTION('',(9.143173857915E-1,0.E0,-4.049984173294E-1));
#11537=DIRECTION('',(4.049984173294E-1,0.E0,9.143173857915E-1));
#11538=AXIS2_PLACEMENT_3D('',#11535,#11536,#11537);
#11539=PLANE('',#11538);
#11540=ORIENTED_EDGE('',*,*,#11315,.F.);
#11541=ORIENTED_EDGE('',*,*,#11530,.T.);
#11542=ORIENTED_EDGE('',*,*,#11229,.F.);
#11544=ORIENTED_EDGE('',*,*,#11543,.F.);
#11545=EDGE_LOOP('',(#11540,#11541,#11542,#11544));
#11546=FACE_OUTER_BOUND('',#11545,.F.);
#11548=CARTESIAN_POINT('',(1.137928953408E1,5.000000000018E-2,
-6.911505502189E0));
#11549=DIRECTION('',(7.356224307508E-1,0.E0,-6.773917916363E-1));
#11550=DIRECTION('',(6.773917916363E-1,0.E0,7.356224307508E-1));
#11551=AXIS2_PLACEMENT_3D('',#11548,#11549,#11550);
#11552=PLANE('',#11551);
#11553=ORIENTED_EDGE('',*,*,#11317,.F.);
#11554=ORIENTED_EDGE('',*,*,#11543,.T.);
#11555=ORIENTED_EDGE('',*,*,#11227,.F.);
#11557=ORIENTED_EDGE('',*,*,#11556,.F.);
#11558=EDGE_LOOP('',(#11553,#11554,#11555,#11557));
#11559=FACE_OUTER_BOUND('',#11558,.F.);
#11561=CARTESIAN_POINT('',(1.140825277456E1,5.000000000018E-2,
-6.880052494302E0));
#11562=DIRECTION('',(5.058241053657E-1,0.E0,-8.626366410204E-1));
#11563=DIRECTION('',(8.626366410204E-1,0.E0,5.058241053657E-1));
#11564=AXIS2_PLACEMENT_3D('',#11561,#11562,#11563);
#11565=PLANE('',#11564);
#11566=ORIENTED_EDGE('',*,*,#11319,.F.);
#11567=ORIENTED_EDGE('',*,*,#11556,.T.);
#11568=ORIENTED_EDGE('',*,*,#11225,.F.);
#11570=ORIENTED_EDGE('',*,*,#11569,.F.);
#11571=EDGE_LOOP('',(#11566,#11567,#11568,#11570));
#11572=FACE_OUTER_BOUND('',#11571,.F.);
#11574=CARTESIAN_POINT('',(1.144576868053E1,5.000000000018E-2,
-6.858054298684E0));
#11575=DIRECTION('',(2.452658602207E-1,0.E0,-9.694558565557E-1));
#11576=DIRECTION('',(9.694558565557E-1,0.E0,2.452658602207E-1));
#11577=AXIS2_PLACEMENT_3D('',#11574,#11575,#11576);
#11578=PLANE('',#11577);
#11579=ORIENTED_EDGE('',*,*,#11321,.F.);
#11580=ORIENTED_EDGE('',*,*,#11569,.T.);
#11581=ORIENTED_EDGE('',*,*,#11223,.F.);
#11583=ORIENTED_EDGE('',*,*,#11582,.F.);
#11584=EDGE_LOOP('',(#11579,#11580,#11581,#11583));
#11585=FACE_OUTER_BOUND('',#11584,.F.);
#11587=CARTESIAN_POINT('',(1.148887080450E1,5.000000000018E-2,
-6.847149749045E0));
#11588=DIRECTION('',(-3.641335558223E-3,0.E0,-9.999933703157E-1));
#11589=DIRECTION('',(9.999933703157E-1,0.E0,-3.641335558223E-3));
#11590=AXIS2_PLACEMENT_3D('',#11587,#11588,#11589);
#11591=PLANE('',#11590);
#11592=ORIENTED_EDGE('',*,*,#11323,.F.);
#11593=ORIENTED_EDGE('',*,*,#11582,.T.);
#11594=ORIENTED_EDGE('',*,*,#11221,.T.);
#11596=ORIENTED_EDGE('',*,*,#11595,.F.);
#11597=EDGE_LOOP('',(#11592,#11593,#11594,#11596));
#11598=FACE_OUTER_BOUND('',#11597,.F.);
#11600=CARTESIAN_POINT('',(1.153755520670E1,5.000000000018E-2,
-6.847327026465E0));
#11601=DIRECTION('',(-2.038164960205E-1,0.E0,-9.790091092272E-1));
#11602=DIRECTION('',(9.790091092272E-1,0.E0,-2.038164960205E-1));
#11603=AXIS2_PLACEMENT_3D('',#11600,#11601,#11602);
#11604=PLANE('',#11603);
#11605=ORIENTED_EDGE('',*,*,#11325,.F.);
#11606=ORIENTED_EDGE('',*,*,#11595,.T.);
#11607=ORIENTED_EDGE('',*,*,#11219,.F.);
#11609=ORIENTED_EDGE('',*,*,#11608,.F.);
#11610=EDGE_LOOP('',(#11605,#11606,#11607,#11609));
#11611=FACE_OUTER_BOUND('',#11610,.F.);
#11613=CARTESIAN_POINT('',(1.161916993141E1,5.000000000018E-2,
-6.864318111694E0));
#11614=DIRECTION('',(-3.859923827104E-1,0.E0,-9.225019677429E-1));
#11615=DIRECTION('',(9.225019677429E-1,0.E0,-3.859923827104E-1));
#11616=AXIS2_PLACEMENT_3D('',#11613,#11614,#11615);
#11617=PLANE('',#11616);
#11618=ORIENTED_EDGE('',*,*,#11327,.F.);
#11619=ORIENTED_EDGE('',*,*,#11608,.T.);
#11620=ORIENTED_EDGE('',*,*,#11217,.F.);
#11622=ORIENTED_EDGE('',*,*,#11621,.F.);
#11623=EDGE_LOOP('',(#11618,#11619,#11620,#11622));
#11624=FACE_OUTER_BOUND('',#11623,.F.);
#11626=CARTESIAN_POINT('',(1.169616755600E1,5.000000000018E-2,
-6.896535383434E0));
#11627=DIRECTION('',(-5.472714387601E-1,0.E0,-8.369551793958E-1));
#11628=DIRECTION('',(8.369551793958E-1,0.E0,-5.472714387601E-1));
#11629=AXIS2_PLACEMENT_3D('',#11626,#11627,#11628);
#11630=PLANE('',#11629);
#11631=ORIENTED_EDGE('',*,*,#11329,.F.);
#11632=ORIENTED_EDGE('',*,*,#11621,.T.);
#11633=ORIENTED_EDGE('',*,*,#11215,.F.);
#11635=ORIENTED_EDGE('',*,*,#11634,.F.);
#11636=EDGE_LOOP('',(#11631,#11632,#11633,#11635));
#11637=FACE_OUTER_BOUND('',#11636,.F.);
#11639=CARTESIAN_POINT('',(1.176859141570E1,5.000000000018E-2,
-6.943892172517E0));
#11640=DIRECTION('',(-7.064162607008E-1,0.E0,-7.077966280066E-1));
#11641=DIRECTION('',(7.077966280066E-1,0.E0,-7.064162607008E-1));
#11642=AXIS2_PLACEMENT_3D('',#11639,#11640,#11641);
#11643=PLANE('',#11642);
#11644=ORIENTED_EDGE('',*,*,#11331,.F.);
#11645=ORIENTED_EDGE('',*,*,#11634,.T.);
#11646=ORIENTED_EDGE('',*,*,#11213,.F.);
#11648=ORIENTED_EDGE('',*,*,#11647,.F.);
#11649=EDGE_LOOP('',(#11644,#11645,#11646,#11648));
#11650=FACE_OUTER_BOUND('',#11649,.F.);
#11652=CARTESIAN_POINT('',(1.182717185452E1,5.000000000018E-2,
-7.002358365912E0));
#11653=DIRECTION('',(-8.802642512033E-1,0.E0,-4.744837700633E-1));
#11654=DIRECTION('',(4.744837700633E-1,0.E0,-8.802642512033E-1));
#11655=AXIS2_PLACEMENT_3D('',#11652,#11653,#11654);
#11656=PLANE('',#11655);
#11657=ORIENTED_EDGE('',*,*,#11333,.F.);
#11658=ORIENTED_EDGE('',*,*,#11647,.T.);
#11659=ORIENTED_EDGE('',*,*,#11211,.F.);
#11661=ORIENTED_EDGE('',*,*,#11660,.F.);
#11662=EDGE_LOOP('',(#11657,#11658,#11659,#11661));
#11663=FACE_OUTER_BOUND('',#11662,.F.);
#11665=CARTESIAN_POINT('',(1.186229648084E1,5.000000000018E-2,
-7.067521717830E0));
#11666=DIRECTION('',(-9.870012820160E-1,0.E0,-1.607123806643E-1));
#11667=DIRECTION('',(1.607123806643E-1,0.E0,-9.870012820160E-1));
#11668=AXIS2_PLACEMENT_3D('',#11665,#11666,#11667);
#11669=PLANE('',#11668);
#11670=ORIENTED_EDGE('',*,*,#11335,.F.);
#11671=ORIENTED_EDGE('',*,*,#11660,.T.);
#11672=ORIENTED_EDGE('',*,*,#11209,.F.);
#11673=ORIENTED_EDGE('',*,*,#11271,.F.);
#11674=EDGE_LOOP('',(#11670,#11671,#11672,#11673));
#11675=FACE_OUTER_BOUND('',#11674,.F.);
#11677=CARTESIAN_POINT('',(1.187799934778E1,5.000000000018E-2,
-5.524181248727E0));
#11678=DIRECTION('',(-9.960280181714E-1,0.E0,8.904036734837E-2));
#11679=DIRECTION('',(-8.904036734837E-2,0.E0,-9.960280181714E-1));
#11680=AXIS2_PLACEMENT_3D('',#11677,#11678,#11679);
#11681=PLANE('',#11680);
#11682=ORIENTED_EDGE('',*,*,#8012,.F.);
#11684=ORIENTED_EDGE('',*,*,#11683,.T.);
#11686=ORIENTED_EDGE('',*,*,#11685,.T.);
#11688=ORIENTED_EDGE('',*,*,#11687,.F.);
#11689=EDGE_LOOP('',(#11682,#11684,#11686,#11688));
#11690=FACE_OUTER_BOUND('',#11689,.F.);
#11692=CARTESIAN_POINT('',(1.187369740833E1,5.000000000018E-2,
-5.475225020099E0));
#11693=DIRECTION('',(-9.961613684912E-1,0.E0,-8.753586651036E-2));
#11694=DIRECTION('',(8.753586651036E-2,0.E0,-9.961613684912E-1));
#11695=AXIS2_PLACEMENT_3D('',#11692,#11693,#11694);
#11696=PLANE('',#11695);
#11697=ORIENTED_EDGE('',*,*,#8130,.F.);
#11699=ORIENTED_EDGE('',*,*,#11698,.T.);
#11701=ORIENTED_EDGE('',*,*,#11700,.F.);
#11702=ORIENTED_EDGE('',*,*,#11683,.F.);
#11703=EDGE_LOOP('',(#11697,#11699,#11701,#11702));
#11704=FACE_OUTER_BOUND('',#11703,.F.);
#11706=CARTESIAN_POINT('',(1.186078765055E1,5.000000000018E-2,
-5.428104601357E0));
#11707=DIRECTION('',(-9.644580050876E-1,0.E0,-2.642361754615E-1));
#11708=DIRECTION('',(2.642361754615E-1,0.E0,-9.644580050876E-1));
#11709=AXIS2_PLACEMENT_3D('',#11706,#11707,#11708);
#11710=PLANE('',#11709);
#11711=ORIENTED_EDGE('',*,*,#8128,.F.);
#11713=ORIENTED_EDGE('',*,*,#11712,.T.);
#11715=ORIENTED_EDGE('',*,*,#11714,.F.);
#11716=ORIENTED_EDGE('',*,*,#11698,.F.);
#11717=EDGE_LOOP('',(#11711,#11713,#11715,#11716));
#11718=FACE_OUTER_BOUND('',#11717,.F.);
#11720=CARTESIAN_POINT('',(1.183927007444E1,5.000000000018E-2,
-5.382717564329E0));
#11721=DIRECTION('',(-9.035956576112E-1,0.E0,-4.283863764713E-1));
#11722=DIRECTION('',(4.283863764713E-1,0.E0,-9.035956576112E-1));
#11723=AXIS2_PLACEMENT_3D('',#11720,#11721,#11722);
#11724=PLANE('',#11723);
#11725=ORIENTED_EDGE('',*,*,#8126,.F.);
#11727=ORIENTED_EDGE('',*,*,#11726,.T.);
#11729=ORIENTED_EDGE('',*,*,#11728,.F.);
#11730=ORIENTED_EDGE('',*,*,#11712,.F.);
#11731=EDGE_LOOP('',(#11725,#11727,#11729,#11730));
#11732=FACE_OUTER_BOUND('',#11731,.F.);
#11734=CARTESIAN_POINT('',(1.180859708874E1,5.000000000018E-2,
-5.340781534065E0));
#11735=DIRECTION('',(-8.071395952265E-1,0.E0,-5.903606303079E-1));
#11736=DIRECTION('',(5.903606303079E-1,0.E0,-8.071395952265E-1));
#11737=AXIS2_PLACEMENT_3D('',#11734,#11735,#11736);
#11738=PLANE('',#11737);
#11739=ORIENTED_EDGE('',*,*,#8124,.F.);
#11741=ORIENTED_EDGE('',*,*,#11740,.T.);
#11743=ORIENTED_EDGE('',*,*,#11742,.F.);
#11744=ORIENTED_EDGE('',*,*,#11726,.F.);
#11745=EDGE_LOOP('',(#11739,#11741,#11743,#11744));
#11746=FACE_OUTER_BOUND('',#11745,.F.);
#11748=CARTESIAN_POINT('',(1.176854808112E1,5.000000000018E-2,
-5.303813219358E0));
#11749=DIRECTION('',(-6.782801024818E-1,0.E0,-7.348034448594E-1));
#11750=DIRECTION('',(7.348034448594E-1,0.E0,-6.782801024818E-1));
#11751=AXIS2_PLACEMENT_3D('',#11748,#11749,#11750);
#11752=PLANE('',#11751);
#11753=ORIENTED_EDGE('',*,*,#8122,.F.);
#11755=ORIENTED_EDGE('',*,*,#11754,.T.);
#11757=ORIENTED_EDGE('',*,*,#11756,.F.);
#11758=ORIENTED_EDGE('',*,*,#11740,.F.);
#11759=EDGE_LOOP('',(#11753,#11755,#11757,#11758));
#11760=FACE_OUTER_BOUND('',#11759,.F.);
#11762=CARTESIAN_POINT('',(1.171903638239E1,5.000000000018E-2,
-5.271773225373E0));
#11763=DIRECTION('',(-5.432872833872E-1,0.E0,-8.395468585551E-1));
#11764=DIRECTION('',(8.395468585551E-1,0.E0,-5.432872833872E-1));
#11765=AXIS2_PLACEMENT_3D('',#11762,#11763,#11764);
#11766=PLANE('',#11765);
#11767=ORIENTED_EDGE('',*,*,#8120,.F.);
#11769=ORIENTED_EDGE('',*,*,#11768,.T.);
#11771=ORIENTED_EDGE('',*,*,#11770,.F.);
#11772=ORIENTED_EDGE('',*,*,#11754,.F.);
#11773=EDGE_LOOP('',(#11767,#11769,#11771,#11772));
#11774=FACE_OUTER_BOUND('',#11773,.F.);
#11776=CARTESIAN_POINT('',(1.166326087099E1,5.000000000018E-2,
-5.245961588647E0));
#11777=DIRECTION('',(-4.199847567308E-1,0.E0,-9.075311587564E-1));
#11778=DIRECTION('',(9.075311587564E-1,0.E0,-4.199847567308E-1));
#11779=AXIS2_PLACEMENT_3D('',#11776,#11777,#11778);
#11780=PLANE('',#11779);
#11781=ORIENTED_EDGE('',*,*,#8118,.F.);
#11783=ORIENTED_EDGE('',*,*,#11782,.T.);
#11785=ORIENTED_EDGE('',*,*,#11784,.F.);
#11786=ORIENTED_EDGE('',*,*,#11768,.F.);
#11787=EDGE_LOOP('',(#11781,#11783,#11785,#11786));
#11788=FACE_OUTER_BOUND('',#11787,.F.);
#11790=CARTESIAN_POINT('',(1.160414859891E1,5.000000000018E-2,
-5.227646830049E0));
#11791=DIRECTION('',(-2.959506692140E-1,0.E0,-9.552032251787E-1));
#11792=DIRECTION('',(9.552032251787E-1,0.E0,-2.959506692140E-1));
#11793=AXIS2_PLACEMENT_3D('',#11790,#11791,#11792);
#11794=PLANE('',#11793);
#11795=ORIENTED_EDGE('',*,*,#8116,.F.);
#11797=ORIENTED_EDGE('',*,*,#11796,.T.);
#11799=ORIENTED_EDGE('',*,*,#11798,.F.);
#11800=ORIENTED_EDGE('',*,*,#11782,.F.);
#11801=EDGE_LOOP('',(#11795,#11797,#11799,#11800));
#11802=FACE_OUTER_BOUND('',#11801,.F.);
#11804=CARTESIAN_POINT('',(1.154174290073E1,5.000000000018E-2,
-5.216793493825E0));
#11805=DIRECTION('',(-1.713438000768E-1,0.E0,-9.852112982377E-1));
#11806=DIRECTION('',(9.852112982377E-1,0.E0,-1.713438000768E-1));
#11807=AXIS2_PLACEMENT_3D('',#11804,#11805,#11806);
#11808=PLANE('',#11807);
#11809=ORIENTED_EDGE('',*,*,#8114,.F.);
#11811=ORIENTED_EDGE('',*,*,#11810,.T.);
#11813=ORIENTED_EDGE('',*,*,#11812,.F.);
#11814=ORIENTED_EDGE('',*,*,#11796,.F.);
#11815=EDGE_LOOP('',(#11809,#11811,#11813,#11814));
#11816=FACE_OUTER_BOUND('',#11815,.F.);
#11818=CARTESIAN_POINT('',(1.148409218495E1,5.000000000018E-2,
-5.215146780947E0));
#11819=DIRECTION('',(-2.855197036354E-2,0.E0,-9.995923093884E-1));
#11820=DIRECTION('',(9.995923093884E-1,0.E0,-2.855197036354E-2));
#11821=AXIS2_PLACEMENT_3D('',#11818,#11819,#11820);
#11822=PLANE('',#11821);
#11823=ORIENTED_EDGE('',*,*,#8112,.F.);
#11825=ORIENTED_EDGE('',*,*,#11824,.T.);
#11827=ORIENTED_EDGE('',*,*,#11826,.T.);
#11828=ORIENTED_EDGE('',*,*,#11810,.F.);
#11829=EDGE_LOOP('',(#11823,#11825,#11827,#11828));
#11830=FACE_OUTER_BOUND('',#11829,.F.);
#11832=CARTESIAN_POINT('',(1.143745632480E1,5.000000000018E-2,
-5.224262795369E0));
#11833=DIRECTION('',(1.918414894172E-1,0.E0,-9.814259233066E-1));
#11834=DIRECTION('',(9.814259233066E-1,0.E0,1.918414894172E-1));
#11835=AXIS2_PLACEMENT_3D('',#11832,#11833,#11834);
#11836=PLANE('',#11835);
#11837=ORIENTED_EDGE('',*,*,#8110,.F.);
#11839=ORIENTED_EDGE('',*,*,#11838,.T.);
#11841=ORIENTED_EDGE('',*,*,#11840,.F.);
#11842=ORIENTED_EDGE('',*,*,#11824,.F.);
#11843=EDGE_LOOP('',(#11837,#11839,#11841,#11842));
#11844=FACE_OUTER_BOUND('',#11843,.F.);
#11846=CARTESIAN_POINT('',(1.140179986521E1,5.000000000018E-2,
-5.244137598013E0));
#11847=DIRECTION('',(4.868715341022E-1,0.E0,-8.734735881988E-1));
#11848=DIRECTION('',(8.734735881988E-1,0.E0,4.868715341022E-1));
#11849=AXIS2_PLACEMENT_3D('',#11846,#11847,#11848);
#11850=PLANE('',#11849);
#11851=ORIENTED_EDGE('',*,*,#8108,.F.);
#11853=ORIENTED_EDGE('',*,*,#11852,.T.);
#11855=ORIENTED_EDGE('',*,*,#11854,.F.);
#11856=ORIENTED_EDGE('',*,*,#11838,.F.);
#11857=EDGE_LOOP('',(#11851,#11853,#11855,#11856));
#11858=FACE_OUTER_BOUND('',#11857,.F.);
#11860=CARTESIAN_POINT('',(1.137666188409E1,5.000000000018E-2,
-5.274385117030E0));
#11861=DIRECTION('',(7.690744699249E-1,0.E0,-6.391591818239E-1));
#11862=DIRECTION('',(6.391591818239E-1,0.E0,7.690744699249E-1));
#11863=AXIS2_PLACEMENT_3D('',#11860,#11861,#11862);
#11864=PLANE('',#11863);
#11865=ORIENTED_EDGE('',*,*,#8106,.F.);
#11867=ORIENTED_EDGE('',*,*,#11866,.T.);
#11869=ORIENTED_EDGE('',*,*,#11868,.F.);
#11870=ORIENTED_EDGE('',*,*,#11852,.F.);
#11871=EDGE_LOOP('',(#11865,#11867,#11869,#11870));
#11872=FACE_OUTER_BOUND('',#11871,.F.);
#11874=CARTESIAN_POINT('',(1.136160903558E1,5.000000000018E-2,
-5.314638978996E0));
#11875=DIRECTION('',(9.366527529564E-1,0.E0,-3.502593615869E-1));
#11876=DIRECTION('',(3.502593615869E-1,0.E0,9.366527529564E-1));
#11877=AXIS2_PLACEMENT_3D('',#11874,#11875,#11876);
#11878=PLANE('',#11877);
#11879=ORIENTED_EDGE('',*,*,#8104,.F.);
#11881=ORIENTED_EDGE('',*,*,#11880,.T.);
#11883=ORIENTED_EDGE('',*,*,#11882,.F.);
#11884=ORIENTED_EDGE('',*,*,#11866,.F.);
#11885=EDGE_LOOP('',(#11879,#11881,#11883,#11884));
#11886=FACE_OUTER_BOUND('',#11885,.F.);
#11888=CARTESIAN_POINT('',(1.135660192486E1,5.000000000018E-2,
-5.364926759828E0));
#11889=DIRECTION('',(9.950795498788E-1,0.E0,-9.907920777291E-2));
#11890=DIRECTION('',(9.907920777291E-2,0.E0,9.950795498788E-1));
#11891=AXIS2_PLACEMENT_3D('',#11888,#11889,#11890);
#11892=PLANE('',#11891);
#11893=ORIENTED_EDGE('',*,*,#8102,.F.);
#11895=ORIENTED_EDGE('',*,*,#11894,.T.);
#11897=ORIENTED_EDGE('',*,*,#11896,.F.);
#11898=ORIENTED_EDGE('',*,*,#11880,.F.);
#11899=EDGE_LOOP('',(#11893,#11895,#11897,#11898));
#11900=FACE_OUTER_BOUND('',#11899,.F.);
#11902=CARTESIAN_POINT('',(1.135817378715E1,5.000000000018E-2,
-5.398384975854E0));
#11903=DIRECTION('',(9.988982697858E-1,0.E0,4.692810052503E-2));
#11904=DIRECTION('',(-4.692810052503E-2,0.E0,9.988982697858E-1));
#11905=AXIS2_PLACEMENT_3D('',#11902,#11903,#11904);
#11906=PLANE('',#11905);
#11907=ORIENTED_EDGE('',*,*,#8100,.F.);
#11909=ORIENTED_EDGE('',*,*,#11908,.T.);
#11911=ORIENTED_EDGE('',*,*,#11910,.T.);
#11912=ORIENTED_EDGE('',*,*,#11894,.F.);
#11913=EDGE_LOOP('',(#11907,#11909,#11911,#11912));
#11914=FACE_OUTER_BOUND('',#11913,.F.);
#11916=CARTESIAN_POINT('',(1.136288543528E1,5.000000000018E-2,
-5.432800491155E0));
#11917=DIRECTION('',(9.907582541787E-1,0.E0,1.356395288135E-1));
#11918=DIRECTION('',(-1.356395288135E-1,0.E0,9.907582541787E-1));
#11919=AXIS2_PLACEMENT_3D('',#11916,#11917,#11918);
#11920=PLANE('',#11919);
#11921=ORIENTED_EDGE('',*,*,#8098,.F.);
#11923=ORIENTED_EDGE('',*,*,#11922,.T.);
#11925=ORIENTED_EDGE('',*,*,#11924,.F.);
#11926=ORIENTED_EDGE('',*,*,#11908,.F.);
#11927=EDGE_LOOP('',(#11921,#11923,#11925,#11926));
#11928=FACE_OUTER_BOUND('',#11927,.F.);
#11930=CARTESIAN_POINT('',(1.137073292917E1,5.000000000018E-2,
-5.468220580403E0));
#11931=DIRECTION('',(9.763248349637E-1,0.E0,2.163095389322E-1));
#11932=DIRECTION('',(-2.163095389322E-1,0.E0,9.763248349637E-1));
#11933=AXIS2_PLACEMENT_3D('',#11930,#11931,#11932);
#11934=PLANE('',#11933);
#11935=ORIENTED_EDGE('',*,*,#8096,.F.);
#11937=ORIENTED_EDGE('',*,*,#11936,.T.);
#11939=ORIENTED_EDGE('',*,*,#11938,.F.);
#11940=ORIENTED_EDGE('',*,*,#11922,.F.);
#11941=EDGE_LOOP('',(#11935,#11937,#11939,#11940));
#11942=FACE_OUTER_BOUND('',#11941,.F.);
#11944=CARTESIAN_POINT('',(1.138061714720E1,5.000000000018E-2,
-5.502474576283E0));
#11945=DIRECTION('',(9.607992539601E-1,0.E0,2.772450064288E-1));
#11946=DIRECTION('',(-2.772450064288E-1,0.E0,9.607992539601E-1));
#11947=AXIS2_PLACEMENT_3D('',#11944,#11945,#11946);
#11948=PLANE('',#11947);
#11949=ORIENTED_EDGE('',*,*,#8094,.F.);
#11951=ORIENTED_EDGE('',*,*,#11950,.T.);
#11953=ORIENTED_EDGE('',*,*,#11952,.F.);
#11954=ORIENTED_EDGE('',*,*,#11936,.F.);
#11955=EDGE_LOOP('',(#11949,#11951,#11953,#11954));
#11956=FACE_OUTER_BOUND('',#11955,.F.);
#11958=CARTESIAN_POINT('',(1.139178564376E1,5.000000000018E-2,
-5.533699092661E0));
#11959=DIRECTION('',(9.415805414193E-1,0.E0,3.367878917369E-1));
#11960=DIRECTION('',(-3.367878917369E-1,0.E0,9.415805414193E-1));
#11961=AXIS2_PLACEMENT_3D('',#11958,#11959,#11960);
#11962=PLANE('',#11961);
#11963=ORIENTED_EDGE('',*,*,#8092,.F.);
#11965=ORIENTED_EDGE('',*,*,#11964,.T.);
#11967=ORIENTED_EDGE('',*,*,#11966,.F.);
#11968=ORIENTED_EDGE('',*,*,#11950,.F.);
#11969=EDGE_LOOP('',(#11963,#11965,#11967,#11968));
#11970=FACE_OUTER_BOUND('',#11969,.F.);
#11972=CARTESIAN_POINT('',(1.140423447945E1,5.000000000018E-2,
-5.561838976704E0));
#11973=DIRECTION('',(9.145071008555E-1,0.E0,4.045698487095E-1));
#11974=DIRECTION('',(-4.045698487095E-1,0.E0,9.145071008555E-1));
#11975=AXIS2_PLACEMENT_3D('',#11972,#11973,#11974);
#11976=PLANE('',#11975);
#11977=ORIENTED_EDGE('',*,*,#8090,.F.);
#11979=ORIENTED_EDGE('',*,*,#11978,.T.);
#11981=ORIENTED_EDGE('',*,*,#11980,.F.);
#11982=ORIENTED_EDGE('',*,*,#11964,.F.);
#11983=EDGE_LOOP('',(#11977,#11979,#11981,#11982));
#11984=FACE_OUTER_BOUND('',#11983,.F.);
#11986=CARTESIAN_POINT('',(1.151556488991E1,5.000000000018E-2,
-5.597263005367E0));
#11987=DIRECTION('',(3.032092242854E-1,0.E0,9.529240086745E-1));
#11988=DIRECTION('',(-9.529240086745E-1,0.E0,3.032092242854E-1));
#11989=AXIS2_PLACEMENT_3D('',#11986,#11987,#11988);
#11990=PLANE('',#11989);
#11991=ORIENTED_EDGE('',*,*,#8088,.F.);
#11993=ORIENTED_EDGE('',*,*,#11992,.T.);
#11995=ORIENTED_EDGE('',*,*,#11994,.F.);
#11996=ORIENTED_EDGE('',*,*,#11978,.F.);
#11997=EDGE_LOOP('',(#11991,#11993,#11995,#11996));
#11998=FACE_OUTER_BOUND('',#11997,.F.);
#12000=CARTESIAN_POINT('',(1.151556488991E1,5.000000000018E-2,
-5.406011857402E0));
#12001=DIRECTION('',(-1.E0,0.E0,0.E0));
#12002=DIRECTION('',(0.E0,0.E0,-1.E0));
#12003=AXIS2_PLACEMENT_3D('',#12000,#12001,#12002);
#12004=PLANE('',#12003);
#12005=ORIENTED_EDGE('',*,*,#8086,.F.);
#12007=ORIENTED_EDGE('',*,*,#12006,.T.);
#12009=ORIENTED_EDGE('',*,*,#12008,.T.);
#12010=ORIENTED_EDGE('',*,*,#11992,.F.);
#12011=EDGE_LOOP('',(#12005,#12007,#12009,#12010));
#12012=FACE_OUTER_BOUND('',#12011,.F.);
#12014=CARTESIAN_POINT('',(1.164085296669E1,5.000000000018E-2,
-5.446119957615E0));
#12015=DIRECTION('',(3.048854713242E-1,0.E0,9.523890220784E-1));
#12016=DIRECTION('',(-9.523890220784E-1,0.E0,3.048854713242E-1));
#12017=AXIS2_PLACEMENT_3D('',#12014,#12015,#12016);
#12018=PLANE('',#12017);
#12019=ORIENTED_EDGE('',*,*,#8084,.F.);
#12021=ORIENTED_EDGE('',*,*,#12020,.T.);
#12023=ORIENTED_EDGE('',*,*,#12022,.F.);
#12024=ORIENTED_EDGE('',*,*,#12006,.F.);
#12025=EDGE_LOOP('',(#12019,#12021,#12023,#12024));
#12026=FACE_OUTER_BOUND('',#12025,.F.);
#12028=CARTESIAN_POINT('',(1.164085296669E1,5.000000000018E-2,
-5.781521532222E0));
#12029=DIRECTION('',(1.E0,0.E0,0.E0));
#12030=DIRECTION('',(0.E0,0.E0,1.E0));
#12031=AXIS2_PLACEMENT_3D('',#12028,#12029,#12030);
#12032=PLANE('',#12031);
#12033=ORIENTED_EDGE('',*,*,#8082,.F.);
#12035=ORIENTED_EDGE('',*,*,#12034,.T.);
#12037=ORIENTED_EDGE('',*,*,#12036,.T.);
#12038=ORIENTED_EDGE('',*,*,#12020,.F.);
#12039=EDGE_LOOP('',(#12033,#12035,#12037,#12038));
#12040=FACE_OUTER_BOUND('',#12039,.F.);
#12042=CARTESIAN_POINT('',(1.131925541747E1,5.000000000018E-2,
-5.678180437647E0));
#12043=DIRECTION('',(-3.059299016381E-1,0.E0,-9.520540401068E-1));
#12044=DIRECTION('',(9.520540401068E-1,0.E0,-3.059299016381E-1));
#12045=AXIS2_PLACEMENT_3D('',#12042,#12043,#12044);
#12046=PLANE('',#12045);
#12047=ORIENTED_EDGE('',*,*,#8080,.F.);
#12049=ORIENTED_EDGE('',*,*,#12048,.T.);
#12051=ORIENTED_EDGE('',*,*,#12050,.F.);
#12052=ORIENTED_EDGE('',*,*,#12034,.F.);
#12053=EDGE_LOOP('',(#12047,#12049,#12051,#12052));
#12054=FACE_OUTER_BOUND('',#12053,.F.);
#12056=CARTESIAN_POINT('',(1.129506291771E1,5.000000000018E-2,
-5.632915525537E0));
#12057=DIRECTION('',(-8.819382726864E-1,0.E0,-4.713649150828E-1));
#12058=DIRECTION('',(4.713649150828E-1,0.E0,-8.819382726864E-1));
#12059=AXIS2_PLACEMENT_3D('',#12056,#12057,#12058);
#12060=PLANE('',#12059);
#12061=ORIENTED_EDGE('',*,*,#8078,.F.);
#12063=ORIENTED_EDGE('',*,*,#12062,.T.);
#12065=ORIENTED_EDGE('',*,*,#12064,.F.);
#12066=ORIENTED_EDGE('',*,*,#12048,.F.);
#12067=EDGE_LOOP('',(#12061,#12063,#12065,#12066));
#12068=FACE_OUTER_BOUND('',#12067,.F.);
#12070=CARTESIAN_POINT('',(1.127342321668E1,5.000000000018E-2,
-5.581997423687E0));
#12071=DIRECTION('',(-9.203341213375E-1,0.E0,-3.911331040732E-1));
#12072=DIRECTION('',(3.911331040732E-1,0.E0,-9.203341213375E-1));
#12073=AXIS2_PLACEMENT_3D('',#12070,#12071,#12072);
#12074=PLANE('',#12073);
#12075=ORIENTED_EDGE('',*,*,#8076,.F.);
#12077=ORIENTED_EDGE('',*,*,#12076,.T.);
#12079=ORIENTED_EDGE('',*,*,#12078,.F.);
#12080=ORIENTED_EDGE('',*,*,#12062,.F.);
#12081=EDGE_LOOP('',(#12075,#12077,#12079,#12080));
#12082=FACE_OUTER_BOUND('',#12081,.F.);
#12084=CARTESIAN_POINT('',(1.125434813365E1,5.000000000018E-2,
-5.525422192679E0));
#12085=DIRECTION('',(-9.475889482603E-1,0.E0,-3.194920736653E-1));
#12086=DIRECTION('',(3.194920736653E-1,0.E0,-9.475889482603E-1));
#12087=AXIS2_PLACEMENT_3D('',#12084,#12085,#12086);
#12088=PLANE('',#12087);
#12089=ORIENTED_EDGE('',*,*,#8074,.F.);
#12091=ORIENTED_EDGE('',*,*,#12090,.T.);
#12093=ORIENTED_EDGE('',*,*,#12092,.F.);
#12094=ORIENTED_EDGE('',*,*,#12076,.F.);
#12095=EDGE_LOOP('',(#12089,#12091,#12093,#12094));
#12096=FACE_OUTER_BOUND('',#12095,.F.);
#12098=CARTESIAN_POINT('',(1.123963408265E1,5.000000000018E-2,
-5.466022336506E0));
#12099=DIRECTION('',(-9.706628310947E-1,0.E0,-2.404447303047E-1));
#12100=DIRECTION('',(2.404447303047E-1,0.E0,-9.706628310947E-1));
#12101=AXIS2_PLACEMENT_3D('',#12098,#12099,#12100);
#12102=PLANE('',#12101);
#12103=ORIENTED_EDGE('',*,*,#8072,.F.);
#12105=ORIENTED_EDGE('',*,*,#12104,.T.);
#12107=ORIENTED_EDGE('',*,*,#12106,.F.);
#12108=ORIENTED_EDGE('',*,*,#12090,.F.);
#12109=EDGE_LOOP('',(#12103,#12105,#12107,#12108));
#12110=FACE_OUTER_BOUND('',#12109,.F.);
#12112=CARTESIAN_POINT('',(1.123078201482E1,5.000000000018E-2,
-5.406539750915E0));
#12113=DIRECTION('',(-9.891072296713E-1,0.E0,-1.471967669887E-1));
#12114=DIRECTION('',(1.471967669887E-1,0.E0,-9.891072296713E-1));
#12115=AXIS2_PLACEMENT_3D('',#12112,#12113,#12114);
#12116=PLANE('',#12115);
#12117=ORIENTED_EDGE('',*,*,#8070,.F.);
#12119=ORIENTED_EDGE('',*,*,#12118,.T.);
#12121=ORIENTED_EDGE('',*,*,#12120,.F.);
#12122=ORIENTED_EDGE('',*,*,#12104,.F.);
#12123=EDGE_LOOP('',(#12117,#12119,#12121,#12122));
#12124=FACE_OUTER_BOUND('',#12123,.F.);
#12126=CARTESIAN_POINT('',(1.122782344682E1,5.000000000018E-2,
-5.346935040739E0));
#12127=DIRECTION('',(-9.987703815972E-1,0.E0,-4.957544598086E-2));
#12128=DIRECTION('',(4.957544598086E-2,0.E0,-9.987703815972E-1));
#12129=AXIS2_PLACEMENT_3D('',#12126,#12127,#12128);
#12130=PLANE('',#12129);
#12131=ORIENTED_EDGE('',*,*,#8068,.F.);
#12133=ORIENTED_EDGE('',*,*,#12132,.T.);
#12135=ORIENTED_EDGE('',*,*,#12134,.T.);
#12136=ORIENTED_EDGE('',*,*,#12118,.F.);
#12137=EDGE_LOOP('',(#12131,#12133,#12135,#12136));
#12138=FACE_OUTER_BOUND('',#12137,.F.);
#12140=CARTESIAN_POINT('',(1.123480424934E1,5.000000000018E-2,
-5.262259320857E0));
#12141=DIRECTION('',(-9.966189158394E-1,0.E0,8.216286625460E-2));
#12142=DIRECTION('',(-8.216286625460E-2,0.E0,-9.966189158394E-1));
#12143=AXIS2_PLACEMENT_3D('',#12140,#12141,#12142);
#12144=PLANE('',#12143);
#12145=ORIENTED_EDGE('',*,*,#8066,.F.);
#12147=ORIENTED_EDGE('',*,*,#12146,.T.);
#12149=ORIENTED_EDGE('',*,*,#12148,.F.);
#12150=ORIENTED_EDGE('',*,*,#12132,.F.);
#12151=EDGE_LOOP('',(#12145,#12147,#12149,#12150));
#12152=FACE_OUTER_BOUND('',#12151,.F.);
#12154=CARTESIAN_POINT('',(1.125574271852E1,5.000000000018E-2,
-5.193518898505E0));
#12155=DIRECTION('',(-9.566061312011E-1,0.E0,2.913841274821E-1));
#12156=DIRECTION('',(-2.913841274821E-1,0.E0,-9.566061312011E-1));
#12157=AXIS2_PLACEMENT_3D('',#12154,#12155,#12156);
#12158=PLANE('',#12157);
#12159=ORIENTED_EDGE('',*,*,#8064,.F.);
#12161=ORIENTED_EDGE('',*,*,#12160,.T.);
#12163=ORIENTED_EDGE('',*,*,#12162,.F.);
#12164=ORIENTED_EDGE('',*,*,#12146,.F.);
#12165=EDGE_LOOP('',(#12159,#12161,#12163,#12164));
#12166=FACE_OUTER_BOUND('',#12165,.F.);
#12168=CARTESIAN_POINT('',(1.129063885333E1,5.000000000018E-2,
-5.140670439101E0));
#12169=DIRECTION('',(-8.344921367643E-1,0.E0,5.510198487156E-1));
#12170=DIRECTION('',(-5.510198487156E-1,0.E0,-8.344921367643E-1));
#12171=AXIS2_PLACEMENT_3D('',#12168,#12169,#12170);
#12172=PLANE('',#12171);
#12173=ORIENTED_EDGE('',*,*,#8062,.F.);
#12175=ORIENTED_EDGE('',*,*,#12174,.T.);
#12177=ORIENTED_EDGE('',*,*,#12176,.F.);
#12178=ORIENTED_EDGE('',*,*,#12160,.F.);
#12179=EDGE_LOOP('',(#12173,#12175,#12177,#12178));
#12180=FACE_OUTER_BOUND('',#12179,.F.);
#12182=CARTESIAN_POINT('',(1.135647586052E1,5.000000000018E-2,
-5.091832395975E0));
#12183=DIRECTION('',(-5.957779303477E-1,0.E0,8.031492126066E-1));
#12184=DIRECTION('',(-8.031492126066E-1,0.E0,-5.957779303477E-1));
#12185=AXIS2_PLACEMENT_3D('',#12182,#12183,#12184);
#12186=PLANE('',#12185);
#12187=ORIENTED_EDGE('',*,*,#8060,.F.);
#12189=ORIENTED_EDGE('',*,*,#12188,.T.);
#12191=ORIENTED_EDGE('',*,*,#12190,.F.);
#12192=ORIENTED_EDGE('',*,*,#12174,.F.);
#12193=EDGE_LOOP('',(#12187,#12189,#12191,#12192));
#12194=FACE_OUTER_BOUND('',#12193,.F.);
#12196=CARTESIAN_POINT('',(1.143949698836E1,5.000000000018E-2,
-5.067308977536E0));
#12197=DIRECTION('',(-2.832871635656E-1,0.E0,9.590351312433E-1));
#12198=DIRECTION('',(-9.590351312433E-1,0.E0,-2.832871635656E-1));
#12199=AXIS2_PLACEMENT_3D('',#12196,#12197,#12198);
#12200=PLANE('',#12199);
#12201=ORIENTED_EDGE('',*,*,#8058,.F.);
#12203=ORIENTED_EDGE('',*,*,#12202,.T.);
#12205=ORIENTED_EDGE('',*,*,#12204,.F.);
#12206=ORIENTED_EDGE('',*,*,#12188,.F.);
#12207=EDGE_LOOP('',(#12201,#12203,#12205,#12206));
#12208=FACE_OUTER_BOUND('',#12207,.F.);
#12210=CARTESIAN_POINT('',(1.153965102342E1,5.000000000018E-2,
-5.067182913532E0));
#12211=DIRECTION('',(-1.258700206267E-3,0.E0,9.999992078366E-1));
#12212=DIRECTION('',(-9.999992078366E-1,0.E0,-1.258700206267E-3));
#12213=AXIS2_PLACEMENT_3D('',#12210,#12211,#12212);
#12214=PLANE('',#12213);
#12215=ORIENTED_EDGE('',*,*,#8056,.F.);
#12217=ORIENTED_EDGE('',*,*,#12216,.T.);
#12219=ORIENTED_EDGE('',*,*,#12218,.T.);
#12220=ORIENTED_EDGE('',*,*,#12202,.F.);
#12221=EDGE_LOOP('',(#12215,#12217,#12219,#12220));
#12222=FACE_OUTER_BOUND('',#12221,.F.);
#12224=CARTESIAN_POINT('',(1.161155092870E1,5.000000000018E-2,
-5.080021760142E0));
#12225=DIRECTION('',(1.757850366571E-1,0.E0,9.844285758182E-1));
#12226=DIRECTION('',(-9.844285758182E-1,0.E0,1.757850366571E-1));
#12227=AXIS2_PLACEMENT_3D('',#12224,#12225,#12226);
#12228=PLANE('',#12227);
#12229=ORIENTED_EDGE('',*,*,#8054,.F.);
#12231=ORIENTED_EDGE('',*,*,#12230,.T.);
#12233=ORIENTED_EDGE('',*,*,#12232,.F.);
#12234=ORIENTED_EDGE('',*,*,#12216,.F.);
#12235=EDGE_LOOP('',(#12229,#12231,#12233,#12234));
#12236=FACE_OUTER_BOUND('',#12235,.F.);
#12238=CARTESIAN_POINT('',(1.168139441241E1,5.000000000018E-2,
-5.102276023854E0));
#12239=DIRECTION('',(3.035918302629E-1,0.E0,9.528021833506E-1));
#12240=DIRECTION('',(-9.528021833506E-1,0.E0,3.035918302629E-1));
#12241=AXIS2_PLACEMENT_3D('',#12238,#12239,#12240);
#12242=PLANE('',#12241);
#12243=ORIENTED_EDGE('',*,*,#8052,.F.);
#12245=ORIENTED_EDGE('',*,*,#12244,.T.);
#12247=ORIENTED_EDGE('',*,*,#12246,.F.);
#12248=ORIENTED_EDGE('',*,*,#12230,.F.);
#12249=EDGE_LOOP('',(#12243,#12245,#12247,#12248));
#12250=FACE_OUTER_BOUND('',#12249,.F.);
#12252=CARTESIAN_POINT('',(1.174922086974E1,5.000000000018E-2,
-5.133953583162E0));
#12253=DIRECTION('',(4.231620148169E-1,0.E0,9.060540321725E-1));
#12254=DIRECTION('',(-9.060540321725E-1,0.E0,4.231620148169E-1));
#12255=AXIS2_PLACEMENT_3D('',#12252,#12253,#12254);
#12256=PLANE('',#12255);
#12257=ORIENTED_EDGE('',*,*,#8050,.F.);
#12259=ORIENTED_EDGE('',*,*,#12258,.T.);
#12261=ORIENTED_EDGE('',*,*,#12260,.F.);
#12262=ORIENTED_EDGE('',*,*,#12244,.F.);
#12263=EDGE_LOOP('',(#12257,#12259,#12261,#12262));
#12264=FACE_OUTER_BOUND('',#12263,.F.);
#12266=CARTESIAN_POINT('',(1.182362236067E1,5.000000000018E-2,
-5.181984027846E0));
#12267=DIRECTION('',(5.423619236471E-1,0.E0,8.401449540275E-1));
#12268=DIRECTION('',(-8.401449540275E-1,0.E0,5.423619236471E-1));
#12269=AXIS2_PLACEMENT_3D('',#12266,#12267,#12268);
#12270=PLANE('',#12269);
#12271=ORIENTED_EDGE('',*,*,#8048,.F.);
#12273=ORIENTED_EDGE('',*,*,#12272,.T.);
#12275=ORIENTED_EDGE('',*,*,#12274,.F.);
#12276=ORIENTED_EDGE('',*,*,#12258,.F.);
#12277=EDGE_LOOP('',(#12271,#12273,#12275,#12276));
#12278=FACE_OUTER_BOUND('',#12277,.F.);
#12280=CARTESIAN_POINT('',(1.188596108742E1,5.000000000018E-2,
-5.238358344267E0));
#12281=DIRECTION('',(6.707341178537E-1,0.E0,7.416978786184E-1));
#12282=DIRECTION('',(-7.416978786184E-1,0.E0,6.707341178537E-1));
#12283=AXIS2_PLACEMENT_3D('',#12280,#12281,#12282);
#12284=PLANE('',#12283);
#12285=ORIENTED_EDGE('',*,*,#8046,.F.);
#12287=ORIENTED_EDGE('',*,*,#12286,.T.);
#12289=ORIENTED_EDGE('',*,*,#12288,.F.);
#12290=ORIENTED_EDGE('',*,*,#12272,.F.);
#12291=EDGE_LOOP('',(#12285,#12287,#12289,#12290));
#12292=FACE_OUTER_BOUND('',#12291,.F.);
#12294=CARTESIAN_POINT('',(1.193628432400E1,5.000000000018E-2,
-5.303119866339E0));
#12295=DIRECTION('',(7.896288850357E-1,0.E0,6.135847324675E-1));
#12296=DIRECTION('',(-6.135847324675E-1,0.E0,7.896288850357E-1));
#12297=AXIS2_PLACEMENT_3D('',#12294,#12295,#12296);
#12298=PLANE('',#12297);
#12299=ORIENTED_EDGE('',*,*,#8044,.F.);
#12301=ORIENTED_EDGE('',*,*,#12300,.T.);
#12303=ORIENTED_EDGE('',*,*,#12302,.F.);
#12304=ORIENTED_EDGE('',*,*,#12286,.F.);
#12305=EDGE_LOOP('',(#12299,#12301,#12303,#12304));
#12306=FACE_OUTER_BOUND('',#12305,.F.);
#12308=CARTESIAN_POINT('',(1.197322506213E1,5.000000000018E-2,
-5.375043408780E0));
#12309=DIRECTION('',(8.895316989449E-1,0.E0,4.568734579423E-1));
#12310=DIRECTION('',(-4.568734579423E-1,0.E0,8.895316989449E-1));
#12311=AXIS2_PLACEMENT_3D('',#12308,#12309,#12310);
#12312=PLANE('',#12311);
#12313=ORIENTED_EDGE('',*,*,#8042,.F.);
#12315=ORIENTED_EDGE('',*,*,#12314,.T.);
#12317=ORIENTED_EDGE('',*,*,#12316,.F.);
#12318=ORIENTED_EDGE('',*,*,#12300,.F.);
#12319=EDGE_LOOP('',(#12313,#12315,#12317,#12318));
#12320=FACE_OUTER_BOUND('',#12319,.F.);
#12322=CARTESIAN_POINT('',(1.199538871692E1,5.000000000018E-2,
-5.452844692386E0));
#12323=DIRECTION('',(9.617368273046E-1,0.E0,2.739749532458E-1));
#12324=DIRECTION('',(-2.739749532458E-1,0.E0,9.617368273046E-1));
#12325=AXIS2_PLACEMENT_3D('',#12322,#12323,#12324);
#12326=PLANE('',#12325);
#12327=ORIENTED_EDGE('',*,*,#8040,.F.);
#12329=ORIENTED_EDGE('',*,*,#12328,.T.);
#12331=ORIENTED_EDGE('',*,*,#12330,.F.);
#12332=ORIENTED_EDGE('',*,*,#12314,.F.);
#12333=EDGE_LOOP('',(#12327,#12329,#12331,#12332));
#12334=FACE_OUTER_BOUND('',#12333,.F.);
#12336=CARTESIAN_POINT('',(1.200277528871E1,5.000000000018E-2,
-5.536480383241E0));
#12337=DIRECTION('',(9.961225971752E-1,0.E0,8.797597056556E-2));
#12338=DIRECTION('',(-8.797597056556E-2,0.E0,9.961225971752E-1));
#12339=AXIS2_PLACEMENT_3D('',#12336,#12337,#12338);
#12340=PLANE('',#12339);
#12341=ORIENTED_EDGE('',*,*,#8038,.F.);
#12343=ORIENTED_EDGE('',*,*,#12342,.T.);
#12345=ORIENTED_EDGE('',*,*,#12344,.F.);
#12346=ORIENTED_EDGE('',*,*,#12328,.F.);
#12347=EDGE_LOOP('',(#12341,#12343,#12345,#12346));
#12348=FACE_OUTER_BOUND('',#12347,.F.);
#12350=CARTESIAN_POINT('',(1.199607813052E1,5.000000000018E-2,
-5.616594156161E0));
#12351=DIRECTION('',(9.965240958126E-1,0.E0,-8.330502064578E-2));
#12352=DIRECTION('',(8.330502064578E-2,0.E0,9.965240958126E-1));
#12353=AXIS2_PLACEMENT_3D('',#12350,#12351,#12352);
#12354=PLANE('',#12353);
#12355=ORIENTED_EDGE('',*,*,#8036,.F.);
#12357=ORIENTED_EDGE('',*,*,#12356,.T.);
#12359=ORIENTED_EDGE('',*,*,#12358,.F.);
#12360=ORIENTED_EDGE('',*,*,#12342,.F.);
#12361=EDGE_LOOP('',(#12355,#12357,#12359,#12360));
#12362=FACE_OUTER_BOUND('',#12361,.F.);
#12364=CARTESIAN_POINT('',(1.197596301812E1,5.000000000018E-2,
-5.683809990221E0));
#12365=DIRECTION('',(9.580207854035E-1,0.E0,-2.866987525868E-1));
#12366=DIRECTION('',(2.866987525868E-1,0.E0,9.580207854035E-1));
#12367=AXIS2_PLACEMENT_3D('',#12364,#12365,#12366);
#12368=PLANE('',#12367);
#12369=ORIENTED_EDGE('',*,*,#8034,.F.);
#12371=ORIENTED_EDGE('',*,*,#12370,.T.);
#12373=ORIENTED_EDGE('',*,*,#12372,.F.);
#12374=ORIENTED_EDGE('',*,*,#12356,.F.);
#12375=EDGE_LOOP('',(#12369,#12371,#12373,#12374));
#12376=FACE_OUTER_BOUND('',#12375,.F.);
#12378=CARTESIAN_POINT('',(1.194239449609E1,5.000000000018E-2,
-5.738123945331E0));
#12379=DIRECTION('',(8.506462436912E-1,0.E0,-5.257384978239E-1));
#12380=DIRECTION('',(5.257384978239E-1,0.E0,8.506462436912E-1));
#12381=AXIS2_PLACEMENT_3D('',#12378,#12379,#12380);
#12382=PLANE('',#12381);
#12383=ORIENTED_EDGE('',*,*,#8032,.F.);
#12385=ORIENTED_EDGE('',*,*,#12384,.T.);
#12387=ORIENTED_EDGE('',*,*,#12386,.F.);
#12388=ORIENTED_EDGE('',*,*,#12370,.F.);
#12389=EDGE_LOOP('',(#12383,#12385,#12387,#12388));
#12390=FACE_OUTER_BOUND('',#12389,.F.);
#12392=CARTESIAN_POINT('',(1.189609743379E1,5.000000000018E-2,
-5.779323288323E0));
#12393=DIRECTION('',(6.647819617470E-1,0.E0,-7.470374444E-1));
#12394=DIRECTION('',(7.470374444E-1,0.E0,6.647819617470E-1));
#12395=AXIS2_PLACEMENT_3D('',#12392,#12393,#12394);
#12396=PLANE('',#12395);
#12397=ORIENTED_EDGE('',*,*,#8030,.F.);
#12399=ORIENTED_EDGE('',*,*,#12398,.T.);
#12401=ORIENTED_EDGE('',*,*,#12400,.F.);
#12402=ORIENTED_EDGE('',*,*,#12384,.F.);
#12403=EDGE_LOOP('',(#12397,#12399,#12401,#12402));
#12404=FACE_OUTER_BOUND('',#12403,.F.);
#12406=CARTESIAN_POINT('',(1.183751305522E1,5.000000000018E-2,
-5.807478930366E0));
#12407=DIRECTION('',(4.331704089220E-1,0.E0,-9.013120418780E-1));
#12408=DIRECTION('',(9.013120418780E-1,0.E0,4.331704089220E-1));
#12409=AXIS2_PLACEMENT_3D('',#12406,#12407,#12408);
#12410=PLANE('',#12409);
#12411=ORIENTED_EDGE('',*,*,#8028,.F.);
#12413=ORIENTED_EDGE('',*,*,#12412,.T.);
#12415=ORIENTED_EDGE('',*,*,#12414,.F.);
#12416=ORIENTED_EDGE('',*,*,#12398,.F.);
#12417=EDGE_LOOP('',(#12411,#12413,#12415,#12416));
#12418=FACE_OUTER_BOUND('',#12417,.F.);
#12420=CARTESIAN_POINT('',(1.176666893731E1,5.000000000018E-2,
-5.822559355458E0));
#12421=DIRECTION('',(2.082028552622E-1,0.E0,-9.780856665245E-1));
#12422=DIRECTION('',(9.780856665245E-1,0.E0,2.082028552622E-1));
#12423=AXIS2_PLACEMENT_3D('',#12420,#12421,#12422);
#12424=PLANE('',#12423);
#12425=ORIENTED_EDGE('',*,*,#8026,.F.);
#12427=ORIENTED_EDGE('',*,*,#12426,.T.);
#12429=ORIENTED_EDGE('',*,*,#12428,.F.);
#12430=ORIENTED_EDGE('',*,*,#12412,.F.);
#12431=EDGE_LOOP('',(#12425,#12427,#12429,#12430));
#12432=FACE_OUTER_BOUND('',#12431,.F.);
#12434=CARTESIAN_POINT('',(1.175027271735E1,5.000000000018E-2,
-5.677124650281E0));
#12435=DIRECTION('',(-9.937048610143E-1,0.E0,-1.120296799806E-1));
#12436=DIRECTION('',(1.120296799806E-1,0.E0,-9.937048610143E-1));
#12437=AXIS2_PLACEMENT_3D('',#12434,#12435,#12436);
#12438=PLANE('',#12437);
#12439=ORIENTED_EDGE('',*,*,#8024,.F.);
#12441=ORIENTED_EDGE('',*,*,#12440,.T.);
#12443=ORIENTED_EDGE('',*,*,#12442,.F.);
#12444=ORIENTED_EDGE('',*,*,#12426,.F.);
#12445=EDGE_LOOP('',(#12439,#12441,#12443,#12444));
#12446=FACE_OUTER_BOUND('',#12445,.F.);
#12448=CARTESIAN_POINT('',(1.178905714386E1,5.000000000018E-2,
-5.666192524058E0));
#12449=DIRECTION('',(-2.712976144863E-1,0.E0,9.624955087553E-1));
#12450=DIRECTION('',(-9.624955087553E-1,0.E0,-2.712976144863E-1));
#12451=AXIS2_PLACEMENT_3D('',#12448,#12449,#12450);
#12452=PLANE('',#12451);
#12453=ORIENTED_EDGE('',*,*,#8022,.F.);
#12455=ORIENTED_EDGE('',*,*,#12454,.T.);
#12457=ORIENTED_EDGE('',*,*,#12456,.F.);
#12458=ORIENTED_EDGE('',*,*,#12440,.F.);
#12459=EDGE_LOOP('',(#12453,#12455,#12457,#12458));
#12460=FACE_OUTER_BOUND('',#12459,.F.);
#12462=CARTESIAN_POINT('',(1.182094349726E1,5.000000000018E-2,
-5.649406293167E0));
#12463=DIRECTION('',(-4.658320432728E-1,0.E0,8.848731589670E-1));
#12464=DIRECTION('',(-8.848731589670E-1,0.E0,-4.658320432728E-1));
#12465=AXIS2_PLACEMENT_3D('',#12462,#12463,#12464);
#12466=PLANE('',#12465);
#12467=ORIENTED_EDGE('',*,*,#8020,.F.);
#12469=ORIENTED_EDGE('',*,*,#12468,.T.);
#12471=ORIENTED_EDGE('',*,*,#12470,.F.);
#12472=ORIENTED_EDGE('',*,*,#12454,.F.);
#12473=EDGE_LOOP('',(#12467,#12469,#12471,#12472));
#12474=FACE_OUTER_BOUND('',#12473,.F.);
#12476=CARTESIAN_POINT('',(1.184589238238E1,5.000000000018E-2,
-5.626687167945E0));
#12477=DIRECTION('',(-6.732943388440E-1,0.E0,7.393745554728E-1));
#12478=DIRECTION('',(-7.393745554728E-1,0.E0,-6.732943388440E-1));
#12479=AXIS2_PLACEMENT_3D('',#12476,#12477,#12478);
#12480=PLANE('',#12479);
#12481=ORIENTED_EDGE('',*,*,#8018,.F.);
#12483=ORIENTED_EDGE('',*,*,#12482,.T.);
#12485=ORIENTED_EDGE('',*,*,#12484,.F.);
#12486=ORIENTED_EDGE('',*,*,#12468,.F.);
#12487=EDGE_LOOP('',(#12481,#12483,#12485,#12486));
#12488=FACE_OUTER_BOUND('',#12487,.F.);
#12490=CARTESIAN_POINT('',(1.186375803713E1,5.000000000018E-2,
-5.598074543559E0));
#12491=DIRECTION('',(-8.482278648920E-1,0.E0,5.296314654746E-1));
#12492=DIRECTION('',(-5.296314654746E-1,0.E0,-8.482278648920E-1));
#12493=AXIS2_PLACEMENT_3D('',#12490,#12491,#12492);
#12494=PLANE('',#12493);
#12495=ORIENTED_EDGE('',*,*,#8016,.F.);
#12497=ORIENTED_EDGE('',*,*,#12496,.T.);
#12499=ORIENTED_EDGE('',*,*,#12498,.F.);
#12500=ORIENTED_EDGE('',*,*,#12482,.F.);
#12501=EDGE_LOOP('',(#12495,#12497,#12499,#12500));
#12502=FACE_OUTER_BOUND('',#12501,.F.);
#12504=CARTESIAN_POINT('',(1.187444591418E1,5.000000000018E-2,
-5.563930853679E0));
#12505=DIRECTION('',(-9.543368410614E-1,0.E0,2.987326460112E-1));
#12506=DIRECTION('',(-2.987326460112E-1,0.E0,-9.543368410614E-1));
#12507=AXIS2_PLACEMENT_3D('',#12504,#12505,#12506);
#12508=PLANE('',#12507);
#12509=ORIENTED_EDGE('',*,*,#8014,.F.);
#12510=ORIENTED_EDGE('',*,*,#11687,.T.);
#12512=ORIENTED_EDGE('',*,*,#12511,.F.);
#12513=ORIENTED_EDGE('',*,*,#12496,.F.);
#12514=EDGE_LOOP('',(#12509,#12510,#12512,#12513));
#12515=FACE_OUTER_BOUND('',#12514,.F.);
#12517=CARTESIAN_POINT('',(0.E0,1.000000000002E-1,0.E0));
#12518=DIRECTION('',(0.E0,-1.E0,0.E0));
#12519=DIRECTION('',(1.E0,0.E0,0.E0));
#12520=AXIS2_PLACEMENT_3D('',#12517,#12518,#12519);
#12521=PLANE('',#12520);
#12522=ORIENTED_EDGE('',*,*,#11685,.F.);
#12523=ORIENTED_EDGE('',*,*,#11700,.T.);
#12524=ORIENTED_EDGE('',*,*,#11714,.T.);
#12525=ORIENTED_EDGE('',*,*,#11728,.T.);
#12526=ORIENTED_EDGE('',*,*,#11742,.T.);
#12527=ORIENTED_EDGE('',*,*,#11756,.T.);
#12528=ORIENTED_EDGE('',*,*,#11770,.T.);
#12529=ORIENTED_EDGE('',*,*,#11784,.T.);
#12530=ORIENTED_EDGE('',*,*,#11798,.T.);
#12531=ORIENTED_EDGE('',*,*,#11812,.T.);
#12532=ORIENTED_EDGE('',*,*,#11826,.F.);
#12533=ORIENTED_EDGE('',*,*,#11840,.T.);
#12534=ORIENTED_EDGE('',*,*,#11854,.T.);
#12535=ORIENTED_EDGE('',*,*,#11868,.T.);
#12536=ORIENTED_EDGE('',*,*,#11882,.T.);
#12537=ORIENTED_EDGE('',*,*,#11896,.T.);
#12538=ORIENTED_EDGE('',*,*,#11910,.F.);
#12539=ORIENTED_EDGE('',*,*,#11924,.T.);
#12540=ORIENTED_EDGE('',*,*,#11938,.T.);
#12541=ORIENTED_EDGE('',*,*,#11952,.T.);
#12542=ORIENTED_EDGE('',*,*,#11966,.T.);
#12543=ORIENTED_EDGE('',*,*,#11980,.T.);
#12544=ORIENTED_EDGE('',*,*,#11994,.T.);
#12545=ORIENTED_EDGE('',*,*,#12008,.F.);
#12546=ORIENTED_EDGE('',*,*,#12022,.T.);
#12547=ORIENTED_EDGE('',*,*,#12036,.F.);
#12548=ORIENTED_EDGE('',*,*,#12050,.T.);
#12549=ORIENTED_EDGE('',*,*,#12064,.T.);
#12550=ORIENTED_EDGE('',*,*,#12078,.T.);
#12551=ORIENTED_EDGE('',*,*,#12092,.T.);
#12552=ORIENTED_EDGE('',*,*,#12106,.T.);
#12553=ORIENTED_EDGE('',*,*,#12120,.T.);
#12554=ORIENTED_EDGE('',*,*,#12134,.F.);
#12555=ORIENTED_EDGE('',*,*,#12148,.T.);
#12556=ORIENTED_EDGE('',*,*,#12162,.T.);
#12557=ORIENTED_EDGE('',*,*,#12176,.T.);
#12558=ORIENTED_EDGE('',*,*,#12190,.T.);
#12559=ORIENTED_EDGE('',*,*,#12204,.T.);
#12560=ORIENTED_EDGE('',*,*,#12218,.F.);
#12561=ORIENTED_EDGE('',*,*,#12232,.T.);
#12562=ORIENTED_EDGE('',*,*,#12246,.T.);
#12563=ORIENTED_EDGE('',*,*,#12260,.T.);
#12564=ORIENTED_EDGE('',*,*,#12274,.T.);
#12565=ORIENTED_EDGE('',*,*,#12288,.T.);
#12566=ORIENTED_EDGE('',*,*,#12302,.T.);
#12567=ORIENTED_EDGE('',*,*,#12316,.T.);
#12568=ORIENTED_EDGE('',*,*,#12330,.T.);
#12569=ORIENTED_EDGE('',*,*,#12344,.T.);
#12570=ORIENTED_EDGE('',*,*,#12358,.T.);
#12571=ORIENTED_EDGE('',*,*,#12372,.T.);
#12572=ORIENTED_EDGE('',*,*,#12386,.T.);
#12573=ORIENTED_EDGE('',*,*,#12400,.T.);
#12574=ORIENTED_EDGE('',*,*,#12414,.T.);
#12575=ORIENTED_EDGE('',*,*,#12428,.T.);
#12576=ORIENTED_EDGE('',*,*,#12442,.T.);
#12577=ORIENTED_EDGE('',*,*,#12456,.T.);
#12578=ORIENTED_EDGE('',*,*,#12470,.T.);
#12579=ORIENTED_EDGE('',*,*,#12484,.T.);
#12580=ORIENTED_EDGE('',*,*,#12498,.T.);
#12581=ORIENTED_EDGE('',*,*,#12511,.T.);
#12582=EDGE_LOOP('',(#12522,#12523,#12524,#12525,#12526,#12527,#12528,#12529,
#12530,#12531,#12532,#12533,#12534,#12535,#12536,#12537,#12538,#12539,#12540,
#12541,#12542,#12543,#12544,#12545,#12546,#12547,#12548,#12549,#12550,#12551,
#12552,#12553,#12554,#12555,#12556,#12557,#12558,#12559,#12560,#12561,#12562,
#12563,#12564,#12565,#12566,#12567,#12568,#12569,#12570,#12571,#12572,#12573,
#12574,#12575,#12576,#12577,#12578,#12579,#12580,#12581));
#12583=FACE_OUTER_BOUND('',#12582,.F.);
#12585=CARTESIAN_POINT('',(1.124055986626E1,5.000000000018E-2,
-2.909380484579E0));
#12586=DIRECTION('',(0.E0,0.E0,-1.E0));
#12587=DIRECTION('',(1.E0,0.E0,0.E0));
#12588=AXIS2_PLACEMENT_3D('',#12585,#12586,#12587);
#12589=PLANE('',#12588);
#12590=ORIENTED_EDGE('',*,*,#8134,.F.);
#12592=ORIENTED_EDGE('',*,*,#12591,.T.);
#12594=ORIENTED_EDGE('',*,*,#12593,.T.);
#12596=ORIENTED_EDGE('',*,*,#12595,.F.);
#12597=EDGE_LOOP('',(#12590,#12592,#12594,#12596));
#12598=FACE_OUTER_BOUND('',#12597,.F.);
#12600=CARTESIAN_POINT('',(1.124055986626E1,5.000000000018E-2,
-1.415007861405E0));
#12601=DIRECTION('',(-1.E0,0.E0,0.E0));
#12602=DIRECTION('',(0.E0,0.E0,-1.E0));
#12603=AXIS2_PLACEMENT_3D('',#12600,#12601,#12602);
#12604=PLANE('',#12603);
#12605=ORIENTED_EDGE('',*,*,#8142,.F.);
#12607=ORIENTED_EDGE('',*,*,#12606,.T.);
#12609=ORIENTED_EDGE('',*,*,#12608,.T.);
#12610=ORIENTED_EDGE('',*,*,#12591,.F.);
#12611=EDGE_LOOP('',(#12605,#12607,#12609,#12610));
#12612=FACE_OUTER_BOUND('',#12611,.F.);
#12614=CARTESIAN_POINT('',(1.198857789572E1,5.000000000018E-2,
-1.415007861405E0));
#12615=DIRECTION('',(0.E0,0.E0,1.E0));
#12616=DIRECTION('',(-1.E0,0.E0,0.E0));
#12617=AXIS2_PLACEMENT_3D('',#12614,#12615,#12616);
#12618=PLANE('',#12617);
#12619=ORIENTED_EDGE('',*,*,#8140,.F.);
#12621=ORIENTED_EDGE('',*,*,#12620,.T.);
#12623=ORIENTED_EDGE('',*,*,#12622,.T.);
#12624=ORIENTED_EDGE('',*,*,#12606,.F.);
#12625=EDGE_LOOP('',(#12619,#12621,#12623,#12624));
#12626=FACE_OUTER_BOUND('',#12625,.F.);
#12628=CARTESIAN_POINT('',(1.273577180289E1,5.000000000018E-2,
-2.162186577406E0));
#12629=DIRECTION('',(7.070995929959E-1,0.E0,7.071139693041E-1));
#12630=DIRECTION('',(-7.071139693041E-1,0.E0,7.070995929959E-1));
#12631=AXIS2_PLACEMENT_3D('',#12628,#12629,#12630);
#12632=PLANE('',#12631);
#12633=ORIENTED_EDGE('',*,*,#8138,.F.);
#12635=ORIENTED_EDGE('',*,*,#12634,.T.);
#12637=ORIENTED_EDGE('',*,*,#12636,.F.);
#12638=ORIENTED_EDGE('',*,*,#12620,.F.);
#12639=EDGE_LOOP('',(#12633,#12635,#12637,#12638));
#12640=FACE_OUTER_BOUND('',#12639,.F.);
#12642=CARTESIAN_POINT('',(1.198857789572E1,5.000000000018E-2,
-2.909380484579E0));
#12643=DIRECTION('',(7.071067811862E-1,0.E0,-7.071067811869E-1));
#12644=DIRECTION('',(7.071067811869E-1,0.E0,7.071067811862E-1));
#12645=AXIS2_PLACEMENT_3D('',#12642,#12643,#12644);
#12646=PLANE('',#12645);
#12647=ORIENTED_EDGE('',*,*,#8136,.F.);
#12648=ORIENTED_EDGE('',*,*,#12595,.T.);
#12650=ORIENTED_EDGE('',*,*,#12649,.F.);
#12651=ORIENTED_EDGE('',*,*,#12634,.F.);
#12652=EDGE_LOOP('',(#12647,#12648,#12650,#12651));
#12653=FACE_OUTER_BOUND('',#12652,.F.);
#12655=CARTESIAN_POINT('',(0.E0,1.000000000002E-1,0.E0));
#12656=DIRECTION('',(0.E0,-1.E0,0.E0));
#12657=DIRECTION('',(1.E0,0.E0,0.E0));
#12658=AXIS2_PLACEMENT_3D('',#12655,#12656,#12657);
#12659=PLANE('',#12658);
#12660=ORIENTED_EDGE('',*,*,#12593,.F.);
#12661=ORIENTED_EDGE('',*,*,#12608,.F.);
#12662=ORIENTED_EDGE('',*,*,#12622,.F.);
#12663=ORIENTED_EDGE('',*,*,#12636,.T.);
#12664=ORIENTED_EDGE('',*,*,#12649,.T.);
#12665=EDGE_LOOP('',(#12660,#12661,#12662,#12663,#12664));
#12666=FACE_OUTER_BOUND('',#12665,.F.);
#12668=ORIENTED_EDGE('',*,*,#12667,.T.);
#12670=ORIENTED_EDGE('',*,*,#12669,.F.);
#12672=ORIENTED_EDGE('',*,*,#12671,.T.);
#12673=EDGE_LOOP('',(#12668,#12670,#12672));
#12674=FACE_BOUND('',#12673,.F.);
#12676=CARTESIAN_POINT('',(1.198862125866E1,5.000000000018E-2,
-2.868043398415E0));
#12677=DIRECTION('',(7.080148683438E-1,0.E0,7.061975263367E-1));
#12678=DIRECTION('',(-7.061975263367E-1,0.E0,7.080148683438E-1));
#12679=AXIS2_PLACEMENT_3D('',#12676,#12677,#12678);
#12680=PLANE('',#12679);
#12682=ORIENTED_EDGE('',*,*,#12681,.F.);
#12684=ORIENTED_EDGE('',*,*,#12683,.T.);
#12685=ORIENTED_EDGE('',*,*,#12667,.F.);
#12687=ORIENTED_EDGE('',*,*,#12686,.F.);
#12688=EDGE_LOOP('',(#12682,#12684,#12685,#12687));
#12689=FACE_OUTER_BOUND('',#12688,.F.);
#12691=CARTESIAN_POINT('',(1.372999999994E1,5.000000000018E-2,0.E0));
#12692=DIRECTION('',(0.E0,-1.E0,0.E0));
#12693=DIRECTION('',(0.E0,0.E0,-1.E0));
#12694=AXIS2_PLACEMENT_3D('',#12691,#12692,#12693);
#12695=PLANE('',#12694);
#12696=ORIENTED_EDGE('',*,*,#12681,.T.);
#12698=ORIENTED_EDGE('',*,*,#12697,.T.);
#12700=ORIENTED_EDGE('',*,*,#12699,.T.);
#12701=EDGE_LOOP('',(#12696,#12698,#12700));
#12702=FACE_OUTER_BOUND('',#12701,.F.);
#12704=CARTESIAN_POINT('',(1.128458381615E1,5.000000000018E-2,
-2.162194172701E0));
#12705=DIRECTION('',(7.080148683422E-1,0.E0,-7.061975263384E-1));
#12706=DIRECTION('',(7.061975263384E-1,0.E0,7.080148683422E-1));
#12707=AXIS2_PLACEMENT_3D('',#12704,#12705,#12706);
#12708=PLANE('',#12707);
#12709=ORIENTED_EDGE('',*,*,#12697,.F.);
#12710=ORIENTED_EDGE('',*,*,#12686,.T.);
#12711=ORIENTED_EDGE('',*,*,#12671,.F.);
#12713=ORIENTED_EDGE('',*,*,#12712,.F.);
#12714=EDGE_LOOP('',(#12709,#12710,#12711,#12713));
#12715=FACE_OUTER_BOUND('',#12714,.F.);
#12717=CARTESIAN_POINT('',(1.198862125866E1,5.000000000018E-2,
-1.456344946990E0));
#12718=DIRECTION('',(-1.E0,0.E0,0.E0));
#12719=DIRECTION('',(0.E0,0.E0,-1.E0));
#12720=AXIS2_PLACEMENT_3D('',#12717,#12718,#12719);
#12721=PLANE('',#12720);
#12722=ORIENTED_EDGE('',*,*,#12699,.F.);
#12723=ORIENTED_EDGE('',*,*,#12712,.T.);
#12724=ORIENTED_EDGE('',*,*,#12669,.T.);
#12725=ORIENTED_EDGE('',*,*,#12683,.F.);
#12726=EDGE_LOOP('',(#12722,#12723,#12724,#12725));
#12727=FACE_OUTER_BOUND('',#12726,.F.);
#12729=CARTESIAN_POINT('',(5.319999999940E0,0.E0,0.E0));
#12730=DIRECTION('',(1.E0,0.E0,0.E0));
#12731=DIRECTION('',(0.E0,0.E0,-1.E0));
#12732=AXIS2_PLACEMENT_3D('',#12729,#12730,#12731);
#12733=PLANE('',#12732);
#12734=ORIENTED_EDGE('',*,*,#6574,.T.);
#12735=ORIENTED_EDGE('',*,*,#7338,.T.);
#12736=ORIENTED_EDGE('',*,*,#7353,.F.);
#12737=ORIENTED_EDGE('',*,*,#7368,.F.);
#12738=ORIENTED_EDGE('',*,*,#7383,.T.);
#12739=ORIENTED_EDGE('',*,*,#7398,.F.);
#12740=ORIENTED_EDGE('',*,*,#7413,.T.);
#12741=ORIENTED_EDGE('',*,*,#7428,.T.);
#12742=ORIENTED_EDGE('',*,*,#7443,.T.);
#12743=ORIENTED_EDGE('',*,*,#7725,.T.);
#12744=EDGE_LOOP('',(#12734,#12735,#12736,#12737,#12738,#12739,#12740,#12741,
#12742,#12743));
#12745=FACE_OUTER_BOUND('',#12744,.F.);
#12747=CARTESIAN_POINT('',(1.372999999994E1,0.E0,0.E0));
#12748=DIRECTION('',(1.E0,0.E0,0.E0));
#12749=DIRECTION('',(0.E0,0.E0,-1.E0));
#12750=AXIS2_PLACEMENT_3D('',#12747,#12748,#12749);
#12751=PLANE('',#12750);
#12752=ORIENTED_EDGE('',*,*,#6578,.F.);
#12753=ORIENTED_EDGE('',*,*,#7728,.F.);
#12754=ORIENTED_EDGE('',*,*,#7446,.F.);
#12755=ORIENTED_EDGE('',*,*,#7431,.T.);
#12756=ORIENTED_EDGE('',*,*,#7416,.F.);
#12757=ORIENTED_EDGE('',*,*,#7401,.T.);
#12758=ORIENTED_EDGE('',*,*,#7386,.T.);
#12759=ORIENTED_EDGE('',*,*,#7371,.T.);
#12760=ORIENTED_EDGE('',*,*,#7356,.T.);
#12761=ORIENTED_EDGE('',*,*,#7341,.T.);
#12762=EDGE_LOOP('',(#12752,#12753,#12754,#12755,#12756,#12757,#12758,#12759,
#12760,#12761));
#12763=FACE_OUTER_BOUND('',#12762,.F.);
#12765=CARTESIAN_POINT('',(1.102999999990E1,6.499776766740E0,
-8.000000002003E-1));
#12766=DIRECTION('',(1.E0,0.E0,0.E0));
#12767=DIRECTION('',(0.E0,-1.E0,0.E0));
#12768=AXIS2_PLACEMENT_3D('',#12765,#12766,#12767);
#12769=PLANE('',#12768);
#12770=ORIENTED_EDGE('',*,*,#6317,.T.);
#12772=ORIENTED_EDGE('',*,*,#12771,.T.);
#12774=ORIENTED_EDGE('',*,*,#12773,.F.);
#12775=ORIENTED_EDGE('',*,*,#6421,.F.);
#12776=EDGE_LOOP('',(#12770,#12772,#12774,#12775));
#12777=FACE_OUTER_BOUND('',#12776,.F.);
#12779=CARTESIAN_POINT('',(1.102999999990E1,6.349776769080E0,
-8.000000002003E-1));
#12780=DIRECTION('',(0.E0,1.E0,0.E0));
#12781=DIRECTION('',(1.E0,0.E0,0.E0));
#12782=AXIS2_PLACEMENT_3D('',#12779,#12780,#12781);
#12783=PLANE('',#12782);
#12784=ORIENTED_EDGE('',*,*,#6315,.T.);
#12786=ORIENTED_EDGE('',*,*,#12785,.T.);
#12788=ORIENTED_EDGE('',*,*,#12787,.F.);
#12789=ORIENTED_EDGE('',*,*,#12771,.F.);
#12790=EDGE_LOOP('',(#12784,#12786,#12788,#12789));
#12791=FACE_OUTER_BOUND('',#12790,.F.);
#12793=CARTESIAN_POINT('',(1.183000000010E1,6.299776767960E0,
-8.000000002003E-1));
#12794=DIRECTION('',(-1.E0,0.E0,0.E0));
#12795=DIRECTION('',(0.E0,1.E0,0.E0));
#12796=AXIS2_PLACEMENT_3D('',#12793,#12794,#12795);
#12797=PLANE('',#12796);
#12798=ORIENTED_EDGE('',*,*,#6313,.T.);
#12799=ORIENTED_EDGE('',*,*,#6425,.T.);
#12801=ORIENTED_EDGE('',*,*,#12800,.F.);
#12802=ORIENTED_EDGE('',*,*,#12785,.F.);
#12803=EDGE_LOOP('',(#12798,#12799,#12801,#12802));
#12804=FACE_OUTER_BOUND('',#12803,.F.);
#12806=CARTESIAN_POINT('',(2.286E1,0.E0,-3.600000000900E0));
#12807=DIRECTION('',(0.E0,0.E0,1.E0));
#12808=DIRECTION('',(-1.E0,0.E0,0.E0));
#12809=AXIS2_PLACEMENT_3D('',#12806,#12807,#12808);
#12810=PLANE('',#12809);
#12811=ORIENTED_EDGE('',*,*,#12787,.T.);
#12812=ORIENTED_EDGE('',*,*,#12800,.T.);
#12813=ORIENTED_EDGE('',*,*,#6423,.T.);
#12814=ORIENTED_EDGE('',*,*,#12773,.T.);
#12815=EDGE_LOOP('',(#12811,#12812,#12813,#12814));
#12816=FACE_OUTER_BOUND('',#12815,.F.);
#12818=CARTESIAN_POINT('',(1.142999999994E1,2.65E0,-3.549999999760E0));
#12819=DIRECTION('',(0.E0,-1.E0,0.E0));
#12820=DIRECTION('',(1.E0,0.E0,0.E0));
#12821=AXIS2_PLACEMENT_3D('',#12818,#12819,#12820);
#12822=PLANE('',#12821);
#12823=ORIENTED_EDGE('',*,*,#6149,.T.);
#12824=ORIENTED_EDGE('',*,*,#6181,.T.);
#12825=ORIENTED_EDGE('',*,*,#6254,.F.);
#12826=ORIENTED_EDGE('',*,*,#6236,.F.);
#12827=EDGE_LOOP('',(#12823,#12824,#12825,#12826));
#12828=FACE_OUTER_BOUND('',#12827,.F.);
#12830=CLOSED_SHELL('',(#6141,#6156,#6170,#6185,#6200,#6213,#6226,#6240,#6259,
#6274,#6287,#6335,#6352,#6366,#6380,#6394,#6408,#6429,#6443,#6457,#6471,#6485,
#6509,#6523,#6539,#6552,#6566,#6645,#6662,#6677,#6693,#6705,#6718,#6739,#6788,
#6804,#6818,#6834,#6847,#6860,#6874,#6886,#6899,#6912,#6925,#6938,#6958,#6972,
#6986,#6999,#7011,#7024,#7037,#7050,#7062,#7077,#7098,#7110,#7125,#7140,#7155,
#7170,#7184,#7197,#7210,#7222,#7234,#7250,#7265,#7280,#7292,#7304,#7317,#7330,
#7345,#7360,#7375,#7390,#7405,#7420,#7435,#7470,#7485,#7500,#7515,#7530,#7544,
#7557,#7570,#7582,#7594,#7609,#7624,#7639,#7654,#7668,#7681,#7694,#7706,#7718,
#8214,#8229,#8243,#8257,#8271,#8285,#8299,#8313,#8327,#8341,#8355,#8369,#8383,
#8397,#8411,#8425,#8439,#8453,#8467,#8481,#8495,#8509,#8523,#8537,#8551,#8565,
#8579,#8593,#8607,#8621,#8635,#8649,#8663,#8676,#8767,#8782,#8837,#8850,#8863,
#8876,#8889,#8902,#8915,#8928,#8941,#8954,#8967,#8980,#8993,#9006,#9019,#9032,
#9045,#9058,#9071,#9084,#9097,#9110,#9123,#9135,#9150,#9164,#9178,#9192,#9206,
#9220,#9234,#9248,#9262,#9275,#9293,#9308,#9322,#9336,#9350,#9364,#9378,#9392,
#9406,#9420,#9434,#9448,#9461,#9481,#9496,#9510,#9524,#9538,#9552,#9566,#9580,
#9594,#9608,#9622,#9636,#9650,#9664,#9678,#9692,#9706,#9720,#9734,#9748,#9762,
#9906,#9919,#9932,#9945,#9958,#9971,#9984,#9997,#10010,#10023,#10036,#10049,
#10062,#10075,#10088,#10101,#10114,#10127,#10140,#10153,#10166,#10179,#10192,
#10205,#10218,#10231,#10244,#10257,#10270,#10283,#10296,#10309,#10322,#10335,
#10348,#10361,#10374,#10387,#10400,#10413,#10426,#10439,#10452,#10465,#10478,
#10491,#10504,#10517,#10530,#10543,#10556,#10569,#10582,#10595,#10608,#10621,
#10634,#10647,#10659,#10674,#10688,#10702,#10716,#10730,#10744,#10758,#10772,
#10786,#10800,#10814,#10828,#10842,#10856,#10870,#10884,#10898,#10912,#10926,
#10940,#10954,#10968,#10982,#10996,#11010,#11024,#11038,#11052,#11066,#11080,
#11094,#11108,#11122,#11136,#11150,#11163,#11263,#11278,#11339,#11352,#11365,
#11378,#11391,#11404,#11417,#11430,#11443,#11456,#11469,#11482,#11495,#11508,
#11521,#11534,#11547,#11560,#11573,#11586,#11599,#11612,#11625,#11638,#11651,
#11664,#11676,#11691,#11705,#11719,#11733,#11747,#11761,#11775,#11789,#11803,
#11817,#11831,#11845,#11859,#11873,#11887,#11901,#11915,#11929,#11943,#11957,
#11971,#11985,#11999,#12013,#12027,#12041,#12055,#12069,#12083,#12097,#12111,
#12125,#12139,#12153,#12167,#12181,#12195,#12209,#12223,#12237,#12251,#12265,
#12279,#12293,#12307,#12321,#12335,#12349,#12363,#12377,#12391,#12405,#12419,
#12433,#12447,#12461,#12475,#12489,#12503,#12516,#12584,#12599,#12613,#12627,
#12641,#12654,#12675,#12690,#12703,#12716,#12728,#12746,#12764,#12778,#12792,
#12805,#12817,#12829));
#12831=DIRECTION('',(3.510470388435E-11,-1.E0,-5.397198066266E-9));
#12832=VECTOR('',#12831,4.749776885641E0);
#12833=CARTESIAN_POINT('',(9.195000000762E0,5.199776767840E0,
-9.200000003016E0));
#12834=LINE('',#12833,#12832);
#12835=DIRECTION('',(-9.999999999999E-1,-3.751924723869E-7,3.813232186890E-9));
#12836=VECTOR('',#12835,8.538878791478E-1);
#12837=CARTESIAN_POINT('',(9.195000000929E0,4.499998821987E-1,
-9.200000028652E0));
#12838=LINE('',#12837,#12836);
#12839=CARTESIAN_POINT('',(7.620011089339E0,-7.499856582499E-1,
-9.199999999760E0));
#12840=DIRECTION('',(0.E0,6.471014200670E-14,1.E0));
#12841=DIRECTION('',(5.150779788284E-1,8.571433227448E-1,-5.582906657894E-14));
#12842=AXIS2_PLACEMENT_3D('',#12839,#12840,#12841);
#12844=CARTESIAN_POINT('',(7.620011089339E0,-7.499856582499E-1,
-9.199999999760E0));
#12845=DIRECTION('',(0.E0,6.471014200670E-14,1.E0));
#12846=DIRECTION('',(0.E0,1.E0,-6.471096353469E-14));
#12847=AXIS2_PLACEMENT_3D('',#12844,#12845,#12846);
#12849=DIRECTION('',(-9.999999999999E-1,3.904161964488E-7,-6.480619212907E-9));
#12850=VECTOR('',#12849,8.535384932545E-1);
#12851=CARTESIAN_POINT('',(6.898538502054E0,4.497762372839E-1,
-9.200000042505E0));
#12852=LINE('',#12851,#12850);
#12853=DIRECTION('',(5.819026889764E-11,1.E0,8.998933621808E-9));
#12854=VECTOR('',#12853,4.750000197321E0);
#12855=CARTESIAN_POINT('',(6.045000008800E0,4.497765705191E-1,
-9.200000048037E0));
#12856=LINE('',#12855,#12854);
#12857=DIRECTION('',(-3.624462617895E-1,9.320046712945E-1,-1.839525411806E-14));
#12858=VECTOR('',#12857,9.656603969699E-1);
#12859=CARTESIAN_POINT('',(6.569999999420E0,5.649776767E0,-9.199999999760E0));
#12860=LINE('',#12859,#12858);
#12861=DIRECTION('',(-3.624462595049E-1,-9.320046721830E-1,1.655572872203E-14));
#12862=VECTOR('',#12861,9.656603960493E-1);
#12863=CARTESIAN_POINT('',(9.019999999080E0,6.549776767860E0,
-9.199999999760E0));
#12864=LINE('',#12863,#12862);
#12865=DIRECTION('',(0.E0,1.E0,-6.471014202577E-14));
#12866=VECTOR('',#12865,6.999999997940E0);
#12867=CARTESIAN_POINT('',(5.714999999940E0,5.000000000018E-2,
-9.199999999760E0));
#12868=LINE('',#12867,#12866);
#12869=DIRECTION('',(0.E0,1.E0,-6.471014202577E-14));
#12870=VECTOR('',#12869,6.999999997940E0);
#12871=CARTESIAN_POINT('',(9.524999999940E0,5.000000000018E-2,
-9.199999999760E0));
#12872=LINE('',#12871,#12870);
#12873=DIRECTION('',(-1.E0,0.E0,0.E0));
#12874=VECTOR('',#12873,3.81E0);
#12875=CARTESIAN_POINT('',(9.524999999940E0,7.049999997940E0,
-9.199999999760E0));
#12876=LINE('',#12875,#12874);
#12877=DIRECTION('',(8.466003202908E-3,-2.425265106334E-1,-9.701078385570E-1));
#12878=VECTOR('',#12877,8.246543363398E-1);
#12879=CARTESIAN_POINT('',(9.188018474676E0,6.500004208699E-1,
-8.399996392868E0));
#12880=LINE('',#12879,#12878);
#12881=DIRECTION('',(0.E0,-1.E0,0.E0));
#12882=VECTOR('',#12881,4.549999792766E0);
#12883=CARTESIAN_POINT('',(6.104342710143E0,5.199776767840E0,
-2.400000000600E0));
#12884=LINE('',#12883,#12882);
#12885=DIRECTION('',(9.999999999999E-1,3.773130253657E-7,0.E0));
#12886=VECTOR('',#12885,7.406591070189E-1);
#12887=CARTESIAN_POINT('',(6.104342710143E0,6.497769750742E-1,
-2.400000000600E0));
#12888=LINE('',#12887,#12886);
#12889=CARTESIAN_POINT('',(7.62E0,-7.499999990800E-1,-2.400000000600E0));
#12890=DIRECTION('',(0.E0,0.E0,-1.E0));
#12891=DIRECTION('',(-4.843746785788E-1,8.748606579060E-1,0.E0));
#12892=AXIS2_PLACEMENT_3D('',#12889,#12890,#12891);
#12894=DIRECTION('',(1.E0,-4.015173578390E-8,0.E0));
#12895=VECTOR('',#12894,7.410609357229E-1);
#12896=CARTESIAN_POINT('',(8.394596364013E0,6.500001209769E-1,
-2.400000000600E0));
#12897=LINE('',#12896,#12895);
#12898=DIRECTION('',(3.513845335918E-14,1.E0,0.E0));
#12899=VECTOR('',#12898,4.549776676618E0);
#12900=CARTESIAN_POINT('',(9.135657299736E0,6.500000912220E-1,
-2.400000000600E0));
#12901=LINE('',#12900,#12899);
#12902=DIRECTION('',(-1.E0,0.E0,0.E0));
#12903=VECTOR('',#12902,7.656573011359E-1);
#12904=CARTESIAN_POINT('',(9.135657299736E0,5.199776767840E0,
-2.400000000600E0));
#12905=LINE('',#12904,#12903);
#12906=DIRECTION('',(0.E0,1.E0,0.E0));
#12907=VECTOR('',#12906,4.499999991600E-1);
#12908=CARTESIAN_POINT('',(8.369999998600E0,5.199776767840E0,
-2.400000000600E0));
#12909=LINE('',#12908,#12907);
#12910=DIRECTION('',(1.E0,0.E0,0.E0));
#12911=VECTOR('',#12910,3.000000019800E-1);
#12912=CARTESIAN_POINT('',(8.369999998600E0,5.649776767E0,-2.400000000600E0));
#12913=LINE('',#12912,#12911);
#12914=DIRECTION('',(3.624462595049E-1,9.320046721830E-1,0.E0));
#12915=VECTOR('',#12914,9.656603960493E-1);
#12916=CARTESIAN_POINT('',(8.670000000580E0,5.649776767E0,-2.400000000600E0));
#12917=LINE('',#12916,#12915);
#12918=DIRECTION('',(-1.E0,2.131628209454E-14,0.E0));
#12919=VECTOR('',#12918,9.999999989801E-1);
#12920=CARTESIAN_POINT('',(9.019999999080E0,6.549776767860E0,
-2.400000000600E0));
#12921=LINE('',#12920,#12919);
#12922=DIRECTION('',(-1.E0,0.E0,0.E0));
#12923=VECTOR('',#12922,1.000000001520E0);
#12924=CARTESIAN_POINT('',(7.219999999900E0,6.549776767860E0,
-2.400000000600E0));
#12925=LINE('',#12924,#12923);
#12926=DIRECTION('',(3.624462617895E-1,-9.320046712945E-1,0.E0));
#12927=VECTOR('',#12926,9.656603969699E-1);
#12928=CARTESIAN_POINT('',(6.219999998380E0,6.549776767860E0,
-2.400000000600E0));
#12929=LINE('',#12928,#12927);
#12930=DIRECTION('',(1.E0,4.144832633003E-14,0.E0));
#12931=VECTOR('',#12930,2.999999994401E-1);
#12932=CARTESIAN_POINT('',(6.569999999420E0,5.649776767E0,-2.400000000600E0));
#12933=LINE('',#12932,#12931);
#12934=DIRECTION('',(0.E0,-1.E0,0.E0));
#12935=VECTOR('',#12934,4.499999991600E-1);
#12936=CARTESIAN_POINT('',(6.869999998860E0,5.649776767E0,-2.400000000600E0));
#12937=LINE('',#12936,#12935);
#12938=DIRECTION('',(-1.E0,0.E0,0.E0));
#12939=VECTOR('',#12938,7.656572887171E-1);
#12940=CARTESIAN_POINT('',(6.869999998860E0,5.199776767840E0,
-2.400000000600E0));
#12941=LINE('',#12940,#12939);
#12942=CARTESIAN_POINT('',(7.62E0,3.05E0,-2.400000000600E0));
#12943=DIRECTION('',(0.E0,0.E0,-1.E0));
#12944=DIRECTION('',(-1.E0,0.E0,0.E0));
#12945=AXIS2_PLACEMENT_3D('',#12942,#12943,#12944);
#12947=CARTESIAN_POINT('',(7.62E0,3.05E0,-2.400000000600E0));
#12948=DIRECTION('',(0.E0,0.E0,-1.E0));
#12949=DIRECTION('',(1.E0,0.E0,0.E0));
#12950=AXIS2_PLACEMENT_3D('',#12947,#12948,#12949);
#12952=DIRECTION('',(8.466004089924E-3,2.425263094480E-1,9.701078888455E-1));
#12953=VECTOR('',#12952,8.246560607886E-1);
#12954=CARTESIAN_POINT('',(6.045000008800E0,4.497765705191E-1,
-9.200000048037E0));
#12955=LINE('',#12954,#12953);
#12956=DIRECTION('',(-1.E0,0.E0,-6.704823446209E-9));
#12957=VECTOR('',#12956,8.249999897836E-1);
#12958=CARTESIAN_POINT('',(6.869999998860E0,5.199776767840E0,
-9.199999999760E0));
#12959=LINE('',#12958,#12957);
#12960=DIRECTION('',(8.726535505481E-3,0.E0,9.999619230641E-1));
#12961=VECTOR('',#12960,6.800258937715E0);
#12962=CARTESIAN_POINT('',(6.045000009076E0,5.199776767840E0,
-9.200000005292E0));
#12963=LINE('',#12962,#12961);
#12964=DIRECTION('',(0.E0,-1.E0,2.763221755336E-14));
#12965=VECTOR('',#12964,4.499999991600E-1);
#12966=CARTESIAN_POINT('',(6.869999998860E0,5.649776767E0,-9.199999999760E0));
#12967=LINE('',#12966,#12965);
#12968=DIRECTION('',(0.E0,0.E0,1.E0));
#12969=VECTOR('',#12968,6.799999999160E0);
#12970=CARTESIAN_POINT('',(6.869999998860E0,5.199776767840E0,
-9.199999999760E0));
#12971=LINE('',#12970,#12969);
#12972=DIRECTION('',(1.E0,3.848773159218E-14,0.E0));
#12973=VECTOR('',#12972,2.999999994400E-1);
#12974=CARTESIAN_POINT('',(6.569999999420E0,5.649776767E0,-9.199999999760E0));
#12975=LINE('',#12974,#12973);
#12976=DIRECTION('',(0.E0,0.E0,1.E0));
#12977=VECTOR('',#12976,6.799999999160E0);
#12978=CARTESIAN_POINT('',(6.869999998860E0,5.649776767E0,-9.199999999760E0));
#12979=LINE('',#12978,#12977);
#12980=DIRECTION('',(0.E0,0.E0,1.E0));
#12981=VECTOR('',#12980,6.799999999160E0);
#12982=CARTESIAN_POINT('',(6.569999999420E0,5.649776767E0,-9.199999999760E0));
#12983=LINE('',#12982,#12981);
#12984=DIRECTION('',(-1.E0,0.E0,0.E0));
#12985=VECTOR('',#12984,2.800000000700E0);
#12986=CARTESIAN_POINT('',(9.019999999080E0,6.549776767860E0,
-9.199999999760E0));
#12987=LINE('',#12986,#12985);
#12988=DIRECTION('',(0.E0,0.E0,1.E0));
#12989=VECTOR('',#12988,6.799999999160E0);
#12990=CARTESIAN_POINT('',(6.219999998380E0,6.549776767860E0,
-9.199999999760E0));
#12991=LINE('',#12990,#12989);
#12992=DIRECTION('',(0.E0,0.E0,-1.E0));
#12993=VECTOR('',#12992,1.200000000300E0);
#12994=CARTESIAN_POINT('',(7.219999999900E0,6.549776767860E0,
-2.400000000600E0));
#12995=LINE('',#12994,#12993);
#12996=DIRECTION('',(0.E0,0.E0,1.E0));
#12997=VECTOR('',#12996,6.799999999160E0);
#12998=CARTESIAN_POINT('',(9.019999999080E0,6.549776767860E0,
-9.199999999760E0));
#12999=LINE('',#12998,#12997);
#13000=DIRECTION('',(1.E0,0.E0,0.E0));
#13001=VECTOR('',#13000,3.000000019800E-1);
#13002=CARTESIAN_POINT('',(8.369999998600E0,5.649776767E0,-9.199999999760E0));
#13003=LINE('',#13002,#13001);
#13004=DIRECTION('',(0.E0,0.E0,1.E0));
#13005=VECTOR('',#13004,6.799999999160E0);
#13006=CARTESIAN_POINT('',(8.670000000580E0,5.649776767E0,-9.199999999760E0));
#13007=LINE('',#13006,#13005);
#13008=DIRECTION('',(0.E0,1.E0,-3.157967720384E-14));
#13009=VECTOR('',#13008,4.499999991600E-1);
#13010=CARTESIAN_POINT('',(8.369999998600E0,5.199776767840E0,
-9.199999999760E0));
#13011=LINE('',#13010,#13009);
#13012=DIRECTION('',(0.E0,0.E0,1.E0));
#13013=VECTOR('',#13012,6.799999999160E0);
#13014=CARTESIAN_POINT('',(8.369999998600E0,5.649776767E0,-9.199999999760E0));
#13015=LINE('',#13014,#13013);
#13016=DIRECTION('',(8.726535502542E-3,0.E0,-9.999619230641E-1));
#13017=VECTOR('',#13016,6.800258935440E0);
#13018=CARTESIAN_POINT('',(9.135657299736E0,5.199776767840E0,
-2.400000000600E0));
#13019=LINE('',#13018,#13017);
#13020=DIRECTION('',(-1.E0,0.E0,3.946782822868E-9));
#13021=VECTOR('',#13020,8.250000021625E-1);
#13022=CARTESIAN_POINT('',(9.195000000762E0,5.199776767840E0,
-9.200000003016E0));
#13023=LINE('',#13022,#13021);
#13024=DIRECTION('',(0.E0,0.E0,1.E0));
#13025=VECTOR('',#13024,6.799999999160E0);
#13026=CARTESIAN_POINT('',(8.369999998600E0,5.199776767840E0,
-9.199999999760E0));
#13027=LINE('',#13026,#13025);
#13028=DIRECTION('',(0.E0,-1.E0,0.E0));
#13029=VECTOR('',#13028,1.999999987800E-1);
#13030=CARTESIAN_POINT('',(7.219999999900E0,6.549776767860E0,
-2.400000000600E0));
#13031=LINE('',#13030,#13029);
#13032=DIRECTION('',(0.E0,0.E0,-1.E0));
#13033=VECTOR('',#13032,1.200000000300E0);
#13034=CARTESIAN_POINT('',(7.219999999900E0,6.349776769080E0,
-2.400000000600E0));
#13035=LINE('',#13034,#13033);
#13036=DIRECTION('',(1.E0,0.E0,0.E0));
#13037=VECTOR('',#13036,8.000000002E-1);
#13038=CARTESIAN_POINT('',(7.219999999900E0,6.349776769080E0,
-2.400000000600E0));
#13039=LINE('',#13038,#13037);
#13040=DIRECTION('',(0.E0,0.E0,-1.E0));
#13041=VECTOR('',#13040,1.200000000300E0);
#13042=CARTESIAN_POINT('',(8.020000000100E0,6.349776769080E0,
-2.400000000600E0));
#13043=LINE('',#13042,#13041);
#13044=DIRECTION('',(0.E0,1.E0,0.E0));
#13045=VECTOR('',#13044,1.999999987800E-1);
#13046=CARTESIAN_POINT('',(8.020000000100E0,6.349776769080E0,
-2.400000000600E0));
#13047=LINE('',#13046,#13045);
#13048=DIRECTION('',(0.E0,0.E0,-1.E0));
#13049=VECTOR('',#13048,1.200000000300E0);
#13050=CARTESIAN_POINT('',(8.020000000100E0,6.549776767860E0,
-2.400000000600E0));
#13051=LINE('',#13050,#13049);
#13052=DIRECTION('',(1.E0,0.E0,0.E0));
#13053=VECTOR('',#13052,8.000000002E-1);
#13054=CARTESIAN_POINT('',(7.219999999900E0,6.349776769080E0,
-3.600000000900E0));
#13055=LINE('',#13054,#13053);
#13056=DIRECTION('',(0.E0,1.E0,0.E0));
#13057=VECTOR('',#13056,1.999999987800E-1);
#13058=CARTESIAN_POINT('',(8.020000000100E0,6.349776769080E0,
-3.600000000900E0));
#13059=LINE('',#13058,#13057);
#13060=DIRECTION('',(-1.E0,0.E0,0.E0));
#13061=VECTOR('',#13060,8.000000002E-1);
#13062=CARTESIAN_POINT('',(8.020000000100E0,6.549776767860E0,
-3.600000000900E0));
#13063=LINE('',#13062,#13061);
#13064=DIRECTION('',(0.E0,-1.E0,0.E0));
#13065=VECTOR('',#13064,1.999999987800E-1);
#13066=CARTESIAN_POINT('',(7.219999999900E0,6.549776767860E0,
-3.600000000900E0));
#13067=LINE('',#13066,#13065);
#13068=DIRECTION('',(-9.999999999959E-1,1.273758714615E-6,-2.574260404025E-6));
#13069=VECTOR('',#13068,7.930222393315E-1);
#13070=CARTESIAN_POINT('',(6.845003789712E0,6.497763513871E-1,
-8.399992656435E0));
#13071=LINE('',#13070,#13069);
#13072=DIRECTION('',(-8.726535380227E-3,6.440291819933E-8,-9.999619230652E-1));
#13073=VECTOR('',#13072,6.000223167388E0);
#13074=CARTESIAN_POINT('',(6.104342710143E0,6.497769750742E-1,
-2.400000000600E0));
#13075=LINE('',#13074,#13073);
#13076=DIRECTION('',(-6.676787884010E-8,-1.979343059909E-7,1.E0));
#13077=VECTOR('',#13076,5.999993436597E0);
#13078=CARTESIAN_POINT('',(8.394596764620E0,6.500013085814E-1,
-8.399993437197E0));
#13079=LINE('',#13078,#13077);
#13080=DIRECTION('',(3.287587237167E-7,-1.505247567380E-7,-9.999999999999E-1));
#13081=VECTOR('',#13080,5.999992655836E0);
#13082=CARTESIAN_POINT('',(6.845001817162E0,6.497772545346E-1,
-2.400000000600E0));
#13083=LINE('',#13082,#13081);
#13084=DIRECTION('',(-8.726535445112E-3,-5.493926212245E-8,9.999619230646E-1));
#13085=VECTOR('',#13084,6.000224862443E0);
#13086=CARTESIAN_POINT('',(9.188018474676E0,6.500004208699E-1,
-8.399996392868E0));
#13087=LINE('',#13086,#13085);
#13088=DIRECTION('',(-9.999999999924E-1,1.118839429621E-6,3.725221023556E-6));
#13089=VECTOR('',#13088,7.934217100629E-1);
#13090=CARTESIAN_POINT('',(9.188018474676E0,6.500004208699E-1,
-8.399996392868E0));
#13091=LINE('',#13090,#13089);
#13092=CARTESIAN_POINT('',(8.394596764620E0,6.500013085814E-1,
-8.399993437197E0));
#13093=CARTESIAN_POINT('',(8.388857849419E0,6.277759443951E-1,
-8.488894893943E0));
#13094=CARTESIAN_POINT('',(8.377265841427E0,5.833264961527E-1,
-8.666694404720E0));
#13095=CARTESIAN_POINT('',(8.359428481362E0,5.166596203394E-1,
-8.933362147266E0));
#13096=CARTESIAN_POINT('',(8.347274891349E0,4.722184557979E-1,
-9.111124449509E0));
#13097=CARTESIAN_POINT('',(8.341112121782E0,4.499995618264E-1,
-9.200000025396E0));
#13099=CARTESIAN_POINT('',(7.620011089339E0,-7.499856582499E-1,
-8.399991221762E0));
#13100=DIRECTION('',(0.E0,6.471014200670E-14,1.E0));
#13101=DIRECTION('',(4.841211013308E-1,8.750010052830E-1,-5.662186739476E-14));
#13102=AXIS2_PLACEMENT_3D('',#13099,#13100,#13101);
#13104=CARTESIAN_POINT('',(7.620011089339E0,-7.499856582499E-1,
-8.399991221762E0));
#13105=DIRECTION('',(0.E0,6.471014200670E-14,1.E0));
#13106=DIRECTION('',(-5.417935546793E-12,1.E0,-6.439349625287E-14));
#13107=AXIS2_PLACEMENT_3D('',#13104,#13105,#13106);
#13109=CARTESIAN_POINT('',(6.845003789712E0,6.497763513871E-1,
-8.399992656435E0));
#13110=CARTESIAN_POINT('',(6.850861700036E0,6.271041347785E-1,
-8.490681522870E0));
#13111=CARTESIAN_POINT('',(6.862642075660E0,5.820622927398E-1,
-8.670861822789E0));
#13112=CARTESIAN_POINT('',(6.880495256680E0,5.153942090774E-1,
-8.937529999645E0));
#13113=CARTESIAN_POINT('',(6.892495953174E0,4.715486073586E-1,
-9.112910562206E0));
#13114=CARTESIAN_POINT('',(6.898538502054E0,4.497762372839E-1,
-9.200000042505E0));
#13116=DIRECTION('',(0.E0,0.E0,-1.E0));
#13117=VECTOR('',#13116,1.099999999640E0);
#13118=CARTESIAN_POINT('',(6.670000000080E0,3.05E0,-2.400000000600E0));
#13119=LINE('',#13118,#13117);
#13120=CARTESIAN_POINT('',(7.62E0,3.05E0,-3.500000000240E0));
#13121=DIRECTION('',(0.E0,0.E0,1.E0));
#13122=DIRECTION('',(1.E0,0.E0,0.E0));
#13123=AXIS2_PLACEMENT_3D('',#13120,#13121,#13122);
#13125=CARTESIAN_POINT('',(7.62E0,3.05E0,-3.500000000240E0));
#13126=DIRECTION('',(0.E0,0.E0,1.E0));
#13127=DIRECTION('',(-1.E0,0.E0,0.E0));
#13128=AXIS2_PLACEMENT_3D('',#13125,#13126,#13127);
#13130=DIRECTION('',(1.E0,0.E0,0.E0));
#13131=VECTOR('',#13130,7.999999999999E-1);
#13132=CARTESIAN_POINT('',(7.219999999940E0,3.45E0,-3.500000000240E0));
#13133=LINE('',#13132,#13131);
#13134=DIRECTION('',(1.065814103640E-13,-1.E0,0.E0));
#13135=VECTOR('',#13134,8.E-1);
#13136=CARTESIAN_POINT('',(8.019999999940E0,3.45E0,-3.500000000240E0));
#13137=LINE('',#13136,#13135);
#13138=DIRECTION('',(-1.E0,0.E0,0.E0));
#13139=VECTOR('',#13138,8.000000000001E-1);
#13140=CARTESIAN_POINT('',(8.019999999940E0,2.65E0,-3.500000000240E0));
#13141=LINE('',#13140,#13139);
#13142=DIRECTION('',(1.065814103640E-13,1.E0,0.E0));
#13143=VECTOR('',#13142,8.E-1);
#13144=CARTESIAN_POINT('',(7.219999999940E0,2.65E0,-3.500000000240E0));
#13145=LINE('',#13144,#13143);
#13146=DIRECTION('',(0.E0,0.E0,-1.E0));
#13147=VECTOR('',#13146,1.099999999640E0);
#13148=CARTESIAN_POINT('',(8.569999999920E0,3.05E0,-2.400000000600E0));
#13149=LINE('',#13148,#13147);
#13150=DIRECTION('',(0.E0,-6.762844253782E-14,1.E0));
#13151=VECTOR('',#13150,3.499999999522E0);
#13152=CARTESIAN_POINT('',(8.019999999940E0,3.45E0,-6.999999999762E0));
#13153=LINE('',#13152,#13151);
#13154=DIRECTION('',(3.015113445791E-1,3.015113445783E-1,9.045340337327E-1));
#13155=VECTOR('',#13154,6.633249580688E-1);
#13156=CARTESIAN_POINT('',(7.819999999940E0,3.250000000001E0,
-7.599999999760E0));
#13157=LINE('',#13156,#13155);
#13158=DIRECTION('',(-1.E0,2.248201624866E-13,1.176836406103E-13));
#13159=VECTOR('',#13158,8.E-1);
#13160=CARTESIAN_POINT('',(8.019999999940E0,3.45E0,-6.999999999762E0));
#13161=LINE('',#13160,#13159);
#13162=DIRECTION('',(3.015113445791E-1,-3.015113445782E-1,-9.045340337327E-1));
#13163=VECTOR('',#13162,6.633249580689E-1);
#13164=CARTESIAN_POINT('',(7.219999999940E0,3.45E0,-6.999999999762E0));
#13165=LINE('',#13164,#13163);
#13166=DIRECTION('',(-3.015113445786E-1,-3.015113445793E-1,9.045340337325E-1));
#13167=VECTOR('',#13166,6.633249580708E-1);
#13168=CARTESIAN_POINT('',(7.419999999940E0,2.850000000001E0,
-7.599999999760E0));
#13169=LINE('',#13168,#13167);
#13170=DIRECTION('',(1.E0,0.E0,-1.187938636349E-13));
#13171=VECTOR('',#13170,8.000000000003E-1);
#13172=CARTESIAN_POINT('',(7.219999999940E0,2.65E0,-6.999999999761E0));
#13173=LINE('',#13172,#13171);
#13174=DIRECTION('',(-3.015113445785E-1,3.015113445794E-1,-9.045340337325E-1));
#13175=VECTOR('',#13174,6.633249580707E-1);
#13176=CARTESIAN_POINT('',(8.019999999940E0,2.65E0,-6.999999999761E0));
#13177=LINE('',#13176,#13175);
#13178=DIRECTION('',(6.661338147749E-14,1.E0,-1.991740106177E-12));
#13179=VECTOR('',#13178,8.000000000002E-1);
#13180=CARTESIAN_POINT('',(7.219999999940E0,2.65E0,-6.999999999761E0));
#13181=LINE('',#13180,#13179);
#13182=DIRECTION('',(1.725603787081E-14,-1.186352603619E-13,1.E0));
#13183=VECTOR('',#13182,3.499999999522E0);
#13184=CARTESIAN_POINT('',(7.219999999940E0,3.45E0,-6.999999999762E0));
#13185=LINE('',#13184,#13183);
#13186=DIRECTION('',(0.E0,-5.240252676948E-14,1.E0));
#13187=VECTOR('',#13186,3.499999999521E0);
#13188=CARTESIAN_POINT('',(7.219999999940E0,2.65E0,-6.999999999761E0));
#13189=LINE('',#13188,#13187);
#13190=DIRECTION('',(2.553512956638E-13,-1.E0,1.992850329202E-12));
#13191=VECTOR('',#13190,8.000000000001E-1);
#13192=CARTESIAN_POINT('',(8.019999999940E0,3.45E0,-6.999999999762E0));
#13193=LINE('',#13192,#13191);
#13194=DIRECTION('',(-4.161750310022E-14,-5.049928729844E-14,1.E0));
#13195=VECTOR('',#13194,3.499999999521E0);
#13196=CARTESIAN_POINT('',(8.019999999940E0,2.65E0,-6.999999999761E0));
#13197=LINE('',#13196,#13195);
#13198=DIRECTION('',(1.E0,-4.107825191119E-14,0.E0));
#13199=VECTOR('',#13198,3.999999999994E-1);
#13200=CARTESIAN_POINT('',(7.419999999940E0,2.850000000001E0,
-7.599999999760E0));
#13201=LINE('',#13200,#13199);
#13202=DIRECTION('',(-3.774758283731E-14,1.E0,-3.774758283731E-14));
#13203=VECTOR('',#13202,3.999999999994E-1);
#13204=CARTESIAN_POINT('',(7.819999999940E0,2.850000000001E0,
-7.599999999760E0));
#13205=LINE('',#13204,#13203);
#13206=DIRECTION('',(-1.E0,5.240252676236E-13,0.E0));
#13207=VECTOR('',#13206,3.999999999996E-1);
#13208=CARTESIAN_POINT('',(7.819999999940E0,3.250000000001E0,
-7.599999999760E0));
#13209=LINE('',#13208,#13207);
#13210=DIRECTION('',(4.618527782445E-13,-1.E0,3.774758283729E-14));
#13211=VECTOR('',#13210,3.999999999996E-1);
#13212=CARTESIAN_POINT('',(7.419999999940E0,3.250000000001E0,
-7.599999999760E0));
#13213=LINE('',#13212,#13211);
#13214=DIRECTION('',(0.E0,1.666435302304E-2,9.998611400281E-1));
#13215=VECTOR('',#13214,3.000416637250E0);
#13216=CARTESIAN_POINT('',(5.714999999940E0,7.049999997940E0,
-9.199999999760E0));
#13217=LINE('',#13216,#13215);
#13218=DIRECTION('',(0.E0,1.666435302304E-2,9.998611400281E-1));
#13219=VECTOR('',#13218,3.000416637250E0);
#13220=CARTESIAN_POINT('',(9.524999999940E0,7.049999997940E0,
-9.199999999760E0));
#13221=LINE('',#13220,#13219);
#13222=DIRECTION('',(-1.E0,0.E0,0.E0));
#13223=VECTOR('',#13222,3.81E0);
#13224=CARTESIAN_POINT('',(9.524999999940E0,7.099999999999E0,
-6.200000000280E0));
#13225=LINE('',#13224,#13223);
#13226=DIRECTION('',(0.E0,0.E0,-1.E0));
#13227=VECTOR('',#13226,9.199999999760E0);
#13228=CARTESIAN_POINT('',(5.714999999940E0,5.000000000018E-2,0.E0));
#13229=LINE('',#13228,#13227);
#13230=DIRECTION('',(0.E0,0.E0,-1.E0));
#13231=VECTOR('',#13230,9.199999999760E0);
#13232=CARTESIAN_POINT('',(9.524999999940E0,5.000000000018E-2,0.E0));
#13233=LINE('',#13232,#13231);
#13234=DIRECTION('',(-1.E0,0.E0,0.E0));
#13235=VECTOR('',#13234,3.81E0);
#13236=CARTESIAN_POINT('',(9.524999999940E0,5.000000000018E-2,
-9.199999999760E0));
#13237=LINE('',#13236,#13235);
#13238=DIRECTION('',(1.E0,0.E0,0.E0));
#13239=VECTOR('',#13238,8.E-1);
#13240=CARTESIAN_POINT('',(7.219999999940E0,2.65E0,1.913369240826E-13));
#13241=LINE('',#13240,#13239);
#13242=DIRECTION('',(0.E0,1.E0,4.663263222868E-14));
#13243=VECTOR('',#13242,8.E-1);
#13244=CARTESIAN_POINT('',(8.019999999940E0,2.65E0,1.913369240826E-13));
#13245=LINE('',#13244,#13243);
#13246=DIRECTION('',(-1.E0,0.E0,0.E0));
#13247=VECTOR('',#13246,8.E-1);
#13248=CARTESIAN_POINT('',(8.019999999940E0,3.45E0,2.286430298655E-13));
#13249=LINE('',#13248,#13247);
#13250=DIRECTION('',(0.E0,-1.E0,-4.663263222868E-14));
#13251=VECTOR('',#13250,8.E-1);
#13252=CARTESIAN_POINT('',(7.219999999940E0,3.45E0,2.286430298655E-13));
#13253=LINE('',#13252,#13251);
#13254=DIRECTION('',(0.E0,-1.E0,-3.124892652120E-14));
#13255=VECTOR('',#13254,6.500000001780E0);
#13256=CARTESIAN_POINT('',(5.714999999940E0,6.550000001780E0,
2.031180224434E-13));
#13257=LINE('',#13256,#13255);
#13258=DIRECTION('',(0.E0,-1.E0,-3.124892652120E-14));
#13259=VECTOR('',#13258,6.500000001780E0);
#13260=CARTESIAN_POINT('',(9.524999999940E0,6.550000001780E0,
2.031180224434E-13));
#13261=LINE('',#13260,#13259);
#13262=DIRECTION('',(-1.E0,0.E0,0.E0));
#13263=VECTOR('',#13262,3.81E0);
#13264=CARTESIAN_POINT('',(9.524999999940E0,5.000000000018E-2,0.E0));
#13265=LINE('',#13264,#13263);
#13266=DIRECTION('',(-1.712915523560E-14,1.697055194638E-14,-1.E0));
#13267=VECTOR('',#13266,2.800000000241E0);
#13268=CARTESIAN_POINT('',(8.019999999940E0,2.65E0,2.800000000241E0));
#13269=LINE('',#13268,#13267);
#13270=DIRECTION('',(-1.E0,4.940492459582E-14,0.E0));
#13271=VECTOR('',#13270,8.000000000001E-1);
#13272=CARTESIAN_POINT('',(8.019999999940E0,2.65E0,2.800000000241E0));
#13273=LINE('',#13272,#13271);
#13274=DIRECTION('',(3.015113445784E-1,3.015113445784E-1,-9.045340337329E-1));
#13275=VECTOR('',#13274,6.633249580702E-1);
#13276=CARTESIAN_POINT('',(7.819999999940E0,3.25E0,3.400000000240E0));
#13277=LINE('',#13276,#13275);
#13278=DIRECTION('',(4.884981308350E-14,-1.E0,0.E0));
#13279=VECTOR('',#13278,8.000000000001E-1);
#13280=CARTESIAN_POINT('',(8.019999999940E0,3.45E0,2.800000000241E0));
#13281=LINE('',#13280,#13279);
#13282=DIRECTION('',(-3.015113445784E-1,3.015113445784E-1,9.045340337329E-1));
#13283=VECTOR('',#13282,6.633249580702E-1);
#13284=CARTESIAN_POINT('',(8.019999999940E0,2.65E0,2.800000000241E0));
#13285=LINE('',#13284,#13283);
#13286=DIRECTION('',(-1.354472090044E-13,1.E0,0.E0));
#13287=VECTOR('',#13286,3.999999999997E-1);
#13288=CARTESIAN_POINT('',(7.819999999940E0,2.85E0,3.400000000240E0));
#13289=LINE('',#13288,#13287);
#13290=DIRECTION('',(1.E0,-4.940492459582E-14,0.E0));
#13291=VECTOR('',#13290,8.000000000001E-1);
#13292=CARTESIAN_POINT('',(7.219999999940E0,3.45E0,2.800000000241E0));
#13293=LINE('',#13292,#13291);
#13294=DIRECTION('',(-4.884981308350E-14,1.E0,0.E0));
#13295=VECTOR('',#13294,8.000000000001E-1);
#13296=CARTESIAN_POINT('',(7.219999999940E0,2.65E0,2.800000000241E0));
#13297=LINE('',#13296,#13295);
#13298=DIRECTION('',(3.015113445784E-1,-3.015113445784E-1,9.045340337329E-1));
#13299=VECTOR('',#13298,6.633249580702E-1);
#13300=CARTESIAN_POINT('',(7.219999999940E0,3.45E0,2.800000000241E0));
#13301=LINE('',#13300,#13299);
#13302=DIRECTION('',(-3.015113445784E-1,-3.015113445784E-1,-9.045340337329E-1));
#13303=VECTOR('',#13302,6.633249580702E-1);
#13304=CARTESIAN_POINT('',(7.419999999940E0,2.85E0,3.400000000240E0));
#13305=LINE('',#13304,#13303);
#13306=DIRECTION('',(0.E0,0.E0,-1.E0));
#13307=VECTOR('',#13306,2.800000000241E0);
#13308=CARTESIAN_POINT('',(7.219999999940E0,2.65E0,2.800000000241E0));
#13309=LINE('',#13308,#13307);
#13310=DIRECTION('',(1.649474207873E-14,-1.681194865716E-14,-1.E0));
#13311=VECTOR('',#13310,2.800000000241E0);
#13312=CARTESIAN_POINT('',(7.219999999940E0,3.45E0,2.800000000241E0));
#13313=LINE('',#13312,#13311);
#13314=DIRECTION('',(0.E0,0.E0,-1.E0));
#13315=VECTOR('',#13314,2.800000000241E0);
#13316=CARTESIAN_POINT('',(8.019999999940E0,3.45E0,2.800000000241E0));
#13317=LINE('',#13316,#13315);
#13318=DIRECTION('',(-1.E0,1.310063169059E-13,0.E0));
#13319=VECTOR('',#13318,3.999999999997E-1);
#13320=CARTESIAN_POINT('',(7.819999999940E0,2.85E0,3.400000000240E0));
#13321=LINE('',#13320,#13319);
#13322=DIRECTION('',(-1.332267629551E-13,1.E0,0.E0));
#13323=VECTOR('',#13322,3.999999999997E-1);
#13324=CARTESIAN_POINT('',(7.419999999940E0,2.85E0,3.400000000240E0));
#13325=LINE('',#13324,#13323);
#13326=DIRECTION('',(1.E0,-1.332267629551E-13,0.E0));
#13327=VECTOR('',#13326,3.999999999997E-1);
#13328=CARTESIAN_POINT('',(7.419999999940E0,3.25E0,3.400000000240E0));
#13329=LINE('',#13328,#13327);
#13330=CARTESIAN_POINT('',(5.714999999940E0,6.550000001782E0,
-5.000000007603E-1));
#13331=DIRECTION('',(1.E0,0.E0,0.E0));
#13332=DIRECTION('',(0.E0,1.E0,3.858642977047E-8));
#13333=AXIS2_PLACEMENT_3D('',#13330,#13331,#13332);
#13335=DIRECTION('',(1.E0,0.E0,0.E0));
#13336=VECTOR('',#13335,3.81E0);
#13337=CARTESIAN_POINT('',(5.714999999940E0,7.050000000849E0,
-4.999999943292E-1));
#13338=LINE('',#13337,#13336);
#13339=CARTESIAN_POINT('',(9.524999999940E0,6.550000001782E0,
-5.000000007603E-1));
#13340=DIRECTION('',(1.E0,0.E0,0.E0));
#13341=DIRECTION('',(0.E0,1.E0,3.858642799412E-8));
#13342=AXIS2_PLACEMENT_3D('',#13339,#13340,#13341);
#13344=DIRECTION('',(-1.E0,0.E0,0.E0));
#13345=VECTOR('',#13344,3.81E0);
#13346=CARTESIAN_POINT('',(9.524999999940E0,6.550000001780E0,
2.031180224434E-13));
#13347=LINE('',#13346,#13345);
#13348=DIRECTION('',(0.E0,1.597486082951E-10,1.E0));
#13349=VECTOR('',#13348,5.300000005852E0);
#13350=CARTESIAN_POINT('',(5.714999999940E0,7.050000000002E0,
-5.800000000181E0));
#13351=LINE('',#13350,#13349);
#13352=DIRECTION('',(0.E0,1.597486082951E-10,1.E0));
#13353=VECTOR('',#13352,5.300000005852E0);
#13354=CARTESIAN_POINT('',(9.524999999940E0,7.050000000002E0,
-5.800000000181E0));
#13355=LINE('',#13354,#13353);
#13356=DIRECTION('',(0.E0,-1.E0,-8.215650542404E-12));
#13357=VECTOR('',#13356,3.999999922013E-2);
#13358=CARTESIAN_POINT('',(5.714999999940E0,7.089999999222E0,
-5.800000000181E0));
#13359=LINE('',#13358,#13357);
#13360=DIRECTION('',(0.E0,-1.E0,-8.171241620552E-12));
#13361=VECTOR('',#13360,3.999999922014E-2);
#13362=CARTESIAN_POINT('',(9.524999999940E0,7.089999999222E0,
-5.800000000181E0));
#13363=LINE('',#13362,#13361);
#13364=DIRECTION('',(-1.E0,0.E0,0.E0));
#13365=VECTOR('',#13364,3.81E0);
#13366=CARTESIAN_POINT('',(9.524999999940E0,7.050000000002E0,
-5.800000000181E0));
#13367=LINE('',#13366,#13365);
#13368=CARTESIAN_POINT('',(5.714999999940E0,7.089999999220E0,
-5.999999998960E0));
#13369=DIRECTION('',(1.E0,0.E0,0.E0));
#13370=DIRECTION('',(0.E0,1.E0,-3.996802913031E-13));
#13371=AXIS2_PLACEMENT_3D('',#13368,#13369,#13370);
#13373=DIRECTION('',(1.E0,0.E0,0.E0));
#13374=VECTOR('',#13373,3.81E0);
#13375=CARTESIAN_POINT('',(5.714999999940E0,7.289999998E0,-5.999999998960E0));
#13376=LINE('',#13375,#13374);
#13377=CARTESIAN_POINT('',(9.524999999940E0,7.089999999220E0,
-5.999999998960E0));
#13378=DIRECTION('',(1.E0,0.E0,0.E0));
#13379=DIRECTION('',(0.E0,1.E0,-3.952393991775E-13));
#13380=AXIS2_PLACEMENT_3D('',#13377,#13378,#13379);
#13382=DIRECTION('',(-1.E0,0.E0,0.E0));
#13383=VECTOR('',#13382,3.81E0);
#13384=CARTESIAN_POINT('',(9.524999999940E0,7.089999999222E0,
-5.800000000181E0));
#13385=LINE('',#13384,#13383);
#13386=DIRECTION('',(0.E0,3.996802862272E-14,1.E0));
#13387=VECTOR('',#13386,2.000000013200E-1);
#13388=CARTESIAN_POINT('',(5.714999999940E0,7.289999998E0,-6.200000000280E0));
#13389=LINE('',#13388,#13387);
#13390=DIRECTION('',(0.E0,3.996802862272E-14,1.E0));
#13391=VECTOR('',#13390,2.000000013200E-1);
#13392=CARTESIAN_POINT('',(9.524999999940E0,7.289999998E0,-6.200000000280E0));
#13393=LINE('',#13392,#13391);
#13394=DIRECTION('',(0.E0,1.E0,-6.077010304001E-14));
#13395=VECTOR('',#13394,1.899999980007E-1);
#13396=CARTESIAN_POINT('',(5.714999999940E0,7.099999999999E0,
-6.200000000280E0));
#13397=LINE('',#13396,#13395);
#13398=DIRECTION('',(0.E0,1.E0,-6.077010304001E-14));
#13399=VECTOR('',#13398,1.899999980007E-1);
#13400=CARTESIAN_POINT('',(9.524999999940E0,7.099999999999E0,
-6.200000000280E0));
#13401=LINE('',#13400,#13399);
#13402=DIRECTION('',(-1.E0,0.E0,0.E0));
#13403=VECTOR('',#13402,3.81E0);
#13404=CARTESIAN_POINT('',(9.524999999940E0,7.289999998E0,-6.200000000280E0));
#13405=LINE('',#13404,#13403);
#13406=CARTESIAN_POINT('',(9.195000000762E0,5.199776767840E0,
-9.200000003016E0));
#13407=CARTESIAN_POINT('',(9.195000000929E0,4.499998821987E-1,
-9.200000028652E0));
#13408=VERTEX_POINT('',#13406);
#13409=VERTEX_POINT('',#13407);
#13410=CARTESIAN_POINT('',(8.341112121782E0,4.499995618264E-1,
-9.200000025396E0));
#13411=VERTEX_POINT('',#13410);
#13412=CARTESIAN_POINT('',(7.620011089339E0,6.499965682680E-1,
-9.199999999760E0));
#13413=VERTEX_POINT('',#13412);
#13414=CARTESIAN_POINT('',(6.898539373281E0,4.497763170998E-1,
-9.199999999760E0));
#13415=VERTEX_POINT('',#13414);
#13416=CARTESIAN_POINT('',(6.045000008800E0,4.497765705191E-1,
-9.200000048037E0));
#13417=VERTEX_POINT('',#13416);
#13418=CARTESIAN_POINT('',(6.045000009076E0,5.199776767840E0,
-9.200000005292E0));
#13419=VERTEX_POINT('',#13418);
#13420=CARTESIAN_POINT('',(6.869999998860E0,5.199776767840E0,
-9.199999999760E0));
#13421=VERTEX_POINT('',#13420);
#13422=CARTESIAN_POINT('',(6.869999998860E0,5.649776767E0,-9.199999999760E0));
#13423=VERTEX_POINT('',#13422);
#13424=CARTESIAN_POINT('',(6.569999999420E0,5.649776767E0,-9.199999999760E0));
#13425=VERTEX_POINT('',#13424);
#13426=CARTESIAN_POINT('',(6.219999998380E0,6.549776767860E0,
-9.199999999760E0));
#13427=VERTEX_POINT('',#13426);
#13428=CARTESIAN_POINT('',(9.019999999080E0,6.549776767860E0,
-9.199999999760E0));
#13429=VERTEX_POINT('',#13428);
#13430=CARTESIAN_POINT('',(8.670000000580E0,5.649776767E0,-9.199999999760E0));
#13431=VERTEX_POINT('',#13430);
#13432=CARTESIAN_POINT('',(8.369999998600E0,5.649776767E0,-9.199999999760E0));
#13433=VERTEX_POINT('',#13432);
#13434=CARTESIAN_POINT('',(8.369999998600E0,5.199776767840E0,
-9.199999999760E0));
#13435=VERTEX_POINT('',#13434);
#13436=CARTESIAN_POINT('',(7.219999999940E0,2.65E0,1.913369240826E-13));
#13437=CARTESIAN_POINT('',(8.019999999940E0,2.65E0,1.913369240826E-13));
#13438=VERTEX_POINT('',#13436);
#13439=VERTEX_POINT('',#13437);
#13440=CARTESIAN_POINT('',(8.019999999940E0,3.45E0,2.286430298655E-13));
#13441=VERTEX_POINT('',#13440);
#13442=CARTESIAN_POINT('',(7.219999999940E0,3.45E0,2.286430298655E-13));
#13443=VERTEX_POINT('',#13442);
#13444=CARTESIAN_POINT('',(8.019999999940E0,2.65E0,2.800000000241E0));
#13445=CARTESIAN_POINT('',(7.219999999940E0,2.65E0,2.800000000241E0));
#13446=VERTEX_POINT('',#13444);
#13447=VERTEX_POINT('',#13445);
#13448=CARTESIAN_POINT('',(7.819999999940E0,2.85E0,3.400000000240E0));
#13449=VERTEX_POINT('',#13448);
#13450=CARTESIAN_POINT('',(7.419999999940E0,2.85E0,3.400000000240E0));
#13451=VERTEX_POINT('',#13450);
#13452=CARTESIAN_POINT('',(7.819999999940E0,3.25E0,3.400000000240E0));
#13453=CARTESIAN_POINT('',(8.019999999940E0,3.45E0,2.800000000241E0));
#13454=VERTEX_POINT('',#13452);
#13455=VERTEX_POINT('',#13453);
#13456=CARTESIAN_POINT('',(7.219999999940E0,3.45E0,2.800000000241E0));
#13457=CARTESIAN_POINT('',(7.419999999940E0,3.25E0,3.400000000240E0));
#13458=VERTEX_POINT('',#13456);
#13459=VERTEX_POINT('',#13457);
#13460=CARTESIAN_POINT('',(9.135657299736E0,6.500000912220E-1,
-2.400000000600E0));
#13461=CARTESIAN_POINT('',(9.135657299736E0,5.199776767840E0,
-2.400000000600E0));
#13462=VERTEX_POINT('',#13460);
#13463=VERTEX_POINT('',#13461);
#13464=CARTESIAN_POINT('',(9.188018474676E0,6.500004208699E-1,
-8.399996392868E0));
#13465=VERTEX_POINT('',#13464);
#13466=CARTESIAN_POINT('',(6.104342710143E0,5.199776767840E0,
-2.400000000600E0));
#13467=CARTESIAN_POINT('',(6.104342710143E0,6.497769750742E-1,
-2.400000000600E0));
#13468=VERTEX_POINT('',#13466);
#13469=VERTEX_POINT('',#13467);
#13470=CARTESIAN_POINT('',(6.845001817162E0,6.497772545346E-1,
-2.400000000600E0));
#13471=VERTEX_POINT('',#13470);
#13472=CARTESIAN_POINT('',(8.394596493705E0,6.500000984987E-1,
-2.400000000600E0));
#13473=VERTEX_POINT('',#13472);
#13474=CARTESIAN_POINT('',(8.369999998600E0,5.199776767840E0,
-2.400000000600E0));
#13475=VERTEX_POINT('',#13474);
#13476=CARTESIAN_POINT('',(8.369999998600E0,5.649776767E0,-2.400000000600E0));
#13477=VERTEX_POINT('',#13476);
#13478=CARTESIAN_POINT('',(8.670000000580E0,5.649776767E0,-2.400000000600E0));
#13479=VERTEX_POINT('',#13478);
#13480=CARTESIAN_POINT('',(9.019999999080E0,6.549776767860E0,
-2.400000000600E0));
#13481=VERTEX_POINT('',#13480);
#13482=CARTESIAN_POINT('',(8.020000000100E0,6.549776767860E0,
-2.400000000600E0));
#13483=VERTEX_POINT('',#13482);
#13484=CARTESIAN_POINT('',(8.020000000100E0,6.349776769080E0,
-2.400000000600E0));
#13485=VERTEX_POINT('',#13484);
#13486=CARTESIAN_POINT('',(7.219999999900E0,6.349776769080E0,
-2.400000000600E0));
#13487=VERTEX_POINT('',#13486);
#13488=CARTESIAN_POINT('',(7.219999999900E0,6.549776767860E0,
-2.400000000600E0));
#13489=VERTEX_POINT('',#13488);
#13490=CARTESIAN_POINT('',(6.219999998380E0,6.549776767860E0,
-2.400000000600E0));
#13491=VERTEX_POINT('',#13490);
#13492=CARTESIAN_POINT('',(6.569999999420E0,5.649776767E0,-2.400000000600E0));
#13493=VERTEX_POINT('',#13492);
#13494=CARTESIAN_POINT('',(6.869999998860E0,5.649776767E0,-2.400000000600E0));
#13495=VERTEX_POINT('',#13494);
#13496=CARTESIAN_POINT('',(6.869999998860E0,5.199776767840E0,
-2.400000000600E0));
#13497=VERTEX_POINT('',#13496);
#13498=CARTESIAN_POINT('',(6.670000000080E0,3.05E0,-2.400000000600E0));
#13499=CARTESIAN_POINT('',(8.569999999920E0,3.05E0,-2.400000000600E0));
#13500=VERTEX_POINT('',#13498);
#13501=VERTEX_POINT('',#13499);
#13502=CARTESIAN_POINT('',(6.051981550383E0,6.497773615061E-1,
-8.399994697881E0));
#13503=VERTEX_POINT('',#13502);
#13504=CARTESIAN_POINT('',(7.219999999900E0,6.549776767860E0,
-3.600000000900E0));
#13505=VERTEX_POINT('',#13504);
#13506=CARTESIAN_POINT('',(8.020000000100E0,6.549776767860E0,
-3.600000000900E0));
#13507=VERTEX_POINT('',#13506);
#13508=CARTESIAN_POINT('',(7.219999999900E0,6.349776769080E0,
-3.600000000900E0));
#13509=VERTEX_POINT('',#13508);
#13510=CARTESIAN_POINT('',(8.020000000100E0,6.349776769080E0,
-3.600000000900E0));
#13511=VERTEX_POINT('',#13510);
#13512=CARTESIAN_POINT('',(6.845003789712E0,6.497763513871E-1,
-8.399992656435E0));
#13513=VERTEX_POINT('',#13512);
#13514=CARTESIAN_POINT('',(8.394596764620E0,6.500013085814E-1,
-8.399993437197E0));
#13515=VERTEX_POINT('',#13514);
#13516=CARTESIAN_POINT('',(7.620011089330E0,8.500004068122E-1,
-8.399991221762E0));
#13517=VERTEX_POINT('',#13516);
#13518=CARTESIAN_POINT('',(8.569999999920E0,3.05E0,-3.500000000240E0));
#13519=CARTESIAN_POINT('',(6.670000000080E0,3.05E0,-3.500000000240E0));
#13520=VERTEX_POINT('',#13518);
#13521=VERTEX_POINT('',#13519);
#13522=CARTESIAN_POINT('',(7.219999999940E0,3.45E0,-3.500000000240E0));
#13523=CARTESIAN_POINT('',(8.019999999940E0,3.45E0,-3.500000000240E0));
#13524=VERTEX_POINT('',#13522);
#13525=VERTEX_POINT('',#13523);
#13526=CARTESIAN_POINT('',(8.019999999940E0,2.65E0,-3.500000000240E0));
#13527=VERTEX_POINT('',#13526);
#13528=CARTESIAN_POINT('',(7.219999999940E0,2.65E0,-3.500000000240E0));
#13529=VERTEX_POINT('',#13528);
#13530=CARTESIAN_POINT('',(8.019999999940E0,3.45E0,-6.999999999762E0));
#13531=CARTESIAN_POINT('',(7.219999999940E0,3.45E0,-6.999999999762E0));
#13532=VERTEX_POINT('',#13530);
#13533=VERTEX_POINT('',#13531);
#13534=CARTESIAN_POINT('',(7.819999999940E0,3.250000000001E0,
-7.599999999760E0));
#13535=VERTEX_POINT('',#13534);
#13536=CARTESIAN_POINT('',(7.419999999940E0,3.250000000001E0,
-7.599999999760E0));
#13537=VERTEX_POINT('',#13536);
#13538=CARTESIAN_POINT('',(8.019999999940E0,2.65E0,-6.999999999761E0));
#13539=CARTESIAN_POINT('',(7.819999999940E0,2.850000000001E0,
-7.599999999760E0));
#13540=VERTEX_POINT('',#13538);
#13541=VERTEX_POINT('',#13539);
#13542=CARTESIAN_POINT('',(7.419999999940E0,2.850000000001E0,
-7.599999999760E0));
#13543=CARTESIAN_POINT('',(7.219999999940E0,2.65E0,-6.999999999761E0));
#13544=VERTEX_POINT('',#13542);
#13545=VERTEX_POINT('',#13543);
#13546=CARTESIAN_POINT('',(5.714999999940E0,5.000000000018E-2,
-9.199999999760E0));
#13547=CARTESIAN_POINT('',(5.714999999940E0,7.049999997940E0,
-9.199999999760E0));
#13548=VERTEX_POINT('',#13546);
#13549=VERTEX_POINT('',#13547);
#13550=CARTESIAN_POINT('',(9.524999999940E0,5.000000000018E-2,
-9.199999999760E0));
#13551=CARTESIAN_POINT('',(9.524999999940E0,7.049999997940E0,
-9.199999999760E0));
#13552=VERTEX_POINT('',#13550);
#13553=VERTEX_POINT('',#13551);
#13554=CARTESIAN_POINT('',(5.714999999940E0,7.099999999999E0,
-6.200000000280E0));
#13555=VERTEX_POINT('',#13554);
#13556=CARTESIAN_POINT('',(9.524999999940E0,7.099999999999E0,
-6.200000000280E0));
#13557=VERTEX_POINT('',#13556);
#13558=CARTESIAN_POINT('',(5.714999999940E0,7.289999998E0,-6.200000000280E0));
#13559=VERTEX_POINT('',#13558);
#13560=CARTESIAN_POINT('',(9.524999999940E0,7.289999998E0,-6.200000000280E0));
#13561=VERTEX_POINT('',#13560);
#13562=CARTESIAN_POINT('',(5.714999999940E0,7.289999998E0,-5.999999998960E0));
#13563=VERTEX_POINT('',#13562);
#13564=CARTESIAN_POINT('',(9.524999999940E0,7.289999998E0,-5.999999998960E0));
#13565=VERTEX_POINT('',#13564);
#13566=CARTESIAN_POINT('',(5.714999999940E0,7.089999999226E0,
-5.800000000180E0));
#13567=VERTEX_POINT('',#13566);
#13568=CARTESIAN_POINT('',(9.524999999940E0,7.089999999226E0,
-5.800000000180E0));
#13569=VERTEX_POINT('',#13568);
#13570=CARTESIAN_POINT('',(5.714999999940E0,7.050000000002E0,
-5.800000000181E0));
#13571=VERTEX_POINT('',#13570);
#13572=CARTESIAN_POINT('',(9.524999999940E0,7.050000000002E0,
-5.800000000181E0));
#13573=VERTEX_POINT('',#13572);
#13574=CARTESIAN_POINT('',(5.714999999940E0,7.050000000849E0,
-4.999999943292E-1));
#13575=VERTEX_POINT('',#13574);
#13576=CARTESIAN_POINT('',(9.524999999940E0,7.050000000849E0,
-4.999999943292E-1));
#13577=VERTEX_POINT('',#13576);
#13578=CARTESIAN_POINT('',(5.714999999940E0,6.550000001776E0,
-3.005373727660E-13));
#13579=VERTEX_POINT('',#13578);
#13580=CARTESIAN_POINT('',(9.524999999940E0,6.550000001776E0,
-3.005373727660E-13));
#13581=VERTEX_POINT('',#13580);
#13582=CARTESIAN_POINT('',(5.714999999940E0,5.000000000018E-2,0.E0));
#13583=VERTEX_POINT('',#13582);
#13584=CARTESIAN_POINT('',(9.524999999940E0,5.000000000018E-2,0.E0));
#13585=VERTEX_POINT('',#13584);
#13586=CARTESIAN_POINT('',(1.372999999994E1,5.000000000018E-2,
-9.199999999760E0));
#13587=DIRECTION('',(0.E0,-6.471014200670E-14,-1.E0));
#13588=DIRECTION('',(0.E0,1.E0,-6.471014200670E-14));
#13589=AXIS2_PLACEMENT_3D('',#13586,#13587,#13588);
#13590=PLANE('',#13589);
#13592=ORIENTED_EDGE('',*,*,#13591,.F.);
#13594=ORIENTED_EDGE('',*,*,#13593,.F.);
#13596=ORIENTED_EDGE('',*,*,#13595,.T.);
#13598=ORIENTED_EDGE('',*,*,#13597,.T.);
#13599=EDGE_LOOP('',(#13592,#13594,#13596,#13598));
#13600=FACE_OUTER_BOUND('',#13599,.F.);
#13602=ORIENTED_EDGE('',*,*,#13601,.T.);
#13604=ORIENTED_EDGE('',*,*,#13603,.T.);
#13606=ORIENTED_EDGE('',*,*,#13605,.T.);
#13608=ORIENTED_EDGE('',*,*,#13607,.T.);
#13610=ORIENTED_EDGE('',*,*,#13609,.T.);
#13612=ORIENTED_EDGE('',*,*,#13611,.T.);
#13614=ORIENTED_EDGE('',*,*,#13613,.F.);
#13616=ORIENTED_EDGE('',*,*,#13615,.F.);
#13618=ORIENTED_EDGE('',*,*,#13617,.F.);
#13620=ORIENTED_EDGE('',*,*,#13619,.T.);
#13622=ORIENTED_EDGE('',*,*,#13621,.F.);
#13624=ORIENTED_EDGE('',*,*,#13623,.T.);
#13626=ORIENTED_EDGE('',*,*,#13625,.F.);
#13628=ORIENTED_EDGE('',*,*,#13627,.F.);
#13630=ORIENTED_EDGE('',*,*,#13629,.F.);
#13631=EDGE_LOOP('',(#13602,#13604,#13606,#13608,#13610,#13612,#13614,#13616,
#13618,#13620,#13622,#13624,#13626,#13628,#13630));
#13632=FACE_BOUND('',#13631,.F.);
#13634=CARTESIAN_POINT('',(9.121699862958E0,-8.850886355328E-1,
-8.006361609796E-1));
#13635=DIRECTION('',(-9.999619230642E-1,0.E0,-8.726535498374E-3));
#13636=DIRECTION('',(0.E0,1.E0,0.E0));
#13637=AXIS2_PLACEMENT_3D('',#13634,#13635,#13636);
#13638=PLANE('',#13637);
#13640=ORIENTED_EDGE('',*,*,#13639,.F.);
#13642=ORIENTED_EDGE('',*,*,#13641,.F.);
#13644=ORIENTED_EDGE('',*,*,#13643,.T.);
#13645=ORIENTED_EDGE('',*,*,#13601,.F.);
#13647=ORIENTED_EDGE('',*,*,#13646,.F.);
#13648=EDGE_LOOP('',(#13640,#13642,#13644,#13645,#13647));
#13649=FACE_OUTER_BOUND('',#13648,.F.);
#13651=CARTESIAN_POINT('',(1.905E1,0.E0,-2.400000000600E0));
#13652=DIRECTION('',(0.E0,0.E0,1.E0));
#13653=DIRECTION('',(-1.E0,0.E0,0.E0));
#13654=AXIS2_PLACEMENT_3D('',#13651,#13652,#13653);
#13655=PLANE('',#13654);
#13657=ORIENTED_EDGE('',*,*,#13656,.T.);
#13659=ORIENTED_EDGE('',*,*,#13658,.T.);
#13661=ORIENTED_EDGE('',*,*,#13660,.T.);
#13663=ORIENTED_EDGE('',*,*,#13662,.T.);
#13664=ORIENTED_EDGE('',*,*,#13639,.T.);
#13666=ORIENTED_EDGE('',*,*,#13665,.T.);
#13668=ORIENTED_EDGE('',*,*,#13667,.T.);
#13670=ORIENTED_EDGE('',*,*,#13669,.T.);
#13672=ORIENTED_EDGE('',*,*,#13671,.T.);
#13674=ORIENTED_EDGE('',*,*,#13673,.T.);
#13676=ORIENTED_EDGE('',*,*,#13675,.F.);
#13678=ORIENTED_EDGE('',*,*,#13677,.F.);
#13680=ORIENTED_EDGE('',*,*,#13679,.F.);
#13682=ORIENTED_EDGE('',*,*,#13681,.T.);
#13684=ORIENTED_EDGE('',*,*,#13683,.T.);
#13686=ORIENTED_EDGE('',*,*,#13685,.T.);
#13688=ORIENTED_EDGE('',*,*,#13687,.T.);
#13690=ORIENTED_EDGE('',*,*,#13689,.T.);
#13691=EDGE_LOOP('',(#13657,#13659,#13661,#13663,#13664,#13666,#13668,#13670,
#13672,#13674,#13676,#13678,#13680,#13682,#13684,#13686,#13688,#13690));
#13692=FACE_OUTER_BOUND('',#13691,.F.);
#13694=ORIENTED_EDGE('',*,*,#13693,.T.);
#13696=ORIENTED_EDGE('',*,*,#13695,.T.);
#13697=EDGE_LOOP('',(#13694,#13696));
#13698=FACE_BOUND('',#13697,.F.);
#13700=CARTESIAN_POINT('',(6.118300116205E0,6.634865401132E0,
-8.006396806200E-1));
#13701=DIRECTION('',(9.999619230642E-1,0.E0,-8.726535498374E-3));
#13702=DIRECTION('',(0.E0,-1.E0,0.E0));
#13703=AXIS2_PLACEMENT_3D('',#13700,#13701,#13702);
#13704=PLANE('',#13703);
#13705=ORIENTED_EDGE('',*,*,#13656,.F.);
#13707=ORIENTED_EDGE('',*,*,#13706,.F.);
#13708=ORIENTED_EDGE('',*,*,#13611,.F.);
#13710=ORIENTED_EDGE('',*,*,#13709,.T.);
#13712=ORIENTED_EDGE('',*,*,#13711,.F.);
#13713=EDGE_LOOP('',(#13705,#13707,#13708,#13710,#13712));
#13714=FACE_OUTER_BOUND('',#13713,.F.);
#13716=CARTESIAN_POINT('',(6.869999998860E0,5.199776767840E0,
-9.199999999760E0));
#13717=DIRECTION('',(0.E0,-1.E0,0.E0));
#13718=DIRECTION('',(-1.E0,0.E0,0.E0));
#13719=AXIS2_PLACEMENT_3D('',#13716,#13717,#13718);
#13720=PLANE('',#13719);
#13721=ORIENTED_EDGE('',*,*,#13689,.F.);
#13723=ORIENTED_EDGE('',*,*,#13722,.F.);
#13724=ORIENTED_EDGE('',*,*,#13613,.T.);
#13725=ORIENTED_EDGE('',*,*,#13706,.T.);
#13726=EDGE_LOOP('',(#13721,#13723,#13724,#13725));
#13727=FACE_OUTER_BOUND('',#13726,.F.);
#13729=CARTESIAN_POINT('',(6.869999998860E0,5.599776765880E0,
-9.199999999760E0));
#13730=DIRECTION('',(1.E0,0.E0,0.E0));
#13731=DIRECTION('',(0.E0,-1.E0,0.E0));
#13732=AXIS2_PLACEMENT_3D('',#13729,#13730,#13731);
#13733=PLANE('',#13732);
#13734=ORIENTED_EDGE('',*,*,#13687,.F.);
#13736=ORIENTED_EDGE('',*,*,#13735,.F.);
#13737=ORIENTED_EDGE('',*,*,#13615,.T.);
#13738=ORIENTED_EDGE('',*,*,#13722,.T.);
#13739=EDGE_LOOP('',(#13734,#13736,#13737,#13738));
#13740=FACE_OUTER_BOUND('',#13739,.F.);
#13742=CARTESIAN_POINT('',(6.569999999420E0,5.649776767E0,-9.199999999760E0));
#13743=DIRECTION('',(0.E0,1.E0,0.E0));
#13744=DIRECTION('',(1.E0,0.E0,0.E0));
#13745=AXIS2_PLACEMENT_3D('',#13742,#13743,#13744);
#13746=PLANE('',#13745);
#13747=ORIENTED_EDGE('',*,*,#13685,.F.);
#13749=ORIENTED_EDGE('',*,*,#13748,.F.);
#13750=ORIENTED_EDGE('',*,*,#13617,.T.);
#13751=ORIENTED_EDGE('',*,*,#13735,.T.);
#13752=EDGE_LOOP('',(#13747,#13749,#13750,#13751));
#13753=FACE_OUTER_BOUND('',#13752,.F.);
#13755=CARTESIAN_POINT('',(6.219999998380E0,6.549776767860E0,
-9.199999999760E0));
#13756=DIRECTION('',(9.320046712945E-1,3.624462617895E-1,0.E0));
#13757=DIRECTION('',(3.624462617895E-1,-9.320046712945E-1,0.E0));
#13758=AXIS2_PLACEMENT_3D('',#13755,#13756,#13757);
#13759=PLANE('',#13758);
#13760=ORIENTED_EDGE('',*,*,#13683,.F.);
#13762=ORIENTED_EDGE('',*,*,#13761,.F.);
#13763=ORIENTED_EDGE('',*,*,#13619,.F.);
#13764=ORIENTED_EDGE('',*,*,#13748,.T.);
#13765=EDGE_LOOP('',(#13760,#13762,#13763,#13764));
#13766=FACE_OUTER_BOUND('',#13765,.F.);
#13768=CARTESIAN_POINT('',(9.019999999080E0,6.549776767860E0,
-9.199999999760E0));
#13769=DIRECTION('',(0.E0,-1.E0,0.E0));
#13770=DIRECTION('',(-1.E0,0.E0,0.E0));
#13771=AXIS2_PLACEMENT_3D('',#13768,#13769,#13770);
#13772=PLANE('',#13771);
#13773=ORIENTED_EDGE('',*,*,#13673,.F.);
#13775=ORIENTED_EDGE('',*,*,#13774,.F.);
#13776=ORIENTED_EDGE('',*,*,#13621,.T.);
#13777=ORIENTED_EDGE('',*,*,#13761,.T.);
#13778=ORIENTED_EDGE('',*,*,#13681,.F.);
#13780=ORIENTED_EDGE('',*,*,#13779,.T.);
#13782=ORIENTED_EDGE('',*,*,#13781,.F.);
#13784=ORIENTED_EDGE('',*,*,#13783,.F.);
#13785=EDGE_LOOP('',(#13773,#13775,#13776,#13777,#13778,#13780,#13782,#13784));
#13786=FACE_OUTER_BOUND('',#13785,.F.);
#13788=CARTESIAN_POINT('',(8.670000000580E0,5.649776767E0,-9.199999999760E0));
#13789=DIRECTION('',(-9.320046721830E-1,3.624462595050E-1,0.E0));
#13790=DIRECTION('',(3.624462595050E-1,9.320046721830E-1,0.E0));
#13791=AXIS2_PLACEMENT_3D('',#13788,#13789,#13790);
#13792=PLANE('',#13791);
#13793=ORIENTED_EDGE('',*,*,#13671,.F.);
#13795=ORIENTED_EDGE('',*,*,#13794,.F.);
#13796=ORIENTED_EDGE('',*,*,#13623,.F.);
#13797=ORIENTED_EDGE('',*,*,#13774,.T.);
#13798=EDGE_LOOP('',(#13793,#13795,#13796,#13797));
#13799=FACE_OUTER_BOUND('',#13798,.F.);
#13801=CARTESIAN_POINT('',(8.369999998600E0,5.649776767E0,-9.199999999760E0));
#13802=DIRECTION('',(0.E0,1.E0,0.E0));
#13803=DIRECTION('',(1.E0,0.E0,0.E0));
#13804=AXIS2_PLACEMENT_3D('',#13801,#13802,#13803);
#13805=PLANE('',#13804);
#13806=ORIENTED_EDGE('',*,*,#13669,.F.);
#13808=ORIENTED_EDGE('',*,*,#13807,.F.);
#13809=ORIENTED_EDGE('',*,*,#13625,.T.);
#13810=ORIENTED_EDGE('',*,*,#13794,.T.);
#13811=EDGE_LOOP('',(#13806,#13808,#13809,#13810));
#13812=FACE_OUTER_BOUND('',#13811,.F.);
#13814=CARTESIAN_POINT('',(8.369999998600E0,5.149776766720E0,
-9.199999999760E0));
#13815=DIRECTION('',(-1.E0,0.E0,0.E0));
#13816=DIRECTION('',(0.E0,1.E0,0.E0));
#13817=AXIS2_PLACEMENT_3D('',#13814,#13815,#13816);
#13818=PLANE('',#13817);
#13819=ORIENTED_EDGE('',*,*,#13667,.F.);
#13821=ORIENTED_EDGE('',*,*,#13820,.F.);
#13822=ORIENTED_EDGE('',*,*,#13627,.T.);
#13823=ORIENTED_EDGE('',*,*,#13807,.T.);
#13824=EDGE_LOOP('',(#13819,#13821,#13822,#13823));
#13825=FACE_OUTER_BOUND('',#13824,.F.);
#13827=CARTESIAN_POINT('',(9.194596667920E0,5.199776767840E0,
-9.199999999760E0));
#13828=DIRECTION('',(0.E0,-1.E0,0.E0));
#13829=DIRECTION('',(-1.E0,0.E0,0.E0));
#13830=AXIS2_PLACEMENT_3D('',#13827,#13828,#13829);
#13831=PLANE('',#13830);
#13832=ORIENTED_EDGE('',*,*,#13665,.F.);
#13833=ORIENTED_EDGE('',*,*,#13646,.T.);
#13834=ORIENTED_EDGE('',*,*,#13629,.T.);
#13835=ORIENTED_EDGE('',*,*,#13820,.T.);
#13836=EDGE_LOOP('',(#13832,#13833,#13834,#13835));
#13837=FACE_OUTER_BOUND('',#13836,.F.);
#13839=CARTESIAN_POINT('',(7.219999999900E0,6.499776766740E0,
-8.000000002003E-1));
#13840=DIRECTION('',(1.E0,0.E0,0.E0));
#13841=DIRECTION('',(0.E0,-1.E0,0.E0));
#13842=AXIS2_PLACEMENT_3D('',#13839,#13840,#13841);
#13843=PLANE('',#13842);
#13844=ORIENTED_EDGE('',*,*,#13679,.T.);
#13846=ORIENTED_EDGE('',*,*,#13845,.T.);
#13848=ORIENTED_EDGE('',*,*,#13847,.F.);
#13849=ORIENTED_EDGE('',*,*,#13779,.F.);
#13850=EDGE_LOOP('',(#13844,#13846,#13848,#13849));
#13851=FACE_OUTER_BOUND('',#13850,.F.);
#13853=CARTESIAN_POINT('',(7.219999999900E0,6.349776769080E0,
-8.000000002003E-1));
#13854=DIRECTION('',(0.E0,1.E0,0.E0));
#13855=DIRECTION('',(1.E0,0.E0,0.E0));
#13856=AXIS2_PLACEMENT_3D('',#13853,#13854,#13855);
#13857=PLANE('',#13856);
#13858=ORIENTED_EDGE('',*,*,#13677,.T.);
#13860=ORIENTED_EDGE('',*,*,#13859,.T.);
#13862=ORIENTED_EDGE('',*,*,#13861,.F.);
#13863=ORIENTED_EDGE('',*,*,#13845,.F.);
#13864=EDGE_LOOP('',(#13858,#13860,#13862,#13863));
#13865=FACE_OUTER_BOUND('',#13864,.F.);
#13867=CARTESIAN_POINT('',(8.020000000100E0,6.299776767960E0,
-8.000000002003E-1));
#13868=DIRECTION('',(-1.E0,0.E0,0.E0));
#13869=DIRECTION('',(0.E0,1.E0,0.E0));
#13870=AXIS2_PLACEMENT_3D('',#13867,#13868,#13869);
#13871=PLANE('',#13870);
#13872=ORIENTED_EDGE('',*,*,#13675,.T.);
#13873=ORIENTED_EDGE('',*,*,#13783,.T.);
#13875=ORIENTED_EDGE('',*,*,#13874,.F.);
#13876=ORIENTED_EDGE('',*,*,#13859,.F.);
#13877=EDGE_LOOP('',(#13872,#13873,#13875,#13876));
#13878=FACE_OUTER_BOUND('',#13877,.F.);
#13880=CARTESIAN_POINT('',(1.905E1,0.E0,-3.600000000900E0));
#13881=DIRECTION('',(0.E0,0.E0,1.E0));
#13882=DIRECTION('',(-1.E0,0.E0,0.E0));
#13883=AXIS2_PLACEMENT_3D('',#13880,#13881,#13882);
#13884=PLANE('',#13883);
#13885=ORIENTED_EDGE('',*,*,#13861,.T.);
#13886=ORIENTED_EDGE('',*,*,#13874,.T.);
#13887=ORIENTED_EDGE('',*,*,#13781,.T.);
#13888=ORIENTED_EDGE('',*,*,#13847,.T.);
#13889=EDGE_LOOP('',(#13885,#13886,#13887,#13888));
#13890=FACE_OUTER_BOUND('',#13889,.F.);
#13892=CARTESIAN_POINT('',(6.444999998147E0,5.497767670204E-1,
-8.799999999760E0));
#13893=DIRECTION('',(0.E0,-9.701425001453E-1,2.425356250363E-1));
#13894=DIRECTION('',(0.E0,2.425356250363E-1,9.701425001453E-1));
#13895=AXIS2_PLACEMENT_3D('',#13892,#13893,#13894);
#13896=PLANE('',#13895);
#13898=ORIENTED_EDGE('',*,*,#13897,.T.);
#13899=ORIENTED_EDGE('',*,*,#13709,.F.);
#13900=ORIENTED_EDGE('',*,*,#13609,.F.);
#13902=ORIENTED_EDGE('',*,*,#13901,.F.);
#13903=EDGE_LOOP('',(#13898,#13899,#13900,#13902));
#13904=FACE_OUTER_BOUND('',#13903,.F.);
#13906=CARTESIAN_POINT('',(6.045000000400E0,6.497767670204E-1,
-9.199999999760E0));
#13907=DIRECTION('',(0.E0,1.E0,0.E0));
#13908=DIRECTION('',(1.E0,0.E0,0.E0));
#13909=AXIS2_PLACEMENT_3D('',#13906,#13907,#13908);
#13910=PLANE('',#13909);
#13911=ORIENTED_EDGE('',*,*,#13658,.F.);
#13912=ORIENTED_EDGE('',*,*,#13711,.T.);
#13913=ORIENTED_EDGE('',*,*,#13897,.F.);
#13915=ORIENTED_EDGE('',*,*,#13914,.F.);
#13916=EDGE_LOOP('',(#13911,#13912,#13913,#13915));
#13917=FACE_OUTER_BOUND('',#13916,.F.);
#13919=CARTESIAN_POINT('',(7.62E0,-7.499999990800E-1,-9.199999999760E0));
#13920=DIRECTION('',(0.E0,0.E0,1.E0));
#13921=DIRECTION('',(-1.E0,0.E0,0.E0));
#13922=AXIS2_PLACEMENT_3D('',#13919,#13920,#13921);
#13923=CYLINDRICAL_SURFACE('',#13922,1.600000000400E0);
#13925=ORIENTED_EDGE('',*,*,#13924,.T.);
#13926=ORIENTED_EDGE('',*,*,#13660,.F.);
#13927=ORIENTED_EDGE('',*,*,#13914,.T.);
#13929=ORIENTED_EDGE('',*,*,#13928,.F.);
#13931=ORIENTED_EDGE('',*,*,#13930,.F.);
#13932=EDGE_LOOP('',(#13925,#13926,#13927,#13929,#13931));
#13933=FACE_OUTER_BOUND('',#13932,.F.);
#13935=CARTESIAN_POINT('',(8.394596667720E0,6.500000000002E-1,
-9.199999999760E0));
#13936=DIRECTION('',(0.E0,1.E0,0.E0));
#13937=DIRECTION('',(1.E0,0.E0,0.E0));
#13938=AXIS2_PLACEMENT_3D('',#13935,#13936,#13937);
#13939=PLANE('',#13938);
#13940=ORIENTED_EDGE('',*,*,#13662,.F.);
#13941=ORIENTED_EDGE('',*,*,#13924,.F.);
#13943=ORIENTED_EDGE('',*,*,#13942,.F.);
#13944=ORIENTED_EDGE('',*,*,#13641,.T.);
#13945=EDGE_LOOP('',(#13940,#13941,#13943,#13944));
#13946=FACE_OUTER_BOUND('',#13945,.F.);
#13948=CARTESIAN_POINT('',(8.794596669825E0,5.500000000002E-1,
-8.799999999760E0));
#13949=DIRECTION('',(0.E0,-9.701425001453E-1,2.425356250363E-1));
#13950=DIRECTION('',(0.E0,2.425356250363E-1,9.701425001453E-1));
#13951=AXIS2_PLACEMENT_3D('',#13948,#13949,#13950);
#13952=PLANE('',#13951);
#13953=ORIENTED_EDGE('',*,*,#13942,.T.);
#13955=ORIENTED_EDGE('',*,*,#13954,.T.);
#13956=ORIENTED_EDGE('',*,*,#13603,.F.);
#13957=ORIENTED_EDGE('',*,*,#13643,.F.);
#13958=EDGE_LOOP('',(#13953,#13955,#13956,#13957));
#13959=FACE_OUTER_BOUND('',#13958,.F.);
#13961=CARTESIAN_POINT('',(7.620011089339E0,-7.499856582499E-1,
-8.799995610761E0));
#13962=DIRECTION('',(0.E0,6.471014200670E-14,1.E0));
#13963=DIRECTION('',(0.E0,1.E0,-6.471014200670E-14));
#13964=AXIS2_PLACEMENT_3D('',#13961,#13962,#13963);
#13965=CONICAL_SURFACE('',#13964,1.499984145790E0,1.403635428644E1);
#13966=ORIENTED_EDGE('',*,*,#13954,.F.);
#13967=ORIENTED_EDGE('',*,*,#13930,.T.);
#13968=ORIENTED_EDGE('',*,*,#13928,.T.);
#13969=ORIENTED_EDGE('',*,*,#13901,.T.);
#13970=ORIENTED_EDGE('',*,*,#13607,.F.);
#13971=ORIENTED_EDGE('',*,*,#13605,.F.);
#13972=EDGE_LOOP('',(#13966,#13967,#13968,#13969,#13970,#13971));
#13973=FACE_OUTER_BOUND('',#13972,.F.);
#13975=CARTESIAN_POINT('',(7.62E0,3.05E0,-2.400000000600E0));
#13976=DIRECTION('',(0.E0,0.E0,1.E0));
#13977=DIRECTION('',(-1.E0,0.E0,0.E0));
#13978=AXIS2_PLACEMENT_3D('',#13975,#13976,#13977);
#13979=CYLINDRICAL_SURFACE('',#13978,9.499999999200E-1);
#13981=ORIENTED_EDGE('',*,*,#13980,.F.);
#13983=ORIENTED_EDGE('',*,*,#13982,.F.);
#13984=ORIENTED_EDGE('',*,*,#13693,.F.);
#13986=ORIENTED_EDGE('',*,*,#13985,.T.);
#13987=EDGE_LOOP('',(#13981,#13983,#13984,#13986));
#13988=FACE_OUTER_BOUND('',#13987,.F.);
#13990=CARTESIAN_POINT('',(1.905E1,0.E0,-3.500000000240E0));
#13991=DIRECTION('',(0.E0,0.E0,1.E0));
#13992=DIRECTION('',(-1.E0,0.E0,0.E0));
#13993=AXIS2_PLACEMENT_3D('',#13990,#13991,#13992);
#13994=PLANE('',#13993);
#13995=ORIENTED_EDGE('',*,*,#13980,.T.);
#13997=ORIENTED_EDGE('',*,*,#13996,.T.);
#13998=EDGE_LOOP('',(#13995,#13997));
#13999=FACE_OUTER_BOUND('',#13998,.F.);
#14001=ORIENTED_EDGE('',*,*,#14000,.T.);
#14003=ORIENTED_EDGE('',*,*,#14002,.T.);
#14005=ORIENTED_EDGE('',*,*,#14004,.T.);
#14007=ORIENTED_EDGE('',*,*,#14006,.T.);
#14008=EDGE_LOOP('',(#14001,#14003,#14005,#14007));
#14009=FACE_BOUND('',#14008,.F.);
#14011=CARTESIAN_POINT('',(7.62E0,3.05E0,-2.400000000600E0));
#14012=DIRECTION('',(0.E0,0.E0,1.E0));
#14013=DIRECTION('',(-1.E0,0.E0,0.E0));
#14014=AXIS2_PLACEMENT_3D('',#14011,#14012,#14013);
#14015=CYLINDRICAL_SURFACE('',#14014,9.499999999200E-1);
#14016=ORIENTED_EDGE('',*,*,#13695,.F.);
#14017=ORIENTED_EDGE('',*,*,#13982,.T.);
#14018=ORIENTED_EDGE('',*,*,#13996,.F.);
#14019=ORIENTED_EDGE('',*,*,#13985,.F.);
#14020=EDGE_LOOP('',(#14016,#14017,#14018,#14019));
#14021=FACE_OUTER_BOUND('',#14020,.F.);
#14023=CARTESIAN_POINT('',(7.619999999940E0,3.45E0,-3.549999999760E0));
#14024=DIRECTION('',(0.E0,-1.E0,0.E0));
#14025=DIRECTION('',(1.E0,0.E0,0.E0));
#14026=AXIS2_PLACEMENT_3D('',#14023,#14024,#14025);
#14027=PLANE('',#14026);
#14029=ORIENTED_EDGE('',*,*,#14028,.F.);
#14031=ORIENTED_EDGE('',*,*,#14030,.T.);
#14032=ORIENTED_EDGE('',*,*,#14000,.F.);
#14034=ORIENTED_EDGE('',*,*,#14033,.F.);
#14035=EDGE_LOOP('',(#14029,#14031,#14032,#14034));
#14036=FACE_OUTER_BOUND('',#14035,.F.);
#14038=CARTESIAN_POINT('',(7.619999999940E0,3.350000000001E0,
-7.299999999760E0));
#14039=DIRECTION('',(0.E0,-9.486832980499E-1,3.162277660187E-1));
#14040=DIRECTION('',(-1.E0,0.E0,0.E0));
#14041=AXIS2_PLACEMENT_3D('',#14038,#14039,#14040);
#14042=PLANE('',#14041);
#14044=ORIENTED_EDGE('',*,*,#14043,.T.);
#14045=ORIENTED_EDGE('',*,*,#14028,.T.);
#14047=ORIENTED_EDGE('',*,*,#14046,.T.);
#14049=ORIENTED_EDGE('',*,*,#14048,.F.);
#14050=EDGE_LOOP('',(#14044,#14045,#14047,#14049));
#14051=FACE_OUTER_BOUND('',#14050,.F.);
#14053=CARTESIAN_POINT('',(7.919999999940E0,3.050000000001E0,
-7.299999999760E0));
#14054=DIRECTION('',(-9.486832980499E-1,2.045585922872E-14,3.162277660186E-1));
#14055=DIRECTION('',(0.E0,-1.E0,6.476357618943E-14));
#14056=AXIS2_PLACEMENT_3D('',#14053,#14054,#14055);
#14057=PLANE('',#14056);
#14059=ORIENTED_EDGE('',*,*,#14058,.F.);
#14061=ORIENTED_EDGE('',*,*,#14060,.F.);
#14062=ORIENTED_EDGE('',*,*,#14043,.F.);
#14064=ORIENTED_EDGE('',*,*,#14063,.F.);
#14065=EDGE_LOOP('',(#14059,#14061,#14062,#14064));
#14066=FACE_OUTER_BOUND('',#14065,.F.);
#14068=CARTESIAN_POINT('',(7.619999999940E0,2.750000000001E0,
-7.299999999760E0));
#14069=DIRECTION('',(0.E0,-9.486832980500E-1,-3.162277660185E-1));
#14070=DIRECTION('',(-1.E0,0.E0,0.E0));
#14071=AXIS2_PLACEMENT_3D('',#14068,#14069,#14070);
#14072=PLANE('',#14071);
#14074=ORIENTED_EDGE('',*,*,#14073,.T.);
#14076=ORIENTED_EDGE('',*,*,#14075,.T.);
#14077=ORIENTED_EDGE('',*,*,#14058,.T.);
#14079=ORIENTED_EDGE('',*,*,#14078,.F.);
#14080=EDGE_LOOP('',(#14074,#14076,#14077,#14079));
#14081=FACE_OUTER_BOUND('',#14080,.F.);
#14083=CARTESIAN_POINT('',(7.319999999940E0,3.050000000001E0,
-7.299999999760E0));
#14084=DIRECTION('',(-9.486832980499E-1,-2.046279812262E-14,
-3.162277660186E-1));
#14085=DIRECTION('',(0.E0,-1.E0,6.476774530417E-14));
#14086=AXIS2_PLACEMENT_3D('',#14083,#14084,#14085);
#14087=PLANE('',#14086);
#14089=ORIENTED_EDGE('',*,*,#14088,.F.);
#14090=ORIENTED_EDGE('',*,*,#14073,.F.);
#14092=ORIENTED_EDGE('',*,*,#14091,.F.);
#14093=ORIENTED_EDGE('',*,*,#14046,.F.);
#14094=EDGE_LOOP('',(#14089,#14090,#14092,#14093));
#14095=FACE_OUTER_BOUND('',#14094,.F.);
#14097=CARTESIAN_POINT('',(7.219999999940E0,3.05E0,-3.549999999760E0));
#14098=DIRECTION('',(1.E0,0.E0,0.E0));
#14099=DIRECTION('',(0.E0,1.E0,0.E0));
#14100=AXIS2_PLACEMENT_3D('',#14097,#14098,#14099);
#14101=PLANE('',#14100);
#14102=ORIENTED_EDGE('',*,*,#14088,.T.);
#14103=ORIENTED_EDGE('',*,*,#14033,.T.);
#14104=ORIENTED_EDGE('',*,*,#14006,.F.);
#14106=ORIENTED_EDGE('',*,*,#14105,.F.);
#14107=EDGE_LOOP('',(#14102,#14103,#14104,#14106));
#14108=FACE_OUTER_BOUND('',#14107,.F.);
#14110=CARTESIAN_POINT('',(7.619999999940E0,2.65E0,-3.549999999760E0));
#14111=DIRECTION('',(0.E0,-1.E0,0.E0));
#14112=DIRECTION('',(1.E0,0.E0,0.E0));
#14113=AXIS2_PLACEMENT_3D('',#14110,#14111,#14112);
#14114=PLANE('',#14113);
#14115=ORIENTED_EDGE('',*,*,#14075,.F.);
#14116=ORIENTED_EDGE('',*,*,#14105,.T.);
#14117=ORIENTED_EDGE('',*,*,#14004,.F.);
#14119=ORIENTED_EDGE('',*,*,#14118,.F.);
#14120=EDGE_LOOP('',(#14115,#14116,#14117,#14119));
#14121=FACE_OUTER_BOUND('',#14120,.F.);
#14123=CARTESIAN_POINT('',(8.019999999940E0,3.05E0,-3.549999999760E0));
#14124=DIRECTION('',(-1.E0,0.E0,0.E0));
#14125=DIRECTION('',(0.E0,-1.E0,0.E0));
#14126=AXIS2_PLACEMENT_3D('',#14123,#14124,#14125);
#14127=PLANE('',#14126);
#14128=ORIENTED_EDGE('',*,*,#14002,.F.);
#14129=ORIENTED_EDGE('',*,*,#14030,.F.);
#14130=ORIENTED_EDGE('',*,*,#14060,.T.);
#14131=ORIENTED_EDGE('',*,*,#14118,.T.);
#14132=EDGE_LOOP('',(#14128,#14129,#14130,#14131));
#14133=FACE_OUTER_BOUND('',#14132,.F.);
#14135=CARTESIAN_POINT('',(7.619999999940E0,3.050000000001E0,
-7.599999999760E0));
#14136=DIRECTION('',(0.E0,-6.472600233565E-14,-1.E0));
#14137=DIRECTION('',(-1.E0,0.E0,0.E0));
#14138=AXIS2_PLACEMENT_3D('',#14135,#14136,#14137);
#14139=PLANE('',#14138);
#14140=ORIENTED_EDGE('',*,*,#14078,.T.);
#14141=ORIENTED_EDGE('',*,*,#14063,.T.);
#14142=ORIENTED_EDGE('',*,*,#14048,.T.);
#14143=ORIENTED_EDGE('',*,*,#14091,.T.);
#14144=EDGE_LOOP('',(#14140,#14141,#14142,#14143));
#14145=FACE_OUTER_BOUND('',#14144,.F.);
#14147=CARTESIAN_POINT('',(5.714999999940E0,5.000000000018E-2,
4.679693296798E0));
#14148=DIRECTION('',(-1.E0,0.E0,0.E0));
#14149=DIRECTION('',(0.E0,0.E0,-1.E0));
#14150=AXIS2_PLACEMENT_3D('',#14147,#14148,#14149);
#14151=PLANE('',#14150);
#14152=ORIENTED_EDGE('',*,*,#13591,.T.);
#14154=ORIENTED_EDGE('',*,*,#14153,.T.);
#14156=ORIENTED_EDGE('',*,*,#14155,.T.);
#14158=ORIENTED_EDGE('',*,*,#14157,.T.);
#14160=ORIENTED_EDGE('',*,*,#14159,.T.);
#14162=ORIENTED_EDGE('',*,*,#14161,.T.);
#14164=ORIENTED_EDGE('',*,*,#14163,.T.);
#14166=ORIENTED_EDGE('',*,*,#14165,.T.);
#14168=ORIENTED_EDGE('',*,*,#14167,.T.);
#14170=ORIENTED_EDGE('',*,*,#14169,.T.);
#14171=EDGE_LOOP('',(#14152,#14154,#14156,#14158,#14160,#14162,#14164,#14166,
#14168,#14170));
#14172=FACE_OUTER_BOUND('',#14171,.F.);
#14174=CARTESIAN_POINT('',(1.950000000060E0,7.049999997940E0,
-9.199999999760E0));
#14175=DIRECTION('',(0.E0,9.998611400281E-1,-1.666435302304E-2));
#14176=DIRECTION('',(0.E0,1.666435302304E-2,9.998611400281E-1));
#14177=AXIS2_PLACEMENT_3D('',#14174,#14175,#14176);
#14178=PLANE('',#14177);
#14179=ORIENTED_EDGE('',*,*,#14153,.F.);
#14180=ORIENTED_EDGE('',*,*,#13597,.F.);
#14182=ORIENTED_EDGE('',*,*,#14181,.T.);
#14184=ORIENTED_EDGE('',*,*,#14183,.T.);
#14185=EDGE_LOOP('',(#14179,#14180,#14182,#14184));
#14186=FACE_OUTER_BOUND('',#14185,.F.);
#14188=CARTESIAN_POINT('',(9.524999999940E0,5.000000000018E-2,
-1.028256233483E1));
#14189=DIRECTION('',(1.E0,0.E0,0.E0));
#14190=DIRECTION('',(0.E0,0.E0,1.E0));
#14191=AXIS2_PLACEMENT_3D('',#14188,#14189,#14190);
#14192=PLANE('',#14191);
#14193=ORIENTED_EDGE('',*,*,#13595,.F.);
#14195=ORIENTED_EDGE('',*,*,#14194,.F.);
#14197=ORIENTED_EDGE('',*,*,#14196,.F.);
#14199=ORIENTED_EDGE('',*,*,#14198,.F.);
#14201=ORIENTED_EDGE('',*,*,#14200,.F.);
#14203=ORIENTED_EDGE('',*,*,#14202,.F.);
#14205=ORIENTED_EDGE('',*,*,#14204,.F.);
#14207=ORIENTED_EDGE('',*,*,#14206,.F.);
#14209=ORIENTED_EDGE('',*,*,#14208,.F.);
#14210=ORIENTED_EDGE('',*,*,#14181,.F.);
#14211=EDGE_LOOP('',(#14193,#14195,#14197,#14199,#14201,#14203,#14205,#14207,
#14209,#14210));
#14212=FACE_OUTER_BOUND('',#14211,.F.);
#14214=CARTESIAN_POINT('',(1.372999999994E1,5.000000000018E-2,0.E0));
#14215=DIRECTION('',(0.E0,-1.E0,0.E0));
#14216=DIRECTION('',(0.E0,0.E0,-1.E0));
#14217=AXIS2_PLACEMENT_3D('',#14214,#14215,#14216);
#14218=PLANE('',#14217);
#14219=ORIENTED_EDGE('',*,*,#14169,.F.);
#14221=ORIENTED_EDGE('',*,*,#14220,.F.);
#14222=ORIENTED_EDGE('',*,*,#14194,.T.);
#14223=ORIENTED_EDGE('',*,*,#13593,.T.);
#14224=EDGE_LOOP('',(#14219,#14221,#14222,#14223));
#14225=FACE_OUTER_BOUND('',#14224,.F.);
#14227=CARTESIAN_POINT('',(1.372999999994E1,6.550000001783E0,4.547E-13));
#14228=DIRECTION('',(0.E0,-6.995384613466E-14,1.E0));
#14229=DIRECTION('',(0.E0,-1.E0,-6.995384613466E-14));
#14230=AXIS2_PLACEMENT_3D('',#14227,#14228,#14229);
#14231=PLANE('',#14230);
#14232=ORIENTED_EDGE('',*,*,#14167,.F.);
#14234=ORIENTED_EDGE('',*,*,#14233,.F.);
#14235=ORIENTED_EDGE('',*,*,#14196,.T.);
#14236=ORIENTED_EDGE('',*,*,#14220,.T.);
#14237=EDGE_LOOP('',(#14232,#14234,#14235,#14236));
#14238=FACE_OUTER_BOUND('',#14237,.F.);
#14240=ORIENTED_EDGE('',*,*,#14239,.T.);
#14242=ORIENTED_EDGE('',*,*,#14241,.T.);
#14244=ORIENTED_EDGE('',*,*,#14243,.T.);
#14246=ORIENTED_EDGE('',*,*,#14245,.T.);
#14247=EDGE_LOOP('',(#14240,#14242,#14244,#14246));
#14248=FACE_BOUND('',#14247,.F.);
#14250=CARTESIAN_POINT('',(7.619999999940E0,2.65E0,-3.549999999760E0));
#14251=DIRECTION('',(0.E0,-1.E0,0.E0));
#14252=DIRECTION('',(1.E0,0.E0,0.E0));
#14253=AXIS2_PLACEMENT_3D('',#14250,#14251,#14252);
#14254=PLANE('',#14253);
#14256=ORIENTED_EDGE('',*,*,#14255,.F.);
#14258=ORIENTED_EDGE('',*,*,#14257,.T.);
#14259=ORIENTED_EDGE('',*,*,#14239,.F.);
#14261=ORIENTED_EDGE('',*,*,#14260,.F.);
#14262=EDGE_LOOP('',(#14256,#14258,#14259,#14261));
#14263=FACE_OUTER_BOUND('',#14262,.F.);
#14265=CARTESIAN_POINT('',(7.619999999940E0,2.75E0,3.100000000240E0));
#14266=DIRECTION('',(0.E0,-9.486832980502E-1,3.162277660179E-1));
#14267=DIRECTION('',(-1.E0,0.E0,0.E0));
#14268=AXIS2_PLACEMENT_3D('',#14265,#14266,#14267);
#14269=PLANE('',#14268);
#14271=ORIENTED_EDGE('',*,*,#14270,.F.);
#14272=ORIENTED_EDGE('',*,*,#14255,.T.);
#14274=ORIENTED_EDGE('',*,*,#14273,.F.);
#14276=ORIENTED_EDGE('',*,*,#14275,.F.);
#14277=EDGE_LOOP('',(#14271,#14272,#14274,#14276));
#14278=FACE_OUTER_BOUND('',#14277,.F.);
#14280=CARTESIAN_POINT('',(7.919999999940E0,3.05E0,3.100000000240E0));
#14281=DIRECTION('',(-9.486832980502E-1,0.E0,-3.162277660179E-1));
#14282=DIRECTION('',(0.E0,-1.E0,0.E0));
#14283=AXIS2_PLACEMENT_3D('',#14280,#14281,#14282);
#14284=PLANE('',#14283);
#14286=ORIENTED_EDGE('',*,*,#14285,.T.);
#14288=ORIENTED_EDGE('',*,*,#14287,.T.);
#14289=ORIENTED_EDGE('',*,*,#14270,.T.);
#14291=ORIENTED_EDGE('',*,*,#14290,.T.);
#14292=EDGE_LOOP('',(#14286,#14288,#14289,#14291));
#14293=FACE_OUTER_BOUND('',#14292,.F.);
#14295=CARTESIAN_POINT('',(7.619999999940E0,3.35E0,3.100000000240E0));
#14296=DIRECTION('',(0.E0,-9.486832980502E-1,-3.162277660179E-1));
#14297=DIRECTION('',(-1.E0,0.E0,0.E0));
#14298=AXIS2_PLACEMENT_3D('',#14295,#14296,#14297);
#14299=PLANE('',#14298);
#14301=ORIENTED_EDGE('',*,*,#14300,.F.);
#14303=ORIENTED_EDGE('',*,*,#14302,.T.);
#14304=ORIENTED_EDGE('',*,*,#14285,.F.);
#14306=ORIENTED_EDGE('',*,*,#14305,.F.);
#14307=EDGE_LOOP('',(#14301,#14303,#14304,#14306));
#14308=FACE_OUTER_BOUND('',#14307,.F.);
#14310=CARTESIAN_POINT('',(7.319999999940E0,3.05E0,3.100000000240E0));
#14311=DIRECTION('',(-9.486832980502E-1,0.E0,3.162277660179E-1));
#14312=DIRECTION('',(0.E0,-1.E0,0.E0));
#14313=AXIS2_PLACEMENT_3D('',#14310,#14311,#14312);
#14314=PLANE('',#14313);
#14316=ORIENTED_EDGE('',*,*,#14315,.T.);
#14317=ORIENTED_EDGE('',*,*,#14300,.T.);
#14319=ORIENTED_EDGE('',*,*,#14318,.F.);
#14320=ORIENTED_EDGE('',*,*,#14273,.T.);
#14321=EDGE_LOOP('',(#14316,#14317,#14319,#14320));
#14322=FACE_OUTER_BOUND('',#14321,.F.);
#14324=CARTESIAN_POINT('',(7.219999999940E0,3.05E0,-3.549999999760E0));
#14325=DIRECTION('',(1.E0,0.E0,0.E0));
#14326=DIRECTION('',(0.E0,1.E0,0.E0));
#14327=AXIS2_PLACEMENT_3D('',#14324,#14325,#14326);
#14328=PLANE('',#14327);
#14329=ORIENTED_EDGE('',*,*,#14315,.F.);
#14330=ORIENTED_EDGE('',*,*,#14260,.T.);
#14331=ORIENTED_EDGE('',*,*,#14245,.F.);
#14333=ORIENTED_EDGE('',*,*,#14332,.F.);
#14334=EDGE_LOOP('',(#14329,#14330,#14331,#14333));
#14335=FACE_OUTER_BOUND('',#14334,.F.);
#14337=CARTESIAN_POINT('',(7.619999999940E0,3.45E0,-3.549999999760E0));
#14338=DIRECTION('',(0.E0,-1.E0,0.E0));
#14339=DIRECTION('',(1.E0,0.E0,0.E0));
#14340=AXIS2_PLACEMENT_3D('',#14337,#14338,#14339);
#14341=PLANE('',#14340);
#14342=ORIENTED_EDGE('',*,*,#14302,.F.);
#14343=ORIENTED_EDGE('',*,*,#14332,.T.);
#14344=ORIENTED_EDGE('',*,*,#14243,.F.);
#14346=ORIENTED_EDGE('',*,*,#14345,.F.);
#14347=EDGE_LOOP('',(#14342,#14343,#14344,#14346));
#14348=FACE_OUTER_BOUND('',#14347,.F.);
#14350=CARTESIAN_POINT('',(8.019999999940E0,3.05E0,-3.549999999760E0));
#14351=DIRECTION('',(-1.E0,0.E0,0.E0));
#14352=DIRECTION('',(0.E0,-1.E0,0.E0));
#14353=AXIS2_PLACEMENT_3D('',#14350,#14351,#14352);
#14354=PLANE('',#14353);
#14355=ORIENTED_EDGE('',*,*,#14241,.F.);
#14356=ORIENTED_EDGE('',*,*,#14257,.F.);
#14357=ORIENTED_EDGE('',*,*,#14287,.F.);
#14358=ORIENTED_EDGE('',*,*,#14345,.T.);
#14359=EDGE_LOOP('',(#14355,#14356,#14357,#14358));
#14360=FACE_OUTER_BOUND('',#14359,.F.);
#14362=CARTESIAN_POINT('',(7.619999999940E0,3.05E0,3.400000000240E0));
#14363=DIRECTION('',(0.E0,0.E0,-1.E0));
#14364=DIRECTION('',(1.E0,0.E0,0.E0));
#14365=AXIS2_PLACEMENT_3D('',#14362,#14363,#14364);
#14366=PLANE('',#14365);
#14367=ORIENTED_EDGE('',*,*,#14275,.T.);
#14368=ORIENTED_EDGE('',*,*,#14318,.T.);
#14369=ORIENTED_EDGE('',*,*,#14305,.T.);
#14370=ORIENTED_EDGE('',*,*,#14290,.F.);
#14371=EDGE_LOOP('',(#14367,#14368,#14369,#14370));
#14372=FACE_OUTER_BOUND('',#14371,.F.);
#14374=CARTESIAN_POINT('',(1.372999999994E1,6.550000001782E0,
-5.000000007603E-1));
#14375=DIRECTION('',(1.E0,0.E0,0.E0));
#14376=DIRECTION('',(0.E0,0.E0,-1.E0));
#14377=AXIS2_PLACEMENT_3D('',#14374,#14375,#14376);
#14378=CYLINDRICAL_SURFACE('',#14377,5.000000007600E-1);
#14379=ORIENTED_EDGE('',*,*,#14165,.F.);
#14381=ORIENTED_EDGE('',*,*,#14380,.T.);
#14382=ORIENTED_EDGE('',*,*,#14198,.T.);
#14383=ORIENTED_EDGE('',*,*,#14233,.T.);
#14384=EDGE_LOOP('',(#14379,#14381,#14382,#14383));
#14385=FACE_OUTER_BOUND('',#14384,.F.);
#14387=CARTESIAN_POINT('',(1.372999999994E1,7.050000000002E0,
-9.199999999761E0));
#14388=DIRECTION('',(0.E0,1.E0,0.E0));
#14389=DIRECTION('',(0.E0,0.E0,1.E0));
#14390=AXIS2_PLACEMENT_3D('',#14387,#14388,#14389);
#14391=PLANE('',#14390);
#14392=ORIENTED_EDGE('',*,*,#14163,.F.);
#14394=ORIENTED_EDGE('',*,*,#14393,.F.);
#14395=ORIENTED_EDGE('',*,*,#14200,.T.);
#14396=ORIENTED_EDGE('',*,*,#14380,.F.);
#14397=EDGE_LOOP('',(#14392,#14394,#14395,#14396));
#14398=FACE_OUTER_BOUND('',#14397,.F.);
#14400=CARTESIAN_POINT('',(1.950000000060E0,7.089999999220E0,
-5.800000000181E0));
#14401=DIRECTION('',(0.E0,1.535279811341E-13,1.E0));
#14402=DIRECTION('',(0.E0,-1.E0,1.535279811341E-13));
#14403=AXIS2_PLACEMENT_3D('',#14400,#14401,#14402);
#14404=PLANE('',#14403);
#14405=ORIENTED_EDGE('',*,*,#14161,.F.);
#14407=ORIENTED_EDGE('',*,*,#14406,.F.);
#14408=ORIENTED_EDGE('',*,*,#14202,.T.);
#14409=ORIENTED_EDGE('',*,*,#14393,.T.);
#14410=EDGE_LOOP('',(#14405,#14407,#14408,#14409));
#14411=FACE_OUTER_BOUND('',#14410,.F.);
#14413=CARTESIAN_POINT('',(1.950000000060E0,7.089999999220E0,
-5.999999998960E0));
#14414=DIRECTION('',(1.E0,0.E0,0.E0));
#14415=DIRECTION('',(0.E0,-1.E0,6.471014200670E-14));
#14416=AXIS2_PLACEMENT_3D('',#14413,#14414,#14415);
#14417=CYLINDRICAL_SURFACE('',#14416,1.999999987800E-1);
#14418=ORIENTED_EDGE('',*,*,#14159,.F.);
#14420=ORIENTED_EDGE('',*,*,#14419,.T.);
#14421=ORIENTED_EDGE('',*,*,#14204,.T.);
#14422=ORIENTED_EDGE('',*,*,#14406,.T.);
#14423=EDGE_LOOP('',(#14418,#14420,#14421,#14422));
#14424=FACE_OUTER_BOUND('',#14423,.F.);
#14426=CARTESIAN_POINT('',(1.950000000060E0,7.289999998E0,-6.200000000280E0));
#14427=DIRECTION('',(0.E0,1.E0,-6.026924993751E-14));
#14428=DIRECTION('',(0.E0,6.026924993751E-14,1.E0));
#14429=AXIS2_PLACEMENT_3D('',#14426,#14427,#14428);
#14430=PLANE('',#14429);
#14431=ORIENTED_EDGE('',*,*,#14157,.F.);
#14433=ORIENTED_EDGE('',*,*,#14432,.F.);
#14434=ORIENTED_EDGE('',*,*,#14206,.T.);
#14435=ORIENTED_EDGE('',*,*,#14419,.F.);
#14436=EDGE_LOOP('',(#14431,#14433,#14434,#14435));
#14437=FACE_OUTER_BOUND('',#14436,.F.);
#14439=CARTESIAN_POINT('',(1.950000000060E0,7.1E0,-6.200000000280E0));
#14440=DIRECTION('',(0.E0,-6.471014200670E-14,-1.E0));
#14441=DIRECTION('',(0.E0,1.E0,-6.471014200670E-14));
#14442=AXIS2_PLACEMENT_3D('',#14439,#14440,#14441);
#14443=PLANE('',#14442);
#14444=ORIENTED_EDGE('',*,*,#14155,.F.);
#14445=ORIENTED_EDGE('',*,*,#14183,.F.);
#14446=ORIENTED_EDGE('',*,*,#14208,.T.);
#14447=ORIENTED_EDGE('',*,*,#14432,.T.);
#14448=EDGE_LOOP('',(#14444,#14445,#14446,#14447));
#14449=FACE_OUTER_BOUND('',#14448,.F.);
#14451=OPEN_SHELL('',(#13633,#13650,#13699,#13715,#13728,#13741,#13754,#13767,
#13787,#13800,#13813,#13826,#13838,#13852,#13866,#13879,#13891,#13905,#13918,
#13934,#13947,#13960,#13974,#13989,#14010,#14022,#14037,#14052,#14067,#14082,
#14096,#14109,#14122,#14134,#14146,#14173,#14187,#14213,#14226,#14249,#14264,
#14279,#14294,#14309,#14323,#14336,#14349,#14361,#14373,#14386,#14399,#14412,
#14425,#14438,#14450));
#14452=MANIFOLD_SOLID_BREP('',#12830);
#14453=SHELL_BASED_SURFACE_MODEL('',(#14451));
#14454=PRESENTATION_LAYER_ASSIGNMENT('06___PRT_ALL_SURFS','',(#14451));
#14455=PRESENTATION_LAYER_ASSIGNMENT('.BLACK_HOLE','',(#14451));
#14456=INVISIBILITY((#14455));
#14459=PLANE_ANGLE_MEASURE_WITH_UNIT(PLANE_ANGLE_MEASURE(1.745329251994E-2),
#14458);
#14460=(CONVERSION_BASED_UNIT('DEGREE',#14459)NAMED_UNIT(*)PLANE_ANGLE_UNIT());
#14462=UNCERTAINTY_MEASURE_WITH_UNIT(LENGTH_MEASURE(4.008554148866E-3),#14457,
'distance_accuracy_value',
'Maximum model space distance between geometric entities at asserted connectivities');
#14466=CARTESIAN_POINT('',(0.E0,0.E0,0.E0));
#14467=DIRECTION('',(0.E0,0.E0,1.E0));
#14468=DIRECTION('',(1.E0,0.E0,0.E0));
#14471=SHAPE_REPRESENTATION_RELATIONSHIP('','',#14470,#14464);
#14472=SHAPE_REPRESENTATION_RELATIONSHIP('','',#14470,#14465);
#14473=APPLICATION_CONTEXT('automotive_design');
#14474=APPLICATION_PROTOCOL_DEFINITION('international standard',
'automotive_design',2001,#14473);
#14475=PRODUCT_DEFINITION_CONTEXT('part definition',#14473,'design');
#14476=PRODUCT_CONTEXT('',#14473,'mechanical');
#14477=PRODUCT('15EDGVC-3_81-03P-1Y-00A_H_','15EDGVC-3_81-03P-1Y-00A_H_',
'NOT SPECIFIED',(#14476));
#14478=PRODUCT_DEFINITION_FORMATION('1','LAST_VERSION',#14477);
#14486=DERIVED_UNIT_ELEMENT(#14485,2.E0);
#14487=DERIVED_UNIT((#14486));
#14488=MEASURE_REPRESENTATION_ITEM('surface area measure',AREA_MEASURE(
7.354586415496E2),#14487);
#14493=DERIVED_UNIT_ELEMENT(#14492,3.E0);
#14494=DERIVED_UNIT((#14493));
#14495=MEASURE_REPRESENTATION_ITEM('volume measure',VOLUME_MEASURE(
3.280918084987E2),#14494);
#14499=CARTESIAN_POINT('centre point',(9.524062270303E0,3.597840306577E0,
-3.644760117584E0));
#14508=DERIVED_UNIT_ELEMENT(#14507,2.E0);
#14509=DERIVED_UNIT((#14508));
#14510=MEASURE_REPRESENTATION_ITEM('surface area measure',AREA_MEASURE(
4.178446449700E2),#14509);
#14515=DERIVED_UNIT_ELEMENT(#14514,2.E0);
#14516=DERIVED_UNIT((#14515));
#14517=MEASURE_REPRESENTATION_ITEM('surface area measure',AREA_MEASURE(
1.153303286520E3),#14516);
#14522=DERIVED_UNIT_ELEMENT(#14521,3.E0);
#14523=DERIVED_UNIT((#14522));
#14524=MEASURE_REPRESENTATION_ITEM('volume measure',VOLUME_MEASURE(
3.280918084987E2),#14523);
#14528=CARTESIAN_POINT('centre point',(9.524062270303E0,3.597840306577E0,
-3.644760117584E0));
#14533=PRODUCT_RELATED_PRODUCT_CATEGORY('part','',(#14477));
#14535=GENERAL_PROPERTY('','DESCRIPTION','user defined attribute');
#14536=GENERAL_PROPERTY_ASSOCIATION('user defined attribute','',#14535,#14534);
#14537=DESCRIPTIVE_REPRESENTATION_ITEM('DESCRIPTION','');
#14541=GENERAL_PROPERTY('','MODELED_BY','user defined attribute');
#14542=GENERAL_PROPERTY_ASSOCIATION('user defined attribute','',#14541,#14540);
#14543=DESCRIPTIVE_REPRESENTATION_ITEM('MODELED_BY','');
#1=DRAUGHTING_PRE_DEFINED_COLOUR('green');
#2=COLOUR_RGB('',1.1E-2,1.2E-2,1.E0);
#3=COLOUR_RGB('',2.E-1,6.E-1,2.E-1);
#4=COLOUR_RGB('',4.1E-1,2.61589E-1,1.12848E-1);
#5=COLOUR_RGB('',5.04854E-1,1.5455E-2,1.5455E-2);
#6=COLOUR_RGB('',6.40777E-1,6.40777E-1,6.40777E-1);
#7=COLOUR_RGB('',6.69062E-1,6.69903E-1,6.55217E-1);
#8=COLOUR_RGB('',6.952E-1,7.426E-1,7.9E-1);
#9=COLOUR_RGB('',9.21569E-1,7.05882E-1,4.70588E-1);
#10=DRAUGHTING_PRE_DEFINED_COLOUR('red');
#11=DRAUGHTING_PRE_DEFINED_COLOUR('yellow');
#12=COLOUR_RGB('',1.E0,1.E0,5.3E-1);
#13=COLOUR_RGB('',1.E0,1.E0,9.49E-1);
#14=DRAUGHTING_PRE_DEFINED_COLOUR('white');
#75=CIRCLE('',#74,9.499999999200E-1);
#80=CIRCLE('',#79,9.499999999200E-1);
#117=CIRCLE('',#116,1.600000000400E0);
#170=CIRCLE('',#169,9.499999999200E-1);
#175=CIRCLE('',#174,9.499999999200E-1);
#324=CIRCLE('',#323,1.399982226518E0);
#341=CIRCLE('',#340,1.399982226518E0);
#466=CIRCLE('',#465,1.600000000400E0);
#475=CIRCLE('',#474,9.499999999200E-1);
#480=CIRCLE('',#479,9.499999999200E-1);
#523=B_SPLINE_CURVE_WITH_KNOTS('',3,(#517,#518,#519,#520,#521,#522),
.UNSPECIFIED.,.F.,.F.,(4,1,1,4),(0.E0,3.333333333333E-1,6.666666666667E-1,1.E0),
.UNSPECIFIED.);
#528=CIRCLE('',#527,1.599986065062E0);
#533=CIRCLE('',#532,1.599986065062E0);
#540=B_SPLINE_CURVE_WITH_KNOTS('',3,(#534,#535,#536,#537,#538,#539),
.UNSPECIFIED.,.F.,.F.,(4,1,1,4),(0.E0,3.333333333333E-1,6.666666666667E-1,1.E0),
.UNSPECIFIED.);
#661=CIRCLE('',#660,9.499999999200E-1);
#666=CIRCLE('',#665,9.499999999200E-1);
#805=B_SPLINE_CURVE_WITH_KNOTS('',3,(#799,#800,#801,#802,#803,#804),
.UNSPECIFIED.,.F.,.F.,(4,1,1,4),(0.E0,3.333333333333E-1,6.666666666667E-1,1.E0),
.UNSPECIFIED.);
#810=CIRCLE('',#809,1.599986065062E0);
#815=CIRCLE('',#814,1.599986065062E0);
#822=B_SPLINE_CURVE_WITH_KNOTS('',3,(#816,#817,#818,#819,#820,#821),
.UNSPECIFIED.,.F.,.F.,(4,1,1,4),(0.E0,3.333333333333E-1,6.666666666667E-1,1.E0),
.UNSPECIFIED.);
#1039=B_SPLINE_CURVE_WITH_KNOTS('',3,(#1035,#1036,#1037,#1038),.UNSPECIFIED.,
.F.,.F.,(4,4),(0.E0,1.E0),.UNSPECIFIED.);
#1056=B_SPLINE_CURVE_WITH_KNOTS('',3,(#1052,#1053,#1054,#1055),.UNSPECIFIED.,
.F.,.F.,(4,4),(0.E0,1.E0),.UNSPECIFIED.);
#1061=B_SPLINE_CURVE_WITH_KNOTS('',3,(#1057,#1058,#1059,#1060),.UNSPECIFIED.,
.F.,.F.,(4,4),(0.E0,1.E0),.UNSPECIFIED.);
#1106=B_SPLINE_CURVE_WITH_KNOTS('',3,(#1102,#1103,#1104,#1105),.UNSPECIFIED.,
.F.,.F.,(4,4),(0.E0,1.E0),.UNSPECIFIED.);
#1115=B_SPLINE_CURVE_WITH_KNOTS('',3,(#1111,#1112,#1113,#1114),.UNSPECIFIED.,
.F.,.F.,(4,4),(0.E0,1.E0),.UNSPECIFIED.);
#1164=B_SPLINE_CURVE_WITH_KNOTS('',3,(#1160,#1161,#1162,#1163),.UNSPECIFIED.,
.F.,.F.,(4,4),(0.E0,1.E0),.UNSPECIFIED.);
#1169=B_SPLINE_CURVE_WITH_KNOTS('',3,(#1165,#1166,#1167,#1168),.UNSPECIFIED.,
.F.,.F.,(4,4),(0.E0,1.E0),.UNSPECIFIED.);
#1314=B_SPLINE_CURVE_WITH_KNOTS('',3,(#1310,#1311,#1312,#1313),.UNSPECIFIED.,
.F.,.F.,(4,4),(0.E0,1.E0),.UNSPECIFIED.);
#1367=B_SPLINE_CURVE_WITH_KNOTS('',3,(#1363,#1364,#1365,#1366),.UNSPECIFIED.,
.F.,.F.,(4,4),(0.E0,1.E0),.UNSPECIFIED.);
#1392=B_SPLINE_CURVE_WITH_KNOTS('',3,(#1388,#1389,#1390,#1391),.UNSPECIFIED.,
.F.,.F.,(4,4),(0.E0,1.E0),.UNSPECIFIED.);
#1417=B_SPLINE_CURVE_WITH_KNOTS('',3,(#1413,#1414,#1415,#1416),.UNSPECIFIED.,
.F.,.F.,(4,4),(0.E0,1.E0),.UNSPECIFIED.);
#1486=B_SPLINE_CURVE_WITH_KNOTS('',3,(#1482,#1483,#1484,#1485),.UNSPECIFIED.,
.F.,.F.,(4,4),(0.E0,1.E0),.UNSPECIFIED.);
#1527=B_SPLINE_CURVE_WITH_KNOTS('',3,(#1523,#1524,#1525,#1526),.UNSPECIFIED.,
.F.,.F.,(4,4),(0.E0,1.E0),.UNSPECIFIED.);
#1552=B_SPLINE_CURVE_WITH_KNOTS('',3,(#1548,#1549,#1550,#1551),.UNSPECIFIED.,
.F.,.F.,(4,4),(0.E0,1.E0),.UNSPECIFIED.);
#1557=B_SPLINE_CURVE_WITH_KNOTS('',3,(#1553,#1554,#1555,#1556),.UNSPECIFIED.,
.F.,.F.,(4,4),(0.E0,1.E0),.UNSPECIFIED.);
#1562=B_SPLINE_CURVE_WITH_KNOTS('',3,(#1558,#1559,#1560,#1561),.UNSPECIFIED.,
.F.,.F.,(4,4),(0.E0,1.E0),.UNSPECIFIED.);
#1631=B_SPLINE_CURVE_WITH_KNOTS('',3,(#1627,#1628,#1629,#1630),.UNSPECIFIED.,
.F.,.F.,(4,4),(0.E0,1.E0),.UNSPECIFIED.);
#1704=B_SPLINE_CURVE_WITH_KNOTS('',3,(#1700,#1701,#1702,#1703),.UNSPECIFIED.,
.F.,.F.,(4,4),(0.E0,1.E0),.UNSPECIFIED.);
#1845=B_SPLINE_CURVE_WITH_KNOTS('',3,(#1841,#1842,#1843,#1844),.UNSPECIFIED.,
.F.,.F.,(4,4),(0.E0,1.E0),.UNSPECIFIED.);
#1906=B_SPLINE_CURVE_WITH_KNOTS('',3,(#1902,#1903,#1904,#1905),.UNSPECIFIED.,
.F.,.F.,(4,4),(0.E0,1.E0),.UNSPECIFIED.);
#1911=B_SPLINE_CURVE_WITH_KNOTS('',3,(#1907,#1908,#1909,#1910),.UNSPECIFIED.,
.F.,.F.,(4,4),(0.E0,1.E0),.UNSPECIFIED.);
#1936=B_SPLINE_CURVE_WITH_KNOTS('',3,(#1932,#1933,#1934,#1935),.UNSPECIFIED.,
.F.,.F.,(4,4),(0.E0,1.E0),.UNSPECIFIED.);
#2077=B_SPLINE_CURVE_WITH_KNOTS('',3,(#2073,#2074,#2075,#2076),.UNSPECIFIED.,
.F.,.F.,(4,4),(0.E0,1.E0),.UNSPECIFIED.);
#2082=B_SPLINE_CURVE_WITH_KNOTS('',3,(#2078,#2079,#2080,#2081),.UNSPECIFIED.,
.F.,.F.,(4,4),(0.E0,1.E0),.UNSPECIFIED.);
#2099=B_SPLINE_CURVE_WITH_KNOTS('',3,(#2095,#2096,#2097,#2098),.UNSPECIFIED.,
.F.,.F.,(4,4),(0.E0,1.E0),.UNSPECIFIED.);
#2772=B_SPLINE_CURVE_WITH_KNOTS('',3,(#2768,#2769,#2770,#2771),.UNSPECIFIED.,
.F.,.F.,(4,4),(0.E0,1.E0),.UNSPECIFIED.);
#2781=B_SPLINE_CURVE_WITH_KNOTS('',3,(#2777,#2778,#2779,#2780),.UNSPECIFIED.,
.F.,.F.,(4,4),(0.E0,1.E0),.UNSPECIFIED.);
#2806=B_SPLINE_CURVE_WITH_KNOTS('',3,(#2802,#2803,#2804,#2805),.UNSPECIFIED.,
.F.,.F.,(4,4),(0.E0,1.E0),.UNSPECIFIED.);
#2811=B_SPLINE_CURVE_WITH_KNOTS('',3,(#2807,#2808,#2809,#2810),.UNSPECIFIED.,
.F.,.F.,(4,4),(0.E0,1.E0),.UNSPECIFIED.);
#3120=B_SPLINE_CURVE_WITH_KNOTS('',3,(#3116,#3117,#3118,#3119),.UNSPECIFIED.,
.F.,.F.,(4,4),(0.E0,1.E0),.UNSPECIFIED.);
#3125=B_SPLINE_CURVE_WITH_KNOTS('',3,(#3121,#3122,#3123,#3124),.UNSPECIFIED.,
.F.,.F.,(4,4),(0.E0,1.E0),.UNSPECIFIED.);
#3202=B_SPLINE_CURVE_WITH_KNOTS('',3,(#3198,#3199,#3200,#3201),.UNSPECIFIED.,
.F.,.F.,(4,4),(0.E0,1.E0),.UNSPECIFIED.);
#3207=B_SPLINE_CURVE_WITH_KNOTS('',3,(#3203,#3204,#3205,#3206),.UNSPECIFIED.,
.F.,.F.,(4,4),(0.E0,1.E0),.UNSPECIFIED.);
#3232=B_SPLINE_CURVE_WITH_KNOTS('',3,(#3228,#3229,#3230,#3231),.UNSPECIFIED.,
.F.,.F.,(4,4),(0.E0,1.E0),.UNSPECIFIED.);
#3237=B_SPLINE_CURVE_WITH_KNOTS('',3,(#3233,#3234,#3235,#3236),.UNSPECIFIED.,
.F.,.F.,(4,4),(0.E0,1.E0),.UNSPECIFIED.);
#3262=B_SPLINE_CURVE_WITH_KNOTS('',3,(#3258,#3259,#3260,#3261),.UNSPECIFIED.,
.F.,.F.,(4,4),(0.E0,1.E0),.UNSPECIFIED.);
#3267=B_SPLINE_CURVE_WITH_KNOTS('',3,(#3263,#3264,#3265,#3266),.UNSPECIFIED.,
.F.,.F.,(4,4),(0.E0,1.E0),.UNSPECIFIED.);
#3320=B_SPLINE_CURVE_WITH_KNOTS('',3,(#3316,#3317,#3318,#3319),.UNSPECIFIED.,
.F.,.F.,(4,4),(0.E0,1.E0),.UNSPECIFIED.);
#3325=B_SPLINE_CURVE_WITH_KNOTS('',3,(#3321,#3322,#3323,#3324),.UNSPECIFIED.,
.F.,.F.,(4,4),(0.E0,1.E0),.UNSPECIFIED.);
#3402=B_SPLINE_CURVE_WITH_KNOTS('',3,(#3398,#3399,#3400,#3401),.UNSPECIFIED.,
.F.,.F.,(4,4),(0.E0,1.E0),.UNSPECIFIED.);
#3407=B_SPLINE_CURVE_WITH_KNOTS('',3,(#3403,#3404,#3405,#3406),.UNSPECIFIED.,
.F.,.F.,(4,4),(0.E0,1.E0),.UNSPECIFIED.);
#3480=B_SPLINE_CURVE_WITH_KNOTS('',3,(#3476,#3477,#3478,#3479),.UNSPECIFIED.,
.F.,.F.,(4,4),(0.E0,1.E0),.UNSPECIFIED.);
#3485=B_SPLINE_CURVE_WITH_KNOTS('',3,(#3481,#3482,#3483,#3484),.UNSPECIFIED.,
.F.,.F.,(4,4),(0.E0,1.E0),.UNSPECIFIED.);
#3962=B_SPLINE_CURVE_WITH_KNOTS('',3,(#3958,#3959,#3960,#3961),.UNSPECIFIED.,
.F.,.F.,(4,4),(0.E0,1.E0),.UNSPECIFIED.);
#3971=B_SPLINE_CURVE_WITH_KNOTS('',3,(#3967,#3968,#3969,#3970),.UNSPECIFIED.,
.F.,.F.,(4,4),(0.E0,1.E0),.UNSPECIFIED.);
#4036=B_SPLINE_CURVE_WITH_KNOTS('',3,(#4032,#4033,#4034,#4035),.UNSPECIFIED.,
.F.,.F.,(4,4),(0.E0,1.E0),.UNSPECIFIED.);
#4041=B_SPLINE_CURVE_WITH_KNOTS('',3,(#4037,#4038,#4039,#4040),.UNSPECIFIED.,
.F.,.F.,(4,4),(0.E0,1.E0),.UNSPECIFIED.);
#4066=B_SPLINE_CURVE_WITH_KNOTS('',3,(#4062,#4063,#4064,#4065),.UNSPECIFIED.,
.F.,.F.,(4,4),(0.E0,1.E0),.UNSPECIFIED.);
#4143=B_SPLINE_CURVE_WITH_KNOTS('',3,(#4139,#4140,#4141,#4142),.UNSPECIFIED.,
.F.,.F.,(4,4),(0.E0,1.E0),.UNSPECIFIED.);
#4148=B_SPLINE_CURVE_WITH_KNOTS('',3,(#4144,#4145,#4146,#4147),.UNSPECIFIED.,
.F.,.F.,(4,4),(0.E0,1.E0),.UNSPECIFIED.);
#4565=CIRCLE('',#4564,1.999999987800E-1);
#4574=CIRCLE('',#4573,5.000000007600E-1);
#4587=CIRCLE('',#4586,5.000000007600E-1);
#4596=CIRCLE('',#4595,1.999999987800E-1);
#6131=EDGE_CURVE('',#4659,#4660,#18,.T.);
#6133=EDGE_CURVE('',#4660,#4662,#22,.T.);
#6135=EDGE_CURVE('',#4662,#4664,#26,.T.);
#6137=EDGE_CURVE('',#4664,#4659,#30,.T.);
#6141=ADVANCED_FACE('',(#6140),#6130,.T.);
#6147=EDGE_CURVE('',#4666,#4659,#34,.T.);
#6149=EDGE_CURVE('',#4668,#4666,#4652,.T.);
#6151=EDGE_CURVE('',#4660,#4668,#58,.T.);
#6156=ADVANCED_FACE('',(#6155),#6146,.T.);
#6162=EDGE_CURVE('',#4666,#4670,#42,.T.);
#6166=EDGE_CURVE('',#4664,#4670,#38,.T.);
#6170=ADVANCED_FACE('',(#6169),#6161,.T.);
#6177=EDGE_CURVE('',#4670,#4672,#46,.T.);
#6179=EDGE_CURVE('',#4674,#4672,#96,.T.);
#6181=EDGE_CURVE('',#4666,#4674,#4656,.T.);
#6185=ADVANCED_FACE('',(#6184),#6175,.F.);
#6191=EDGE_CURVE('',#4670,#4676,#50,.T.);
#6193=EDGE_CURVE('',#4676,#4678,#54,.T.);
#6195=EDGE_CURVE('',#4672,#4678,#84,.T.);
#6200=ADVANCED_FACE('',(#6199),#6190,.F.);
#6206=EDGE_CURVE('',#4676,#4662,#62,.T.);
#6213=ADVANCED_FACE('',(#6212),#6205,.F.);
#6220=EDGE_CURVE('',#4676,#4668,#66,.T.);
#6226=ADVANCED_FACE('',(#6225),#6218,.F.);
#6232=EDGE_CURVE('',#4678,#4680,#88,.T.);
#6236=EDGE_CURVE('',#4668,#4680,#70,.T.);
#6240=ADVANCED_FACE('',(#6239),#6231,.F.);
#6246=EDGE_CURVE('',#4683,#4684,#75,.T.);
#6248=EDGE_CURVE('',#4684,#4683,#80,.T.);
#6254=EDGE_CURVE('',#4680,#4674,#92,.T.);
#6259=ADVANCED_FACE('',(#6251,#6258),#6245,.F.);
#6266=EDGE_CURVE('',#4686,#4683,#104,.T.);
#6268=EDGE_CURVE('',#4688,#4686,#170,.T.);
#6270=EDGE_CURVE('',#4688,#4684,#100,.T.);
#6274=ADVANCED_FACE('',(#6273),#6264,.T.);
#6280=EDGE_CURVE('',#4686,#4688,#175,.T.);
#6287=ADVANCED_FACE('',(#6286),#6279,.T.);
#6293=EDGE_CURVE('',#4691,#4692,#108,.T.);
#6295=EDGE_CURVE('',#4692,#4694,#112,.T.);
#6297=EDGE_CURVE('',#4694,#4696,#117,.T.);
#6299=EDGE_CURVE('',#4696,#4698,#121,.T.);
#6301=EDGE_CURVE('',#4698,#4700,#125,.T.);
#6303=EDGE_CURVE('',#4700,#4702,#129,.T.);
#6305=EDGE_CURVE('',#4702,#4704,#133,.T.);
#6307=EDGE_CURVE('',#4704,#4706,#137,.T.);
#6309=EDGE_CURVE('',#4706,#4708,#141,.T.);
#6311=EDGE_CURVE('',#4708,#4710,#145,.T.);
#6313=EDGE_CURVE('',#4712,#4710,#4628,.T.);
#6315=EDGE_CURVE('',#4714,#4712,#4620,.T.);
#6317=EDGE_CURVE('',#4716,#4714,#4612,.T.);
#6319=EDGE_CURVE('',#4716,#4718,#149,.T.);
#6321=EDGE_CURVE('',#4718,#4720,#153,.T.);
#6323=EDGE_CURVE('',#4720,#4722,#157,.T.);
#6325=EDGE_CURVE('',#4722,#4724,#161,.T.);
#6327=EDGE_CURVE('',#4724,#4691,#165,.T.);
#6335=ADVANCED_FACE('',(#6330,#6334),#6292,.F.);
#6342=EDGE_CURVE('',#4726,#4691,#187,.T.);
#6344=EDGE_CURVE('',#4728,#4726,#349,.T.);
#6346=EDGE_CURVE('',#4728,#4730,#179,.T.);
#6348=EDGE_CURVE('',#4692,#4730,#275,.T.);
#6352=ADVANCED_FACE('',(#6351),#6340,.T.);
#6359=EDGE_CURVE('',#4732,#4724,#195,.T.);
#6361=EDGE_CURVE('',#4732,#4726,#183,.T.);
#6366=ADVANCED_FACE('',(#6365),#6357,.T.);
#6373=EDGE_CURVE('',#4734,#4722,#203,.T.);
#6375=EDGE_CURVE('',#4734,#4732,#191,.T.);
#6380=ADVANCED_FACE('',(#6379),#6371,.T.);
#6387=EDGE_CURVE('',#4736,#4720,#207,.T.);
#6389=EDGE_CURVE('',#4736,#4734,#199,.T.);
#6394=ADVANCED_FACE('',(#6393),#6385,.T.);
#6401=EDGE_CURVE('',#4738,#4718,#215,.T.);
#6403=EDGE_CURVE('',#4736,#4738,#353,.T.);
#6408=ADVANCED_FACE('',(#6407),#6399,.T.);
#6415=EDGE_CURVE('',#4740,#4708,#223,.T.);
#6417=EDGE_CURVE('',#4740,#4738,#211,.T.);
#6421=EDGE_CURVE('',#4716,#4742,#219,.T.);
#6423=EDGE_CURVE('',#4744,#4742,#4644,.T.);
#6425=EDGE_CURVE('',#4710,#4744,#4632,.T.);
#6429=ADVANCED_FACE('',(#6428),#6413,.T.);
#6436=EDGE_CURVE('',#4746,#4706,#231,.T.);
#6438=EDGE_CURVE('',#4740,#4746,#357,.T.);
#6443=ADVANCED_FACE('',(#6442),#6434,.T.);
#6450=EDGE_CURVE('',#4748,#4704,#239,.T.);
#6452=EDGE_CURVE('',#4748,#4746,#227,.T.);
#6457=ADVANCED_FACE('',(#6456),#6448,.T.);
#6464=EDGE_CURVE('',#4750,#4702,#251,.T.);
#6466=EDGE_CURVE('',#4750,#4748,#235,.T.);
#6471=ADVANCED_FACE('',(#6470),#6462,.T.);
#6478=EDGE_CURVE('',#4700,#4752,#243,.T.);
#6480=EDGE_CURVE('',#4752,#4750,#247,.T.);
#6485=ADVANCED_FACE('',(#6484),#6476,.T.);
#6492=EDGE_CURVE('',#4754,#4698,#263,.T.);
#6494=EDGE_CURVE('',#4754,#4756,#255,.T.);
#6496=EDGE_CURVE('',#4758,#4756,#332,.T.);
#6498=EDGE_CURVE('',#4760,#4758,#758,.T.);
#6500=EDGE_CURVE('',#4760,#4762,#259,.T.);
#6502=EDGE_CURVE('',#4764,#4762,#774,.T.);
#6504=EDGE_CURVE('',#4752,#4764,#361,.T.);
#6509=ADVANCED_FACE('',(#6508),#6490,.T.);
#6516=EDGE_CURVE('',#4766,#4696,#267,.T.);
#6518=EDGE_CURVE('',#4754,#4766,#798,.T.);
#6523=ADVANCED_FACE('',(#6522),#6514,.T.);
#6531=EDGE_CURVE('',#4694,#4768,#271,.T.);
#6533=EDGE_CURVE('',#4770,#4768,#815,.T.);
#6535=EDGE_CURVE('',#4766,#4770,#810,.T.);
#6539=ADVANCED_FACE('',(#6538),#6528,.T.);
#6547=EDGE_CURVE('',#4768,#4730,#279,.T.);
#6552=ADVANCED_FACE('',(#6551),#6544,.T.);
#6560=EDGE_CURVE('',#4772,#4728,#345,.T.);
#6562=EDGE_CURVE('',#4768,#4772,#822,.T.);
#6566=ADVANCED_FACE('',(#6565),#6557,.F.);
#6572=EDGE_CURVE('',#5951,#4776,#826,.T.);
#6574=EDGE_CURVE('',#5950,#5951,#4556,.T.);
#6576=EDGE_CURVE('',#4775,#5950,#1996,.T.);
#6578=EDGE_CURVE('',#4775,#4776,#369,.T.);
#6582=EDGE_CURVE('',#4778,#4758,#328,.T.);
#6585=EDGE_CURVE('',#4756,#4780,#336,.T.);
#6587=EDGE_CURVE('',#4780,#4772,#341,.T.);
#6601=EDGE_CURVE('',#4764,#4782,#365,.T.);
#6603=EDGE_CURVE('',#4778,#4782,#794,.T.);
#6607=EDGE_CURVE('',#5954,#5955,#381,.T.);
#6609=EDGE_CURVE('',#5954,#5957,#283,.T.);
#6611=EDGE_CURVE('',#5959,#5957,#397,.T.);
#6613=EDGE_CURVE('',#5961,#5959,#425,.T.);
#6615=EDGE_CURVE('',#5961,#5963,#287,.T.);
#6617=EDGE_CURVE('',#5963,#5965,#291,.T.);
#6619=EDGE_CURVE('',#5965,#5967,#295,.T.);
#6621=EDGE_CURVE('',#5967,#5969,#299,.T.);
#6623=EDGE_CURVE('',#5969,#5971,#303,.T.);
#6625=EDGE_CURVE('',#5971,#5973,#307,.T.);
#6627=EDGE_CURVE('',#5973,#5975,#311,.T.);
#6629=EDGE_CURVE('',#5975,#5977,#315,.T.);
#6631=EDGE_CURVE('',#5977,#5979,#319,.T.);
#6633=EDGE_CURVE('',#5981,#5979,#484,.T.);
#6635=EDGE_CURVE('',#5983,#5981,#544,.T.);
#6637=EDGE_CURVE('',#5983,#5987,#324,.T.);
#6639=EDGE_CURVE('',#5986,#5987,#516,.T.);
#6641=EDGE_CURVE('',#5955,#5986,#429,.T.);
#6645=ADVANCED_FACE('',(#6581,#6606,#6644),#6571,.T.);
#6651=EDGE_CURVE('',#6030,#6031,#373,.T.);
#6653=EDGE_CURVE('',#6031,#5954,#377,.T.);
#6656=EDGE_CURVE('',#5955,#6033,#385,.T.);
#6658=EDGE_CURVE('',#6030,#6033,#417,.T.);
#6662=ADVANCED_FACE('',(#6661),#6650,.T.);
#6668=EDGE_CURVE('',#6036,#6037,#389,.T.);
#6670=EDGE_CURVE('',#6031,#6037,#409,.T.);
#6673=EDGE_CURVE('',#6030,#6036,#393,.T.);
#6677=ADVANCED_FACE('',(#6676),#6667,.F.);
#6684=EDGE_CURVE('',#5957,#6037,#401,.T.);
#6687=EDGE_CURVE('',#6039,#6036,#413,.T.);
#6689=EDGE_CURVE('',#6039,#5959,#405,.T.);
#6693=ADVANCED_FACE('',(#6692),#6682,.T.);
#6705=ADVANCED_FACE('',(#6704),#6698,.T.);
#6714=EDGE_CURVE('',#6033,#6039,#421,.T.);
#6718=ADVANCED_FACE('',(#6717),#6710,.F.);
#6724=EDGE_CURVE('',#6042,#6043,#457,.T.);
#6726=EDGE_CURVE('',#5961,#6042,#652,.T.);
#6733=EDGE_CURVE('',#6045,#5986,#512,.T.);
#6735=EDGE_CURVE('',#6043,#6045,#504,.T.);
#6739=ADVANCED_FACE('',(#6738),#6723,.F.);
#6745=EDGE_CURVE('',#6048,#6049,#433,.T.);
#6747=EDGE_CURVE('',#6051,#6049,#552,.T.);
#6749=EDGE_CURVE('',#6053,#6051,#564,.T.);
#6751=EDGE_CURVE('',#6055,#6053,#572,.T.);
#6753=EDGE_CURVE('',#6055,#6057,#437,.T.);
#6755=EDGE_CURVE('',#6059,#6057,#596,.T.);
#6757=EDGE_CURVE('',#6059,#6061,#441,.T.);
#6759=EDGE_CURVE('',#6061,#6063,#445,.T.);
#6761=EDGE_CURVE('',#6063,#6065,#449,.T.);
#6763=EDGE_CURVE('',#6067,#6065,#584,.T.);
#6765=EDGE_CURVE('',#6067,#6069,#453,.T.);
#6767=EDGE_CURVE('',#6071,#6069,#632,.T.);
#6769=EDGE_CURVE('',#6073,#6071,#640,.T.);
#6771=EDGE_CURVE('',#6042,#6073,#648,.T.);
#6774=EDGE_CURVE('',#6043,#6075,#461,.T.);
#6776=EDGE_CURVE('',#6075,#6077,#466,.T.);
#6778=EDGE_CURVE('',#6077,#6048,#470,.T.);
#6782=EDGE_CURVE('',#6080,#6081,#475,.T.);
#6784=EDGE_CURVE('',#6081,#6080,#480,.T.);
#6788=ADVANCED_FACE('',(#6781,#6787),#6744,.F.);
#6795=EDGE_CURVE('',#6083,#6048,#492,.T.);
#6797=EDGE_CURVE('',#5981,#6083,#548,.T.);
#6800=EDGE_CURVE('',#6049,#5979,#556,.T.);
#6804=ADVANCED_FACE('',(#6803),#6793,.F.);
#6811=EDGE_CURVE('',#6085,#6077,#500,.T.);
#6813=EDGE_CURVE('',#6085,#6083,#488,.T.);
#6818=ADVANCED_FACE('',(#6817),#6809,.F.);
#6824=EDGE_CURVE('',#6075,#6087,#496,.T.);
#6826=EDGE_CURVE('',#6089,#6087,#533,.T.);
#6828=EDGE_CURVE('',#6085,#6089,#528,.T.);
#6834=ADVANCED_FACE('',(#6833),#6823,.T.);
#6842=EDGE_CURVE('',#6045,#6087,#508,.T.);
#6847=ADVANCED_FACE('',(#6846),#6839,.F.);
#6856=EDGE_CURVE('',#6087,#5987,#523,.T.);
#6860=ADVANCED_FACE('',(#6859),#6852,.T.);
#6868=EDGE_CURVE('',#6085,#5983,#540,.T.);
#6874=ADVANCED_FACE('',(#6873),#6865,.T.);
#6886=ADVANCED_FACE('',(#6885),#6879,.T.);
#6895=EDGE_CURVE('',#5977,#6051,#560,.T.);
#6899=ADVANCED_FACE('',(#6898),#6891,.F.);
#6908=EDGE_CURVE('',#5975,#6053,#568,.T.);
#6912=ADVANCED_FACE('',(#6911),#6904,.F.);
#6921=EDGE_CURVE('',#5973,#6055,#576,.T.);
#6925=ADVANCED_FACE('',(#6924),#6917,.F.);
#6934=EDGE_CURVE('',#5971,#6057,#580,.T.);
#6938=ADVANCED_FACE('',(#6937),#6930,.F.);
#6945=EDGE_CURVE('',#6065,#6091,#588,.T.);
#6947=EDGE_CURVE('',#6091,#6093,#592,.T.);
#6949=EDGE_CURVE('',#6059,#6093,#620,.T.);
#6954=EDGE_CURVE('',#5969,#6067,#600,.T.);
#6958=ADVANCED_FACE('',(#6957),#6943,.F.);
#6965=EDGE_CURVE('',#6063,#6095,#604,.T.);
#6967=EDGE_CURVE('',#6095,#6091,#608,.T.);
#6972=ADVANCED_FACE('',(#6971),#6963,.T.);
#6979=EDGE_CURVE('',#6061,#6097,#612,.T.);
#6981=EDGE_CURVE('',#6097,#6095,#616,.T.);
#6986=ADVANCED_FACE('',(#6985),#6977,.T.);
#6994=EDGE_CURVE('',#6093,#6097,#624,.T.);
#6999=ADVANCED_FACE('',(#6998),#6991,.T.);
#7011=ADVANCED_FACE('',(#7010),#7004,.T.);
#7020=EDGE_CURVE('',#5967,#6069,#628,.T.);
#7024=ADVANCED_FACE('',(#7023),#7016,.F.);
#7033=EDGE_CURVE('',#5965,#6071,#636,.T.);
#7037=ADVANCED_FACE('',(#7036),#7029,.F.);
#7046=EDGE_CURVE('',#5963,#6073,#644,.T.);
#7050=ADVANCED_FACE('',(#7049),#7042,.F.);
#7062=ADVANCED_FACE('',(#7061),#7055,.F.);
#7068=EDGE_CURVE('',#6100,#6101,#661,.T.);
#7070=EDGE_CURVE('',#6081,#6100,#686,.T.);
#7073=EDGE_CURVE('',#6080,#6101,#656,.T.);
#7077=ADVANCED_FACE('',(#7076),#7067,.T.);
#7084=EDGE_CURVE('',#6101,#6100,#666,.T.);
#7088=EDGE_CURVE('',#6104,#6105,#670,.T.);
#7090=EDGE_CURVE('',#6105,#6107,#674,.T.);
#7092=EDGE_CURVE('',#6107,#6109,#678,.T.);
#7094=EDGE_CURVE('',#6109,#6104,#682,.T.);
#7098=ADVANCED_FACE('',(#7087,#7097),#7082,.T.);
#7110=ADVANCED_FACE('',(#7109),#7103,.T.);
#7116=EDGE_CURVE('',#6112,#6113,#690,.T.);
#7118=EDGE_CURVE('',#6113,#6105,#694,.T.);
#7121=EDGE_CURVE('',#6112,#6104,#718,.T.);
#7125=ADVANCED_FACE('',(#7124),#7115,.F.);
#7131=EDGE_CURVE('',#6113,#6115,#702,.T.);
#7134=EDGE_CURVE('',#6117,#6112,#710,.T.);
#7136=EDGE_CURVE('',#6115,#6117,#746,.T.);
#7140=ADVANCED_FACE('',(#7139),#7130,.F.);
#7146=EDGE_CURVE('',#6120,#6121,#698,.T.);
#7148=EDGE_CURVE('',#6113,#6121,#730,.T.);
#7151=EDGE_CURVE('',#6120,#6115,#742,.T.);
#7155=ADVANCED_FACE('',(#7154),#7145,.F.);
#7161=EDGE_CURVE('',#6124,#6125,#706,.T.);
#7163=EDGE_CURVE('',#6121,#6125,#722,.T.);
#7166=EDGE_CURVE('',#6124,#6120,#738,.T.);
#7170=ADVANCED_FACE('',(#7169),#7160,.T.);
#7176=EDGE_CURVE('',#6125,#6112,#714,.T.);
#7179=EDGE_CURVE('',#6117,#6124,#750,.T.);
#7184=ADVANCED_FACE('',(#7183),#7175,.T.);
#7193=EDGE_CURVE('',#6125,#6109,#726,.T.);
#7197=ADVANCED_FACE('',(#7196),#7189,.F.);
#7206=EDGE_CURVE('',#6121,#6107,#734,.T.);
#7210=ADVANCED_FACE('',(#7209),#7202,.T.);
#7222=ADVANCED_FACE('',(#7221),#7215,.F.);
#7234=ADVANCED_FACE('',(#7233),#7227,.T.);
#7240=EDGE_CURVE('',#5938,#5939,#766,.T.);
#7242=EDGE_CURVE('',#5938,#4760,#754,.T.);
#7246=EDGE_CURVE('',#4778,#5939,#762,.T.);
#7250=ADVANCED_FACE('',(#7249),#7239,.F.);
#7256=EDGE_CURVE('',#5942,#5943,#782,.T.);
#7258=EDGE_CURVE('',#5938,#5942,#790,.T.);
#7261=EDGE_CURVE('',#5939,#5943,#770,.T.);
#7265=ADVANCED_FACE('',(#7264),#7255,.T.);
#7273=EDGE_CURVE('',#4762,#5942,#778,.T.);
#7276=EDGE_CURVE('',#5943,#4782,#786,.T.);
#7280=ADVANCED_FACE('',(#7279),#7270,.F.);
#7292=ADVANCED_FACE('',(#7291),#7285,.T.);
#7304=ADVANCED_FACE('',(#7303),#7297,.F.);
#7311=EDGE_CURVE('',#4766,#4780,#805,.T.);
#7317=ADVANCED_FACE('',(#7316),#7309,.F.);
#7330=ADVANCED_FACE('',(#7329),#7322,.T.);
#7336=EDGE_CURVE('',#5989,#4784,#834,.T.);
#7338=EDGE_CURVE('',#5951,#5989,#4560,.T.);
#7341=EDGE_CURVE('',#4784,#4776,#4608,.T.);
#7345=ADVANCED_FACE('',(#7344),#7335,.T.);
#7351=EDGE_CURVE('',#5991,#4786,#842,.T.);
#7353=EDGE_CURVE('',#5991,#5989,#830,.T.);
#7356=EDGE_CURVE('',#4786,#4784,#4604,.T.);
#7360=ADVANCED_FACE('',(#7359),#7350,.T.);
#7366=EDGE_CURVE('',#5993,#4788,#846,.T.);
#7368=EDGE_CURVE('',#5993,#5991,#838,.T.);
#7371=EDGE_CURVE('',#4788,#4786,#4600,.T.);
#7375=ADVANCED_FACE('',(#7374),#7365,.T.);
#7381=EDGE_CURVE('',#5995,#4790,#854,.T.);
#7383=EDGE_CURVE('',#5993,#5995,#4565,.T.);
#7386=EDGE_CURVE('',#4790,#4788,#4596,.T.);
#7390=ADVANCED_FACE('',(#7389),#7380,.T.);
#7396=EDGE_CURVE('',#5997,#4792,#858,.T.);
#7398=EDGE_CURVE('',#5997,#5995,#850,.T.);
#7401=EDGE_CURVE('',#4792,#4790,#4591,.T.);
#7405=ADVANCED_FACE('',(#7404),#7395,.T.);
#7411=EDGE_CURVE('',#5999,#4794,#866,.T.);
#7413=EDGE_CURVE('',#5997,#5999,#4569,.T.);
#7416=EDGE_CURVE('',#4792,#4794,#862,.T.);
#7420=ADVANCED_FACE('',(#7419),#7410,.T.);
#7426=EDGE_CURVE('',#6001,#4796,#902,.T.);
#7428=EDGE_CURVE('',#5999,#6001,#4574,.T.);
#7431=EDGE_CURVE('',#4796,#4794,#4587,.T.);
#7435=ADVANCED_FACE('',(#7434),#7425,.T.);
#7441=EDGE_CURVE('',#6003,#4798,#2000,.T.);
#7443=EDGE_CURVE('',#6001,#6003,#4578,.T.);
#7446=EDGE_CURVE('',#4796,#4798,#906,.T.);
#7450=EDGE_CURVE('',#4801,#4802,#886,.T.);
#7452=EDGE_CURVE('',#4802,#4804,#890,.T.);
#7454=EDGE_CURVE('',#4804,#4806,#894,.T.);
#7456=EDGE_CURVE('',#4806,#4801,#898,.T.);
#7460=EDGE_CURVE('',#6006,#6007,#870,.T.);
#7462=EDGE_CURVE('',#6007,#6009,#874,.T.);
#7464=EDGE_CURVE('',#6009,#6011,#878,.T.);
#7466=EDGE_CURVE('',#6011,#6006,#882,.T.);
#7470=ADVANCED_FACE('',(#7449,#7459,#7469),#7440,.T.);
#7476=EDGE_CURVE('',#6014,#6015,#914,.T.);
#7478=EDGE_CURVE('',#6014,#6007,#910,.T.);
#7481=EDGE_CURVE('',#6015,#6006,#950,.T.);
#7485=ADVANCED_FACE('',(#7484),#7475,.T.);
#7491=EDGE_CURVE('',#6014,#6017,#926,.T.);
#7494=EDGE_CURVE('',#6019,#6015,#946,.T.);
#7496=EDGE_CURVE('',#6017,#6019,#962,.T.);
#7500=ADVANCED_FACE('',(#7499),#7490,.T.);
#7506=EDGE_CURVE('',#6022,#6023,#918,.T.);
#7508=EDGE_CURVE('',#6023,#6014,#922,.T.);
#7511=EDGE_CURVE('',#6017,#6022,#930,.T.);
#7515=ADVANCED_FACE('',(#7514),#7505,.F.);
#7521=EDGE_CURVE('',#6026,#6027,#942,.T.);
#7523=EDGE_CURVE('',#6026,#6023,#934,.T.);
#7526=EDGE_CURVE('',#6027,#6022,#970,.T.);
#7530=ADVANCED_FACE('',(#7529),#7520,.F.);
#7536=EDGE_CURVE('',#6015,#6026,#938,.T.);
#7539=EDGE_CURVE('',#6019,#6027,#966,.T.);
#7544=ADVANCED_FACE('',(#7543),#7535,.T.);
#7553=EDGE_CURVE('',#6026,#6011,#954,.T.);
#7557=ADVANCED_FACE('',(#7556),#7549,.F.);
#7566=EDGE_CURVE('',#6023,#6009,#958,.T.);
#7570=ADVANCED_FACE('',(#7569),#7562,.F.);
#7582=ADVANCED_FACE('',(#7581),#7575,.F.);
#7594=ADVANCED_FACE('',(#7593),#7587,.F.);
#7600=EDGE_CURVE('',#4809,#4810,#978,.T.);
#7602=EDGE_CURVE('',#4809,#4802,#974,.T.);
#7605=EDGE_CURVE('',#4810,#4801,#1014,.T.);
#7609=ADVANCED_FACE('',(#7608),#7599,.T.);
#7615=EDGE_CURVE('',#4809,#4812,#990,.T.);
#7618=EDGE_CURVE('',#4814,#4810,#1010,.T.);
#7620=EDGE_CURVE('',#4812,#4814,#1026,.T.);
#7624=ADVANCED_FACE('',(#7623),#7614,.T.);
#7630=EDGE_CURVE('',#4817,#4818,#982,.T.);
#7632=EDGE_CURVE('',#4818,#4809,#986,.T.);
#7635=EDGE_CURVE('',#4812,#4817,#994,.T.);
#7639=ADVANCED_FACE('',(#7638),#7629,.F.);
#7645=EDGE_CURVE('',#4821,#4822,#1006,.T.);
#7647=EDGE_CURVE('',#4821,#4818,#998,.T.);
#7650=EDGE_CURVE('',#4822,#4817,#1034,.T.);
#7654=ADVANCED_FACE('',(#7653),#7644,.F.);
#7660=EDGE_CURVE('',#4810,#4821,#1002,.T.);
#7663=EDGE_CURVE('',#4814,#4822,#1030,.T.);
#7668=ADVANCED_FACE('',(#7667),#7659,.T.);
#7677=EDGE_CURVE('',#4821,#4806,#1018,.T.);
#7681=ADVANCED_FACE('',(#7680),#7673,.F.);
#7690=EDGE_CURVE('',#4818,#4804,#1022,.T.);
#7694=ADVANCED_FACE('',(#7693),#7686,.F.);
#7706=ADVANCED_FACE('',(#7705),#7699,.F.);
#7718=ADVANCED_FACE('',(#7717),#7711,.F.);
#7725=EDGE_CURVE('',#6003,#5950,#4582,.T.);
#7728=EDGE_CURVE('',#4798,#4775,#2004,.T.);
#7732=EDGE_CURVE('',#4883,#4884,#1177,.T.);
#7734=EDGE_CURVE('',#4884,#4886,#1181,.T.);
#7736=EDGE_CURVE('',#4886,#4888,#1185,.T.);
#7738=EDGE_CURVE('',#4888,#4890,#1189,.T.);
#7740=EDGE_CURVE('',#4890,#4892,#1193,.T.);
#7742=EDGE_CURVE('',#4892,#4894,#1197,.T.);
#7744=EDGE_CURVE('',#4894,#4896,#1201,.T.);
#7746=EDGE_CURVE('',#4896,#4898,#1205,.T.);
#7748=EDGE_CURVE('',#4898,#4900,#1209,.T.);
#7750=EDGE_CURVE('',#4900,#4883,#1213,.T.);
#7754=EDGE_CURVE('',#4903,#4904,#1217,.T.);
#7756=EDGE_CURVE('',#4904,#4906,#1221,.T.);
#7758=EDGE_CURVE('',#4906,#4908,#1225,.T.);
#7760=EDGE_CURVE('',#4908,#4910,#1229,.T.);
#7762=EDGE_CURVE('',#4910,#4912,#1233,.T.);
#7764=EDGE_CURVE('',#4912,#4914,#1237,.T.);
#7766=EDGE_CURVE('',#4914,#4916,#1241,.T.);
#7768=EDGE_CURVE('',#4916,#4918,#1245,.T.);
#7770=EDGE_CURVE('',#4918,#4920,#1249,.T.);
#7772=EDGE_CURVE('',#4920,#4922,#1253,.T.);
#7774=EDGE_CURVE('',#4922,#4924,#1257,.T.);
#7776=EDGE_CURVE('',#4924,#4903,#1261,.T.);
#7780=EDGE_CURVE('',#4927,#4928,#1265,.T.);
#7782=EDGE_CURVE('',#4928,#4930,#1269,.T.);
#7784=EDGE_CURVE('',#4930,#4932,#1273,.T.);
#7786=EDGE_CURVE('',#4932,#4934,#1277,.T.);
#7788=EDGE_CURVE('',#4934,#4936,#1281,.T.);
#7790=EDGE_CURVE('',#4936,#4938,#1285,.T.);
#7792=EDGE_CURVE('',#4938,#4940,#1289,.T.);
#7794=EDGE_CURVE('',#4940,#4942,#1293,.T.);
#7796=EDGE_CURVE('',#4942,#4944,#1297,.T.);
#7798=EDGE_CURVE('',#4944,#4946,#1301,.T.);
#7800=EDGE_CURVE('',#4946,#4948,#1305,.T.);
#7802=EDGE_CURVE('',#4948,#4950,#1309,.T.);
#7804=EDGE_CURVE('',#4950,#4951,#1314,.T.);
#7806=EDGE_CURVE('',#4951,#4953,#1318,.T.);
#7808=EDGE_CURVE('',#4953,#4955,#1322,.T.);
#7810=EDGE_CURVE('',#4955,#4957,#1326,.T.);
#7812=EDGE_CURVE('',#4957,#4959,#1330,.T.);
#7814=EDGE_CURVE('',#4959,#4961,#1334,.T.);
#7816=EDGE_CURVE('',#4961,#4963,#1338,.T.);
#7818=EDGE_CURVE('',#4963,#4965,#1342,.T.);
#7820=EDGE_CURVE('',#4965,#4967,#1346,.T.);
#7822=EDGE_CURVE('',#4967,#4969,#1350,.T.);
#7824=EDGE_CURVE('',#4969,#4971,#1354,.T.);
#7826=EDGE_CURVE('',#4971,#4973,#1358,.T.);
#7828=EDGE_CURVE('',#4973,#4975,#1362,.T.);
#7830=EDGE_CURVE('',#4975,#4976,#1367,.T.);
#7832=EDGE_CURVE('',#4976,#4978,#1371,.T.);
#7834=EDGE_CURVE('',#4978,#4980,#1375,.T.);
#7836=EDGE_CURVE('',#4980,#4982,#1379,.T.);
#7838=EDGE_CURVE('',#4982,#4984,#1383,.T.);
#7840=EDGE_CURVE('',#4984,#4986,#1387,.T.);
#7842=EDGE_CURVE('',#4986,#4987,#1392,.T.);
#7844=EDGE_CURVE('',#4987,#4989,#1396,.T.);
#7846=EDGE_CURVE('',#4989,#4991,#1400,.T.);
#7848=EDGE_CURVE('',#4991,#4993,#1404,.T.);
#7850=EDGE_CURVE('',#4993,#4995,#1408,.T.);
#7852=EDGE_CURVE('',#4995,#4997,#1412,.T.);
#7854=EDGE_CURVE('',#4997,#4998,#1417,.T.);
#7856=EDGE_CURVE('',#4998,#5000,#1421,.T.);
#7858=EDGE_CURVE('',#5000,#5002,#1425,.T.);
#7860=EDGE_CURVE('',#5002,#5004,#1429,.T.);
#7862=EDGE_CURVE('',#5004,#5006,#1433,.T.);
#7864=EDGE_CURVE('',#5006,#5008,#1437,.T.);
#7866=EDGE_CURVE('',#5008,#5010,#1441,.T.);
#7868=EDGE_CURVE('',#5010,#5012,#1445,.T.);
#7870=EDGE_CURVE('',#5012,#5014,#1449,.T.);
#7872=EDGE_CURVE('',#5014,#5016,#1453,.T.);
#7874=EDGE_CURVE('',#5016,#5018,#1457,.T.);
#7876=EDGE_CURVE('',#5018,#5020,#1461,.T.);
#7878=EDGE_CURVE('',#5020,#5022,#1465,.T.);
#7880=EDGE_CURVE('',#5022,#5024,#1469,.T.);
#7882=EDGE_CURVE('',#5024,#5026,#1473,.T.);
#7884=EDGE_CURVE('',#5026,#5028,#1477,.T.);
#7886=EDGE_CURVE('',#5028,#5030,#1481,.T.);
#7888=EDGE_CURVE('',#5030,#5031,#1486,.T.);
#7890=EDGE_CURVE('',#5031,#5033,#1490,.T.);
#7892=EDGE_CURVE('',#5033,#5035,#1494,.T.);
#7894=EDGE_CURVE('',#5035,#5037,#1498,.T.);
#7896=EDGE_CURVE('',#5037,#5039,#1502,.T.);
#7898=EDGE_CURVE('',#5039,#5041,#1506,.T.);
#7900=EDGE_CURVE('',#5041,#5043,#1510,.T.);
#7902=EDGE_CURVE('',#5043,#5045,#1514,.T.);
#7904=EDGE_CURVE('',#5045,#5047,#1518,.T.);
#7906=EDGE_CURVE('',#5047,#5049,#1522,.T.);
#7908=EDGE_CURVE('',#5049,#5050,#1527,.T.);
#7910=EDGE_CURVE('',#5050,#5052,#1531,.T.);
#7912=EDGE_CURVE('',#5052,#5054,#1535,.T.);
#7914=EDGE_CURVE('',#5054,#5056,#1539,.T.);
#7916=EDGE_CURVE('',#5056,#5058,#1543,.T.);
#7918=EDGE_CURVE('',#5058,#5060,#1547,.T.);
#7920=EDGE_CURVE('',#5060,#5061,#1552,.T.);
#7922=EDGE_CURVE('',#5061,#5062,#1557,.T.);
#7924=EDGE_CURVE('',#5062,#5063,#1562,.T.);
#7926=EDGE_CURVE('',#5063,#5065,#1566,.T.);
#7928=EDGE_CURVE('',#5065,#5067,#1570,.T.);
#7930=EDGE_CURVE('',#5067,#5069,#1574,.T.);
#7932=EDGE_CURVE('',#5069,#5071,#1578,.T.);
#7934=EDGE_CURVE('',#5071,#4927,#1582,.T.);
#7938=EDGE_CURVE('',#5074,#5075,#1586,.T.);
#7940=EDGE_CURVE('',#5075,#5077,#1590,.T.);
#7942=EDGE_CURVE('',#5077,#5079,#1594,.T.);
#7944=EDGE_CURVE('',#5079,#5081,#1598,.T.);
#7946=EDGE_CURVE('',#5081,#5083,#1602,.T.);
#7948=EDGE_CURVE('',#5083,#5085,#1606,.T.);
#7950=EDGE_CURVE('',#5085,#5087,#1610,.T.);
#7952=EDGE_CURVE('',#5087,#5089,#1614,.T.);
#7954=EDGE_CURVE('',#5089,#5091,#1618,.T.);
#7956=EDGE_CURVE('',#5091,#5093,#1622,.T.);
#7958=EDGE_CURVE('',#5093,#5095,#1626,.T.);
#7960=EDGE_CURVE('',#5095,#5096,#1631,.T.);
#7962=EDGE_CURVE('',#5096,#5098,#1635,.T.);
#7964=EDGE_CURVE('',#5098,#5100,#1639,.T.);
#7966=EDGE_CURVE('',#5100,#5102,#1643,.T.);
#7968=EDGE_CURVE('',#5102,#5104,#1647,.T.);
#7970=EDGE_CURVE('',#5104,#5106,#1651,.T.);
#7972=EDGE_CURVE('',#5106,#5108,#1655,.T.);
#7974=EDGE_CURVE('',#5108,#5110,#1659,.T.);
#7976=EDGE_CURVE('',#5110,#5112,#1663,.T.);
#7978=EDGE_CURVE('',#5112,#5114,#1667,.T.);
#7980=EDGE_CURVE('',#5114,#5116,#1671,.T.);
#7982=EDGE_CURVE('',#5116,#5118,#1675,.T.);
#7984=EDGE_CURVE('',#5118,#5120,#1679,.T.);
#7986=EDGE_CURVE('',#5120,#5122,#1683,.T.);
#7988=EDGE_CURVE('',#5122,#5124,#1687,.T.);
#7990=EDGE_CURVE('',#5124,#5126,#1691,.T.);
#7992=EDGE_CURVE('',#5126,#5128,#1695,.T.);
#7994=EDGE_CURVE('',#5128,#5130,#1699,.T.);
#7996=EDGE_CURVE('',#5130,#5131,#1704,.T.);
#7998=EDGE_CURVE('',#5131,#5133,#1708,.T.);
#8000=EDGE_CURVE('',#5133,#5135,#1712,.T.);
#8002=EDGE_CURVE('',#5135,#5137,#1716,.T.);
#8004=EDGE_CURVE('',#5137,#5139,#1720,.T.);
#8006=EDGE_CURVE('',#5139,#5141,#1724,.T.);
#8008=EDGE_CURVE('',#5141,#5074,#1728,.T.);
#8012=EDGE_CURVE('',#5144,#5145,#1732,.T.);
#8014=EDGE_CURVE('',#5145,#5147,#1736,.T.);
#8016=EDGE_CURVE('',#5147,#5149,#1740,.T.);
#8018=EDGE_CURVE('',#5149,#5151,#1744,.T.);
#8020=EDGE_CURVE('',#5151,#5153,#1748,.T.);
#8022=EDGE_CURVE('',#5153,#5155,#1752,.T.);
#8024=EDGE_CURVE('',#5155,#5157,#1756,.T.);
#8026=EDGE_CURVE('',#5157,#5159,#1760,.T.);
#8028=EDGE_CURVE('',#5159,#5161,#1764,.T.);
#8030=EDGE_CURVE('',#5161,#5163,#1768,.T.);
#8032=EDGE_CURVE('',#5163,#5165,#1772,.T.);
#8034=EDGE_CURVE('',#5165,#5167,#1776,.T.);
#8036=EDGE_CURVE('',#5167,#5169,#1780,.T.);
#8038=EDGE_CURVE('',#5169,#5171,#1784,.T.);
#8040=EDGE_CURVE('',#5171,#5173,#1788,.T.);
#8042=EDGE_CURVE('',#5173,#5175,#1792,.T.);
#8044=EDGE_CURVE('',#5175,#5177,#1796,.T.);
#8046=EDGE_CURVE('',#5177,#5179,#1800,.T.);
#8048=EDGE_CURVE('',#5179,#5181,#1804,.T.);
#8050=EDGE_CURVE('',#5181,#5183,#1808,.T.);
#8052=EDGE_CURVE('',#5183,#5185,#1812,.T.);
#8054=EDGE_CURVE('',#5185,#5187,#1816,.T.);
#8056=EDGE_CURVE('',#5187,#5189,#1820,.T.);
#8058=EDGE_CURVE('',#5189,#5191,#1824,.T.);
#8060=EDGE_CURVE('',#5191,#5193,#1828,.T.);
#8062=EDGE_CURVE('',#5193,#5195,#1832,.T.);
#8064=EDGE_CURVE('',#5195,#5197,#1836,.T.);
#8066=EDGE_CURVE('',#5197,#5199,#1840,.T.);
#8068=EDGE_CURVE('',#5199,#5200,#1845,.T.);
#8070=EDGE_CURVE('',#5200,#5202,#1849,.T.);
#8072=EDGE_CURVE('',#5202,#5204,#1853,.T.);
#8074=EDGE_CURVE('',#5204,#5206,#1857,.T.);
#8076=EDGE_CURVE('',#5206,#5208,#1861,.T.);
#8078=EDGE_CURVE('',#5208,#5210,#1865,.T.);
#8080=EDGE_CURVE('',#5210,#5212,#1869,.T.);
#8082=EDGE_CURVE('',#5212,#5214,#1873,.T.);
#8084=EDGE_CURVE('',#5214,#5216,#1877,.T.);
#8086=EDGE_CURVE('',#5216,#5218,#1881,.T.);
#8088=EDGE_CURVE('',#5218,#5220,#1885,.T.);
#8090=EDGE_CURVE('',#5220,#5222,#1889,.T.);
#8092=EDGE_CURVE('',#5222,#5224,#1893,.T.);
#8094=EDGE_CURVE('',#5224,#5226,#1897,.T.);
#8096=EDGE_CURVE('',#5226,#5228,#1901,.T.);
#8098=EDGE_CURVE('',#5228,#5229,#1906,.T.);
#8100=EDGE_CURVE('',#5229,#5230,#1911,.T.);
#8102=EDGE_CURVE('',#5230,#5232,#1915,.T.);
#8104=EDGE_CURVE('',#5232,#5234,#1919,.T.);
#8106=EDGE_CURVE('',#5234,#5236,#1923,.T.);
#8108=EDGE_CURVE('',#5236,#5238,#1927,.T.);
#8110=EDGE_CURVE('',#5238,#5240,#1931,.T.);
#8112=EDGE_CURVE('',#5240,#5241,#1936,.T.);
#8114=EDGE_CURVE('',#5241,#5243,#1940,.T.);
#8116=EDGE_CURVE('',#5243,#5245,#1944,.T.);
#8118=EDGE_CURVE('',#5245,#5247,#1948,.T.);
#8120=EDGE_CURVE('',#5247,#5249,#1952,.T.);
#8122=EDGE_CURVE('',#5249,#5251,#1956,.T.);
#8124=EDGE_CURVE('',#5251,#5253,#1960,.T.);
#8126=EDGE_CURVE('',#5253,#5255,#1964,.T.);
#8128=EDGE_CURVE('',#5255,#5257,#1968,.T.);
#8130=EDGE_CURVE('',#5257,#5144,#1972,.T.);
#8134=EDGE_CURVE('',#5260,#5261,#1976,.T.);
#8136=EDGE_CURVE('',#5261,#5263,#1980,.T.);
#8138=EDGE_CURVE('',#5263,#5265,#1984,.T.);
#8140=EDGE_CURVE('',#5265,#5267,#1988,.T.);
#8142=EDGE_CURVE('',#5267,#5260,#1992,.T.);
#8146=EDGE_CURVE('',#4823,#4824,#1039,.T.);
#8148=EDGE_CURVE('',#4824,#4826,#1043,.T.);
#8150=EDGE_CURVE('',#4826,#4828,#1047,.T.);
#8152=EDGE_CURVE('',#4828,#4830,#1051,.T.);
#8154=EDGE_CURVE('',#4830,#4831,#1056,.T.);
#8156=EDGE_CURVE('',#4831,#4832,#1061,.T.);
#8158=EDGE_CURVE('',#4832,#4834,#1065,.T.);
#8160=EDGE_CURVE('',#4834,#4836,#1069,.T.);
#8162=EDGE_CURVE('',#4836,#4838,#1073,.T.);
#8164=EDGE_CURVE('',#4838,#4840,#1077,.T.);
#8166=EDGE_CURVE('',#4840,#4842,#1081,.T.);
#8168=EDGE_CURVE('',#4842,#4844,#1085,.T.);
#8170=EDGE_CURVE('',#4844,#4846,#1089,.T.);
#8172=EDGE_CURVE('',#4846,#4848,#1093,.T.);
#8174=EDGE_CURVE('',#4848,#4850,#1097,.T.);
#8176=EDGE_CURVE('',#4850,#4852,#1101,.T.);
#8178=EDGE_CURVE('',#4852,#4853,#1106,.T.);
#8180=EDGE_CURVE('',#4853,#4855,#1110,.T.);
#8182=EDGE_CURVE('',#4855,#4856,#1115,.T.);
#8184=EDGE_CURVE('',#4856,#4858,#1119,.T.);
#8186=EDGE_CURVE('',#4858,#4860,#1123,.T.);
#8188=EDGE_CURVE('',#4860,#4862,#1127,.T.);
#8190=EDGE_CURVE('',#4862,#4864,#1131,.T.);
#8192=EDGE_CURVE('',#4864,#4866,#1135,.T.);
#8194=EDGE_CURVE('',#4866,#4868,#1139,.T.);
#8196=EDGE_CURVE('',#4868,#4870,#1143,.T.);
#8198=EDGE_CURVE('',#4870,#4872,#1147,.T.);
#8200=EDGE_CURVE('',#4872,#4874,#1151,.T.);
#8202=EDGE_CURVE('',#4874,#4876,#1155,.T.);
#8204=EDGE_CURVE('',#4876,#4878,#1159,.T.);
#8206=EDGE_CURVE('',#4878,#4879,#1164,.T.);
#8208=EDGE_CURVE('',#4879,#4880,#1169,.T.);
#8210=EDGE_CURVE('',#4880,#4823,#1173,.T.);
#8214=ADVANCED_FACE('',(#7731,#7753,#7779,#7937,#8011,#8133,#8145,#8213),#7723,
.T.);
#8221=EDGE_CURVE('',#4823,#5269,#2008,.T.);
#8223=EDGE_CURVE('',#5269,#5271,#2012,.T.);
#8225=EDGE_CURVE('',#4824,#5271,#2175,.T.);
#8229=ADVANCED_FACE('',(#8228),#8219,.F.);
#8236=EDGE_CURVE('',#4880,#5273,#2016,.T.);
#8238=EDGE_CURVE('',#5273,#5269,#2020,.T.);
#8243=ADVANCED_FACE('',(#8242),#8234,.F.);
#8250=EDGE_CURVE('',#4879,#5275,#2024,.T.);
#8252=EDGE_CURVE('',#5275,#5273,#2028,.T.);
#8257=ADVANCED_FACE('',(#8256),#8248,.F.);
#8264=EDGE_CURVE('',#4878,#5277,#2032,.T.);
#8266=EDGE_CURVE('',#5275,#5277,#2183,.T.);
#8271=ADVANCED_FACE('',(#8270),#8262,.F.);
#8278=EDGE_CURVE('',#4876,#5279,#2036,.T.);
#8280=EDGE_CURVE('',#5277,#5279,#2187,.T.);
#8285=ADVANCED_FACE('',(#8284),#8276,.F.);
#8292=EDGE_CURVE('',#4874,#5281,#2040,.T.);
#8294=EDGE_CURVE('',#5279,#5281,#2191,.T.);
#8299=ADVANCED_FACE('',(#8298),#8290,.F.);
#8306=EDGE_CURVE('',#4872,#5283,#2044,.T.);
#8308=EDGE_CURVE('',#5281,#5283,#2195,.T.);
#8313=ADVANCED_FACE('',(#8312),#8304,.F.);
#8320=EDGE_CURVE('',#4870,#5285,#2048,.T.);
#8322=EDGE_CURVE('',#5283,#5285,#2199,.T.);
#8327=ADVANCED_FACE('',(#8326),#8318,.F.);
#8334=EDGE_CURVE('',#4868,#5287,#2052,.T.);
#8336=EDGE_CURVE('',#5285,#5287,#2203,.T.);
#8341=ADVANCED_FACE('',(#8340),#8332,.F.);
#8348=EDGE_CURVE('',#4866,#5289,#2056,.T.);
#8350=EDGE_CURVE('',#5287,#5289,#2207,.T.);
#8355=ADVANCED_FACE('',(#8354),#8346,.F.);
#8362=EDGE_CURVE('',#4864,#5291,#2060,.T.);
#8364=EDGE_CURVE('',#5289,#5291,#2211,.T.);
#8369=ADVANCED_FACE('',(#8368),#8360,.F.);
#8376=EDGE_CURVE('',#4862,#5293,#2064,.T.);
#8378=EDGE_CURVE('',#5291,#5293,#2215,.T.);
#8383=ADVANCED_FACE('',(#8382),#8374,.F.);
#8390=EDGE_CURVE('',#4860,#5295,#2068,.T.);
#8392=EDGE_CURVE('',#5293,#5295,#2219,.T.);
#8397=ADVANCED_FACE('',(#8396),#8388,.F.);
#8404=EDGE_CURVE('',#4858,#5297,#2072,.T.);
#8406=EDGE_CURVE('',#5295,#5297,#2223,.T.);
#8411=ADVANCED_FACE('',(#8410),#8402,.F.);
#8418=EDGE_CURVE('',#4856,#5298,#2077,.T.);
#8420=EDGE_CURVE('',#5297,#5298,#2227,.T.);
#8425=ADVANCED_FACE('',(#8424),#8416,.F.);
#8432=EDGE_CURVE('',#4855,#5299,#2082,.T.);
#8434=EDGE_CURVE('',#5299,#5298,#2086,.T.);
#8439=ADVANCED_FACE('',(#8438),#8430,.F.);
#8446=EDGE_CURVE('',#4853,#5301,#2090,.T.);
#8448=EDGE_CURVE('',#5301,#5299,#2094,.T.);
#8453=ADVANCED_FACE('',(#8452),#8444,.F.);
#8460=EDGE_CURVE('',#4852,#5302,#2099,.T.);
#8462=EDGE_CURVE('',#5302,#5301,#2103,.T.);
#8467=ADVANCED_FACE('',(#8466),#8458,.F.);
#8474=EDGE_CURVE('',#4850,#5304,#2107,.T.);
#8476=EDGE_CURVE('',#5302,#5304,#2231,.T.);
#8481=ADVANCED_FACE('',(#8480),#8472,.F.);
#8488=EDGE_CURVE('',#4848,#5306,#2111,.T.);
#8490=EDGE_CURVE('',#5304,#5306,#2235,.T.);
#8495=ADVANCED_FACE('',(#8494),#8486,.F.);
#8502=EDGE_CURVE('',#4846,#5308,#2115,.T.);
#8504=EDGE_CURVE('',#5306,#5308,#2239,.T.);
#8509=ADVANCED_FACE('',(#8508),#8500,.F.);
#8516=EDGE_CURVE('',#4844,#5310,#2119,.T.);
#8518=EDGE_CURVE('',#5308,#5310,#2243,.T.);
#8523=ADVANCED_FACE('',(#8522),#8514,.F.);
#8530=EDGE_CURVE('',#4842,#5312,#2123,.T.);
#8532=EDGE_CURVE('',#5310,#5312,#2247,.T.);
#8537=ADVANCED_FACE('',(#8536),#8528,.F.);
#8544=EDGE_CURVE('',#4840,#5314,#2127,.T.);
#8546=EDGE_CURVE('',#5312,#5314,#2251,.T.);
#8551=ADVANCED_FACE('',(#8550),#8542,.F.);
#8558=EDGE_CURVE('',#4838,#5316,#2131,.T.);
#8560=EDGE_CURVE('',#5314,#5316,#2255,.T.);
#8565=ADVANCED_FACE('',(#8564),#8556,.F.);
#8572=EDGE_CURVE('',#4836,#5318,#2135,.T.);
#8574=EDGE_CURVE('',#5316,#5318,#2259,.T.);
#8579=ADVANCED_FACE('',(#8578),#8570,.F.);
#8586=EDGE_CURVE('',#4834,#5320,#2139,.T.);
#8588=EDGE_CURVE('',#5318,#5320,#2263,.T.);
#8593=ADVANCED_FACE('',(#8592),#8584,.F.);
#8600=EDGE_CURVE('',#4832,#5322,#2143,.T.);
#8602=EDGE_CURVE('',#5320,#5322,#2267,.T.);
#8607=ADVANCED_FACE('',(#8606),#8598,.F.);
#8614=EDGE_CURVE('',#4831,#5324,#2147,.T.);
#8616=EDGE_CURVE('',#5324,#5322,#2151,.T.);
#8621=ADVANCED_FACE('',(#8620),#8612,.F.);
#8628=EDGE_CURVE('',#4830,#5326,#2155,.T.);
#8630=EDGE_CURVE('',#5326,#5324,#2159,.T.);
#8635=ADVANCED_FACE('',(#8634),#8626,.F.);
#8642=EDGE_CURVE('',#4828,#5328,#2163,.T.);
#8644=EDGE_CURVE('',#5328,#5326,#2167,.T.);
#8649=ADVANCED_FACE('',(#8648),#8640,.F.);
#8656=EDGE_CURVE('',#4826,#5330,#2171,.T.);
#8658=EDGE_CURVE('',#5328,#5330,#2271,.T.);
#8663=ADVANCED_FACE('',(#8662),#8654,.F.);
#8671=EDGE_CURVE('',#5271,#5330,#2179,.T.);
#8676=ADVANCED_FACE('',(#8675),#8668,.F.);
#8717=EDGE_CURVE('',#5333,#5334,#2347,.T.);
#8719=EDGE_CURVE('',#5336,#5333,#2559,.T.);
#8721=EDGE_CURVE('',#5338,#5336,#2551,.T.);
#8723=EDGE_CURVE('',#5338,#5340,#2275,.T.);
#8725=EDGE_CURVE('',#5342,#5340,#2539,.T.);
#8727=EDGE_CURVE('',#5344,#5342,#2531,.T.);
#8729=EDGE_CURVE('',#5346,#5344,#2523,.T.);
#8731=EDGE_CURVE('',#5346,#5348,#2279,.T.);
#8733=EDGE_CURVE('',#5348,#5350,#2283,.T.);
#8735=EDGE_CURVE('',#5350,#5352,#2287,.T.);
#8737=EDGE_CURVE('',#5352,#5354,#2291,.T.);
#8739=EDGE_CURVE('',#5354,#5356,#2295,.T.);
#8741=EDGE_CURVE('',#5356,#5358,#2299,.T.);
#8743=EDGE_CURVE('',#5358,#5360,#2303,.T.);
#8745=EDGE_CURVE('',#5360,#5362,#2307,.T.);
#8747=EDGE_CURVE('',#5362,#5364,#2311,.T.);
#8749=EDGE_CURVE('',#5364,#5366,#2315,.T.);
#8751=EDGE_CURVE('',#5368,#5366,#2475,.T.);
#8753=EDGE_CURVE('',#5368,#5370,#2319,.T.);
#8755=EDGE_CURVE('',#5370,#5372,#2323,.T.);
#8757=EDGE_CURVE('',#5372,#5374,#2327,.T.);
#8759=EDGE_CURVE('',#5374,#5376,#2331,.T.);
#8761=EDGE_CURVE('',#5376,#5378,#2335,.T.);
#8763=EDGE_CURVE('',#5378,#5334,#2339,.T.);
#8767=ADVANCED_FACE('',(#8716,#8766),#8681,.T.);
#8773=EDGE_CURVE('',#5381,#5382,#2351,.T.);
#8775=EDGE_CURVE('',#5381,#5333,#2343,.T.);
#8778=EDGE_CURVE('',#5382,#5334,#2447,.T.);
#8782=ADVANCED_FACE('',(#8781),#8772,.F.);
#8789=EDGE_CURVE('',#5382,#5384,#2355,.T.);
#8791=EDGE_CURVE('',#5384,#5386,#2359,.T.);
#8793=EDGE_CURVE('',#5386,#5388,#2363,.T.);
#8795=EDGE_CURVE('',#5388,#5390,#2367,.T.);
#8797=EDGE_CURVE('',#5390,#5392,#2371,.T.);
#8799=EDGE_CURVE('',#5392,#5394,#2375,.T.);
#8801=EDGE_CURVE('',#5394,#5396,#2379,.T.);
#8803=EDGE_CURVE('',#5396,#5398,#2383,.T.);
#8805=EDGE_CURVE('',#5398,#5400,#2387,.T.);
#8807=EDGE_CURVE('',#5400,#5402,#2391,.T.);
#8809=EDGE_CURVE('',#5402,#5404,#2395,.T.);
#8811=EDGE_CURVE('',#5404,#5406,#2399,.T.);
#8813=EDGE_CURVE('',#5406,#5408,#2403,.T.);
#8815=EDGE_CURVE('',#5408,#5410,#2407,.T.);
#8817=EDGE_CURVE('',#5410,#5412,#2411,.T.);
#8819=EDGE_CURVE('',#5412,#5414,#2415,.T.);
#8821=EDGE_CURVE('',#5414,#5416,#2419,.T.);
#8823=EDGE_CURVE('',#5416,#5418,#2423,.T.);
#8825=EDGE_CURVE('',#5418,#5420,#2427,.T.);
#8827=EDGE_CURVE('',#5420,#5422,#2431,.T.);
#8829=EDGE_CURVE('',#5422,#5424,#2435,.T.);
#8831=EDGE_CURVE('',#5424,#5426,#2439,.T.);
#8833=EDGE_CURVE('',#5426,#5381,#2443,.T.);
#8837=ADVANCED_FACE('',(#8836),#8787,.T.);
#8846=EDGE_CURVE('',#5384,#5378,#2451,.T.);
#8850=ADVANCED_FACE('',(#8849),#8842,.F.);
#8859=EDGE_CURVE('',#5386,#5376,#2455,.T.);
#8863=ADVANCED_FACE('',(#8862),#8855,.F.);
#8872=EDGE_CURVE('',#5388,#5374,#2459,.T.);
#8876=ADVANCED_FACE('',(#8875),#8868,.F.);
#8885=EDGE_CURVE('',#5390,#5372,#2463,.T.);
#8889=ADVANCED_FACE('',(#8888),#8881,.F.);
#8898=EDGE_CURVE('',#5392,#5370,#2467,.T.);
#8902=ADVANCED_FACE('',(#8901),#8894,.F.);
#8911=EDGE_CURVE('',#5394,#5368,#2471,.T.);
#8915=ADVANCED_FACE('',(#8914),#8907,.F.);
#8924=EDGE_CURVE('',#5396,#5366,#2479,.T.);
#8928=ADVANCED_FACE('',(#8927),#8920,.F.);
#8937=EDGE_CURVE('',#5398,#5364,#2483,.T.);
#8941=ADVANCED_FACE('',(#8940),#8933,.F.);
#8950=EDGE_CURVE('',#5400,#5362,#2487,.T.);
#8954=ADVANCED_FACE('',(#8953),#8946,.F.);
#8963=EDGE_CURVE('',#5402,#5360,#2491,.T.);
#8967=ADVANCED_FACE('',(#8966),#8959,.F.);
#8976=EDGE_CURVE('',#5404,#5358,#2495,.T.);
#8980=ADVANCED_FACE('',(#8979),#8972,.F.);
#8989=EDGE_CURVE('',#5406,#5356,#2499,.T.);
#8993=ADVANCED_FACE('',(#8992),#8985,.F.);
#9002=EDGE_CURVE('',#5408,#5354,#2503,.T.);
#9006=ADVANCED_FACE('',(#9005),#8998,.F.);
#9015=EDGE_CURVE('',#5410,#5352,#2507,.T.);
#9019=ADVANCED_FACE('',(#9018),#9011,.F.);
#9028=EDGE_CURVE('',#5412,#5350,#2511,.T.);
#9032=ADVANCED_FACE('',(#9031),#9024,.F.);
#9041=EDGE_CURVE('',#5414,#5348,#2515,.T.);
#9045=ADVANCED_FACE('',(#9044),#9037,.F.);
#9054=EDGE_CURVE('',#5416,#5346,#2519,.T.);
#9058=ADVANCED_FACE('',(#9057),#9050,.F.);
#9067=EDGE_CURVE('',#5418,#5344,#2527,.T.);
#9071=ADVANCED_FACE('',(#9070),#9063,.F.);
#9080=EDGE_CURVE('',#5420,#5342,#2535,.T.);
#9084=ADVANCED_FACE('',(#9083),#9076,.F.);
#9093=EDGE_CURVE('',#5422,#5340,#2543,.T.);
#9097=ADVANCED_FACE('',(#9096),#9089,.F.);
#9106=EDGE_CURVE('',#5424,#5338,#2547,.T.);
#9110=ADVANCED_FACE('',(#9109),#9102,.F.);
#9119=EDGE_CURVE('',#5426,#5336,#2555,.T.);
#9123=ADVANCED_FACE('',(#9122),#9115,.F.);
#9135=ADVANCED_FACE('',(#9134),#9128,.F.);
#9142=EDGE_CURVE('',#4883,#5428,#2563,.T.);
#9144=EDGE_CURVE('',#5430,#5428,#2619,.T.);
#9146=EDGE_CURVE('',#4884,#5430,#2615,.T.);
#9150=ADVANCED_FACE('',(#9149),#9140,.F.);
#9157=EDGE_CURVE('',#4900,#5432,#2567,.T.);
#9159=EDGE_CURVE('',#5432,#5428,#2571,.T.);
#9164=ADVANCED_FACE('',(#9163),#9155,.F.);
#9171=EDGE_CURVE('',#4898,#5434,#2575,.T.);
#9173=EDGE_CURVE('',#5432,#5434,#2623,.T.);
#9178=ADVANCED_FACE('',(#9177),#9169,.F.);
#9185=EDGE_CURVE('',#4896,#5436,#2579,.T.);
#9187=EDGE_CURVE('',#5436,#5434,#2583,.T.);
#9192=ADVANCED_FACE('',(#9191),#9183,.F.);
#9199=EDGE_CURVE('',#4894,#5438,#2587,.T.);
#9201=EDGE_CURVE('',#5436,#5438,#2627,.T.);
#9206=ADVANCED_FACE('',(#9205),#9197,.F.);
#9213=EDGE_CURVE('',#4892,#5440,#2591,.T.);
#9215=EDGE_CURVE('',#5438,#5440,#2631,.T.);
#9220=ADVANCED_FACE('',(#9219),#9211,.F.);
#9227=EDGE_CURVE('',#4890,#5442,#2595,.T.);
#9229=EDGE_CURVE('',#5442,#5440,#2599,.T.);
#9234=ADVANCED_FACE('',(#9233),#9225,.F.);
#9241=EDGE_CURVE('',#4888,#5444,#2603,.T.);
#9243=EDGE_CURVE('',#5442,#5444,#2635,.T.);
#9248=ADVANCED_FACE('',(#9247),#9239,.F.);
#9255=EDGE_CURVE('',#4886,#5446,#2607,.T.);
#9257=EDGE_CURVE('',#5446,#5444,#2611,.T.);
#9262=ADVANCED_FACE('',(#9261),#9253,.F.);
#9270=EDGE_CURVE('',#5446,#5430,#2639,.T.);
#9275=ADVANCED_FACE('',(#9274),#9267,.F.);
#9293=ADVANCED_FACE('',(#9292),#9280,.T.);
#9300=EDGE_CURVE('',#4903,#5448,#2643,.T.);
#9302=EDGE_CURVE('',#5450,#5448,#2715,.T.);
#9304=EDGE_CURVE('',#4904,#5450,#2707,.T.);
#9308=ADVANCED_FACE('',(#9307),#9298,.F.);
#9315=EDGE_CURVE('',#4924,#5452,#2647,.T.);
#9317=EDGE_CURVE('',#5452,#5448,#2651,.T.);
#9322=ADVANCED_FACE('',(#9321),#9313,.F.);
#9329=EDGE_CURVE('',#4922,#5454,#2655,.T.);
#9331=EDGE_CURVE('',#5452,#5454,#2719,.T.);
#9336=ADVANCED_FACE('',(#9335),#9327,.F.);
#9343=EDGE_CURVE('',#4920,#5456,#2659,.T.);
#9345=EDGE_CURVE('',#5456,#5454,#2663,.T.);
#9350=ADVANCED_FACE('',(#9349),#9341,.F.);
#9357=EDGE_CURVE('',#4918,#5458,#2667,.T.);
#9359=EDGE_CURVE('',#5456,#5458,#2723,.T.);
#9364=ADVANCED_FACE('',(#9363),#9355,.F.);
#9371=EDGE_CURVE('',#4916,#5460,#2671,.T.);
#9373=EDGE_CURVE('',#5460,#5458,#2675,.T.);
#9378=ADVANCED_FACE('',(#9377),#9369,.F.);
#9385=EDGE_CURVE('',#4914,#5462,#2679,.T.);
#9387=EDGE_CURVE('',#5460,#5462,#2727,.T.);
#9392=ADVANCED_FACE('',(#9391),#9383,.F.);
#9399=EDGE_CURVE('',#4912,#5464,#2683,.T.);
#9401=EDGE_CURVE('',#5464,#5462,#2687,.T.);
#9406=ADVANCED_FACE('',(#9405),#9397,.F.);
#9413=EDGE_CURVE('',#4910,#5466,#2691,.T.);
#9415=EDGE_CURVE('',#5464,#5466,#2731,.T.);
#9420=ADVANCED_FACE('',(#9419),#9411,.F.);
#9427=EDGE_CURVE('',#4908,#5468,#2695,.T.);
#9429=EDGE_CURVE('',#5468,#5466,#2699,.T.);
#9434=ADVANCED_FACE('',(#9433),#9425,.F.);
#9441=EDGE_CURVE('',#4906,#5470,#2703,.T.);
#9443=EDGE_CURVE('',#5468,#5470,#2735,.T.);
#9448=ADVANCED_FACE('',(#9447),#9439,.F.);
#9456=EDGE_CURVE('',#5450,#5470,#2711,.T.);
#9461=ADVANCED_FACE('',(#9460),#9453,.F.);
#9481=ADVANCED_FACE('',(#9480),#9466,.T.);
#9488=EDGE_CURVE('',#4927,#5472,#2739,.T.);
#9490=EDGE_CURVE('',#5474,#5472,#2839,.T.);
#9492=EDGE_CURVE('',#4928,#5474,#3373,.T.);
#9496=ADVANCED_FACE('',(#9495),#9486,.F.);
#9503=EDGE_CURVE('',#5071,#5476,#2743,.T.);
#9505=EDGE_CURVE('',#5472,#5476,#2843,.T.);
#9510=ADVANCED_FACE('',(#9509),#9501,.F.);
#9517=EDGE_CURVE('',#5069,#5478,#2747,.T.);
#9519=EDGE_CURVE('',#5478,#5476,#2751,.T.);
#9524=ADVANCED_FACE('',(#9523),#9515,.F.);
#9531=EDGE_CURVE('',#5067,#5480,#2755,.T.);
#9533=EDGE_CURVE('',#5478,#5480,#2847,.T.);
#9538=ADVANCED_FACE('',(#9537),#9529,.F.);
#9545=EDGE_CURVE('',#5065,#5482,#2759,.T.);
#9547=EDGE_CURVE('',#5480,#5482,#2851,.T.);
#9552=ADVANCED_FACE('',(#9551),#9543,.F.);
#9559=EDGE_CURVE('',#5063,#5484,#2763,.T.);
#9561=EDGE_CURVE('',#5482,#5484,#2855,.T.);
#9566=ADVANCED_FACE('',(#9565),#9557,.F.);
#9573=EDGE_CURVE('',#5062,#5486,#2767,.T.);
#9575=EDGE_CURVE('',#5484,#5486,#2859,.T.);
#9580=ADVANCED_FACE('',(#9579),#9571,.F.);
#9587=EDGE_CURVE('',#5061,#5487,#2772,.T.);
#9589=EDGE_CURVE('',#5487,#5486,#2776,.T.);
#9594=ADVANCED_FACE('',(#9593),#9585,.F.);
#9601=EDGE_CURVE('',#5060,#5488,#2781,.T.);
#9603=EDGE_CURVE('',#5488,#5487,#2785,.T.);
#9608=ADVANCED_FACE('',(#9607),#9599,.F.);
#9615=EDGE_CURVE('',#5058,#5490,#2789,.T.);
#9617=EDGE_CURVE('',#5488,#5490,#2863,.T.);
#9622=ADVANCED_FACE('',(#9621),#9613,.F.);
#9629=EDGE_CURVE('',#5056,#5492,#2793,.T.);
#9631=EDGE_CURVE('',#5490,#5492,#2867,.T.);
#9636=ADVANCED_FACE('',(#9635),#9627,.F.);
#9643=EDGE_CURVE('',#5054,#5494,#2797,.T.);
#9645=EDGE_CURVE('',#5492,#5494,#2871,.T.);
#9650=ADVANCED_FACE('',(#9649),#9641,.F.);
#9657=EDGE_CURVE('',#5052,#5496,#2801,.T.);
#9659=EDGE_CURVE('',#5494,#5496,#2875,.T.);
#9664=ADVANCED_FACE('',(#9663),#9655,.F.);
#9671=EDGE_CURVE('',#5050,#5497,#2806,.T.);
#9673=EDGE_CURVE('',#5496,#5497,#2879,.T.);
#9678=ADVANCED_FACE('',(#9677),#9669,.F.);
#9685=EDGE_CURVE('',#5049,#5498,#2811,.T.);
#9687=EDGE_CURVE('',#5498,#5497,#2815,.T.);
#9692=ADVANCED_FACE('',(#9691),#9683,.F.);
#9699=EDGE_CURVE('',#5047,#5500,#2819,.T.);
#9701=EDGE_CURVE('',#5498,#5500,#2883,.T.);
#9706=ADVANCED_FACE('',(#9705),#9697,.F.);
#9713=EDGE_CURVE('',#5045,#5502,#2823,.T.);
#9715=EDGE_CURVE('',#5500,#5502,#2887,.T.);
#9720=ADVANCED_FACE('',(#9719),#9711,.F.);
#9727=EDGE_CURVE('',#5043,#5504,#2827,.T.);
#9729=EDGE_CURVE('',#5502,#5504,#2891,.T.);
#9734=ADVANCED_FACE('',(#9733),#9725,.F.);
#9741=EDGE_CURVE('',#5041,#5506,#2831,.T.);
#9743=EDGE_CURVE('',#5504,#5506,#2895,.T.);
#9748=ADVANCED_FACE('',(#9747),#9739,.F.);
#9754=EDGE_CURVE('',#5506,#5508,#2899,.T.);
#9758=EDGE_CURVE('',#5039,#5508,#2835,.T.);
#9762=ADVANCED_FACE('',(#9761),#9753,.F.);
#9788=EDGE_CURVE('',#5508,#5510,#2903,.T.);
#9790=EDGE_CURVE('',#5510,#5512,#2907,.T.);
#9792=EDGE_CURVE('',#5512,#5514,#2911,.T.);
#9794=EDGE_CURVE('',#5514,#5516,#2915,.T.);
#9796=EDGE_CURVE('',#5518,#5516,#3129,.T.);
#9798=EDGE_CURVE('',#5518,#5520,#2919,.T.);
#9800=EDGE_CURVE('',#5520,#5522,#2923,.T.);
#9802=EDGE_CURVE('',#5522,#5524,#2927,.T.);
#9804=EDGE_CURVE('',#5524,#5526,#2931,.T.);
#9806=EDGE_CURVE('',#5526,#5528,#2935,.T.);
#9808=EDGE_CURVE('',#5528,#5530,#2939,.T.);
#9810=EDGE_CURVE('',#5532,#5530,#3161,.T.);
#9812=EDGE_CURVE('',#5532,#5534,#2943,.T.);
#9814=EDGE_CURVE('',#5534,#5536,#2947,.T.);
#9816=EDGE_CURVE('',#5536,#5538,#2951,.T.);
#9818=EDGE_CURVE('',#5538,#5540,#2955,.T.);
#9820=EDGE_CURVE('',#5540,#5542,#2959,.T.);
#9822=EDGE_CURVE('',#5542,#5544,#2963,.T.);
#9824=EDGE_CURVE('',#5544,#5546,#2967,.T.);
#9826=EDGE_CURVE('',#5548,#5546,#3197,.T.);
#9828=EDGE_CURVE('',#5548,#5550,#2971,.T.);
#9830=EDGE_CURVE('',#5552,#5550,#3211,.T.);
#9832=EDGE_CURVE('',#5552,#5554,#2975,.T.);
#9834=EDGE_CURVE('',#5554,#5556,#2979,.T.);
#9836=EDGE_CURVE('',#5556,#5558,#2983,.T.);
#9838=EDGE_CURVE('',#5558,#5560,#2987,.T.);
#9840=EDGE_CURVE('',#5560,#5562,#2991,.T.);
#9842=EDGE_CURVE('',#5564,#5562,#3241,.T.);
#9844=EDGE_CURVE('',#5564,#5566,#2995,.T.);
#9846=EDGE_CURVE('',#5566,#5568,#2999,.T.);
#9848=EDGE_CURVE('',#5568,#5570,#3003,.T.);
#9850=EDGE_CURVE('',#5570,#5572,#3007,.T.);
#9852=EDGE_CURVE('',#5572,#5574,#3011,.T.);
#9854=EDGE_CURVE('',#5576,#5574,#3271,.T.);
#9856=EDGE_CURVE('',#5576,#5578,#3015,.T.);
#9858=EDGE_CURVE('',#5578,#5580,#3019,.T.);
#9860=EDGE_CURVE('',#5580,#5582,#3023,.T.);
#9862=EDGE_CURVE('',#5582,#5584,#3027,.T.);
#9864=EDGE_CURVE('',#5584,#5586,#3031,.T.);
#9866=EDGE_CURVE('',#5586,#5588,#3035,.T.);
#9868=EDGE_CURVE('',#5588,#5590,#3039,.T.);
#9870=EDGE_CURVE('',#5590,#5592,#3043,.T.);
#9872=EDGE_CURVE('',#5592,#5594,#3047,.T.);
#9874=EDGE_CURVE('',#5594,#5596,#3051,.T.);
#9876=EDGE_CURVE('',#5596,#5598,#3055,.T.);
#9878=EDGE_CURVE('',#5598,#5600,#3059,.T.);
#9880=EDGE_CURVE('',#5602,#5600,#3329,.T.);
#9882=EDGE_CURVE('',#5602,#5604,#3063,.T.);
#9884=EDGE_CURVE('',#5604,#5606,#3067,.T.);
#9886=EDGE_CURVE('',#5606,#5608,#3071,.T.);
#9888=EDGE_CURVE('',#5608,#5610,#3075,.T.);
#9890=EDGE_CURVE('',#5610,#5612,#3079,.T.);
#9892=EDGE_CURVE('',#5612,#5614,#3083,.T.);
#9894=EDGE_CURVE('',#5614,#5616,#3087,.T.);
#9896=EDGE_CURVE('',#5616,#5618,#3091,.T.);
#9898=EDGE_CURVE('',#5618,#5620,#3095,.T.);
#9900=EDGE_CURVE('',#5620,#5622,#3099,.T.);
#9902=EDGE_CURVE('',#5622,#5474,#3103,.T.);
#9906=ADVANCED_FACE('',(#9905),#9767,.T.);
#9913=EDGE_CURVE('',#5037,#5510,#3107,.T.);
#9919=ADVANCED_FACE('',(#9918),#9911,.F.);
#9926=EDGE_CURVE('',#5035,#5512,#3111,.T.);
#9932=ADVANCED_FACE('',(#9931),#9924,.F.);
#9939=EDGE_CURVE('',#5033,#5514,#3115,.T.);
#9945=ADVANCED_FACE('',(#9944),#9937,.F.);
#9952=EDGE_CURVE('',#5031,#5516,#3120,.T.);
#9958=ADVANCED_FACE('',(#9957),#9950,.F.);
#9965=EDGE_CURVE('',#5030,#5518,#3125,.T.);
#9971=ADVANCED_FACE('',(#9970),#9963,.F.);
#9978=EDGE_CURVE('',#5028,#5520,#3133,.T.);
#9984=ADVANCED_FACE('',(#9983),#9976,.F.);
#9991=EDGE_CURVE('',#5026,#5522,#3137,.T.);
#9997=ADVANCED_FACE('',(#9996),#9989,.F.);
#10004=EDGE_CURVE('',#5024,#5524,#3141,.T.);
#10010=ADVANCED_FACE('',(#10009),#10002,.F.);
#10017=EDGE_CURVE('',#5022,#5526,#3145,.T.);
#10023=ADVANCED_FACE('',(#10022),#10015,.F.);
#10030=EDGE_CURVE('',#5020,#5528,#3149,.T.);
#10036=ADVANCED_FACE('',(#10035),#10028,.F.);
#10043=EDGE_CURVE('',#5018,#5530,#3153,.T.);
#10049=ADVANCED_FACE('',(#10048),#10041,.F.);
#10056=EDGE_CURVE('',#5016,#5532,#3157,.T.);
#10062=ADVANCED_FACE('',(#10061),#10054,.F.);
#10069=EDGE_CURVE('',#5014,#5534,#3165,.T.);
#10075=ADVANCED_FACE('',(#10074),#10067,.F.);
#10082=EDGE_CURVE('',#5012,#5536,#3169,.T.);
#10088=ADVANCED_FACE('',(#10087),#10080,.F.);
#10095=EDGE_CURVE('',#5010,#5538,#3173,.T.);
#10101=ADVANCED_FACE('',(#10100),#10093,.F.);
#10108=EDGE_CURVE('',#5008,#5540,#3177,.T.);
#10114=ADVANCED_FACE('',(#10113),#10106,.F.);
#10121=EDGE_CURVE('',#5006,#5542,#3181,.T.);
#10127=ADVANCED_FACE('',(#10126),#10119,.F.);
#10134=EDGE_CURVE('',#5004,#5544,#3185,.T.);
#10140=ADVANCED_FACE('',(#10139),#10132,.F.);
#10147=EDGE_CURVE('',#5002,#5546,#3189,.T.);
#10153=ADVANCED_FACE('',(#10152),#10145,.F.);
#10160=EDGE_CURVE('',#5000,#5548,#3193,.T.);
#10166=ADVANCED_FACE('',(#10165),#10158,.F.);
#10173=EDGE_CURVE('',#4998,#5550,#3202,.T.);
#10179=ADVANCED_FACE('',(#10178),#10171,.F.);
#10186=EDGE_CURVE('',#4997,#5552,#3207,.T.);
#10192=ADVANCED_FACE('',(#10191),#10184,.F.);
#10199=EDGE_CURVE('',#4995,#5554,#3215,.T.);
#10205=ADVANCED_FACE('',(#10204),#10197,.F.);
#10212=EDGE_CURVE('',#4993,#5556,#3219,.T.);
#10218=ADVANCED_FACE('',(#10217),#10210,.F.);
#10225=EDGE_CURVE('',#4991,#5558,#3223,.T.);
#10231=ADVANCED_FACE('',(#10230),#10223,.F.);
#10238=EDGE_CURVE('',#4989,#5560,#3227,.T.);
#10244=ADVANCED_FACE('',(#10243),#10236,.F.);
#10251=EDGE_CURVE('',#4987,#5562,#3232,.T.);
#10257=ADVANCED_FACE('',(#10256),#10249,.F.);
#10264=EDGE_CURVE('',#4986,#5564,#3237,.T.);
#10270=ADVANCED_FACE('',(#10269),#10262,.F.);
#10277=EDGE_CURVE('',#4984,#5566,#3245,.T.);
#10283=ADVANCED_FACE('',(#10282),#10275,.F.);
#10290=EDGE_CURVE('',#4982,#5568,#3249,.T.);
#10296=ADVANCED_FACE('',(#10295),#10288,.F.);
#10303=EDGE_CURVE('',#4980,#5570,#3253,.T.);
#10309=ADVANCED_FACE('',(#10308),#10301,.F.);
#10316=EDGE_CURVE('',#4978,#5572,#3257,.T.);
#10322=ADVANCED_FACE('',(#10321),#10314,.F.);
#10329=EDGE_CURVE('',#4976,#5574,#3262,.T.);
#10335=ADVANCED_FACE('',(#10334),#10327,.F.);
#10342=EDGE_CURVE('',#4975,#5576,#3267,.T.);
#10348=ADVANCED_FACE('',(#10347),#10340,.F.);
#10355=EDGE_CURVE('',#4973,#5578,#3275,.T.);
#10361=ADVANCED_FACE('',(#10360),#10353,.F.);
#10368=EDGE_CURVE('',#4971,#5580,#3279,.T.);
#10374=ADVANCED_FACE('',(#10373),#10366,.F.);
#10381=EDGE_CURVE('',#4969,#5582,#3283,.T.);
#10387=ADVANCED_FACE('',(#10386),#10379,.F.);
#10394=EDGE_CURVE('',#4967,#5584,#3287,.T.);
#10400=ADVANCED_FACE('',(#10399),#10392,.F.);
#10409=EDGE_CURVE('',#4965,#5586,#3291,.T.);
#10413=ADVANCED_FACE('',(#10412),#10405,.F.);
#10420=EDGE_CURVE('',#4963,#5588,#3295,.T.);
#10426=ADVANCED_FACE('',(#10425),#10418,.F.);
#10433=EDGE_CURVE('',#4961,#5590,#3299,.T.);
#10439=ADVANCED_FACE('',(#10438),#10431,.F.);
#10446=EDGE_CURVE('',#4959,#5592,#3303,.T.);
#10452=ADVANCED_FACE('',(#10451),#10444,.F.);
#10459=EDGE_CURVE('',#4957,#5594,#3307,.T.);
#10465=ADVANCED_FACE('',(#10464),#10457,.F.);
#10472=EDGE_CURVE('',#4955,#5596,#3311,.T.);
#10478=ADVANCED_FACE('',(#10477),#10470,.F.);
#10485=EDGE_CURVE('',#4953,#5598,#3315,.T.);
#10491=ADVANCED_FACE('',(#10490),#10483,.F.);
#10498=EDGE_CURVE('',#4951,#5600,#3320,.T.);
#10504=ADVANCED_FACE('',(#10503),#10496,.F.);
#10511=EDGE_CURVE('',#4950,#5602,#3325,.T.);
#10517=ADVANCED_FACE('',(#10516),#10509,.F.);
#10524=EDGE_CURVE('',#4948,#5604,#3333,.T.);
#10530=ADVANCED_FACE('',(#10529),#10522,.F.);
#10537=EDGE_CURVE('',#4946,#5606,#3337,.T.);
#10543=ADVANCED_FACE('',(#10542),#10535,.F.);
#10550=EDGE_CURVE('',#4944,#5608,#3341,.T.);
#10556=ADVANCED_FACE('',(#10555),#10548,.F.);
#10563=EDGE_CURVE('',#4942,#5610,#3345,.T.);
#10569=ADVANCED_FACE('',(#10568),#10561,.F.);
#10576=EDGE_CURVE('',#4940,#5612,#3349,.T.);
#10582=ADVANCED_FACE('',(#10581),#10574,.F.);
#10589=EDGE_CURVE('',#4938,#5614,#3353,.T.);
#10595=ADVANCED_FACE('',(#10594),#10587,.F.);
#10602=EDGE_CURVE('',#4936,#5616,#3357,.T.);
#10608=ADVANCED_FACE('',(#10607),#10600,.F.);
#10615=EDGE_CURVE('',#4934,#5618,#3361,.T.);
#10621=ADVANCED_FACE('',(#10620),#10613,.F.);
#10628=EDGE_CURVE('',#4932,#5620,#3365,.T.);
#10634=ADVANCED_FACE('',(#10633),#10626,.F.);
#10641=EDGE_CURVE('',#4930,#5622,#3369,.T.);
#10647=ADVANCED_FACE('',(#10646),#10639,.F.);
#10659=ADVANCED_FACE('',(#10658),#10652,.F.);
#10666=EDGE_CURVE('',#5074,#5624,#3377,.T.);
#10668=EDGE_CURVE('',#5626,#5624,#3533,.T.);
#10670=EDGE_CURVE('',#5075,#5626,#3529,.T.);
#10674=ADVANCED_FACE('',(#10673),#10664,.F.);
#10681=EDGE_CURVE('',#5141,#5628,#3381,.T.);
#10683=EDGE_CURVE('',#5624,#5628,#3537,.T.);
#10688=ADVANCED_FACE('',(#10687),#10679,.F.);
#10695=EDGE_CURVE('',#5139,#5630,#3385,.T.);
#10697=EDGE_CURVE('',#5628,#5630,#3541,.T.);
#10702=ADVANCED_FACE('',(#10701),#10693,.F.);
#10709=EDGE_CURVE('',#5137,#5632,#3389,.T.);
#10711=EDGE_CURVE('',#5630,#5632,#3545,.T.);
#10716=ADVANCED_FACE('',(#10715),#10707,.F.);
#10723=EDGE_CURVE('',#5135,#5634,#3393,.T.);
#10725=EDGE_CURVE('',#5632,#5634,#3549,.T.);
#10730=ADVANCED_FACE('',(#10729),#10721,.F.);
#10737=EDGE_CURVE('',#5133,#5636,#3397,.T.);
#10739=EDGE_CURVE('',#5634,#5636,#3553,.T.);
#10744=ADVANCED_FACE('',(#10743),#10735,.F.);
#10751=EDGE_CURVE('',#5131,#5637,#3402,.T.);
#10753=EDGE_CURVE('',#5636,#5637,#3557,.T.);
#10758=ADVANCED_FACE('',(#10757),#10749,.F.);
#10765=EDGE_CURVE('',#5130,#5638,#3407,.T.);
#10767=EDGE_CURVE('',#5638,#5637,#3411,.T.);
#10772=ADVANCED_FACE('',(#10771),#10763,.F.);
#10779=EDGE_CURVE('',#5128,#5640,#3415,.T.);
#10781=EDGE_CURVE('',#5638,#5640,#3561,.T.);
#10786=ADVANCED_FACE('',(#10785),#10777,.F.);
#10793=EDGE_CURVE('',#5126,#5642,#3419,.T.);
#10795=EDGE_CURVE('',#5640,#5642,#3565,.T.);
#10800=ADVANCED_FACE('',(#10799),#10791,.F.);
#10807=EDGE_CURVE('',#5124,#5644,#3423,.T.);
#10809=EDGE_CURVE('',#5642,#5644,#3569,.T.);
#10814=ADVANCED_FACE('',(#10813),#10805,.F.);
#10821=EDGE_CURVE('',#5122,#5646,#3427,.T.);
#10823=EDGE_CURVE('',#5644,#5646,#3573,.T.);
#10828=ADVANCED_FACE('',(#10827),#10819,.F.);
#10835=EDGE_CURVE('',#5120,#5648,#3431,.T.);
#10837=EDGE_CURVE('',#5646,#5648,#3577,.T.);
#10842=ADVANCED_FACE('',(#10841),#10833,.F.);
#10849=EDGE_CURVE('',#5118,#5650,#3435,.T.);
#10851=EDGE_CURVE('',#5648,#5650,#3581,.T.);
#10856=ADVANCED_FACE('',(#10855),#10847,.F.);
#10863=EDGE_CURVE('',#5116,#5652,#3439,.T.);
#10865=EDGE_CURVE('',#5650,#5652,#3585,.T.);
#10870=ADVANCED_FACE('',(#10869),#10861,.F.);
#10877=EDGE_CURVE('',#5114,#5654,#3443,.T.);
#10879=EDGE_CURVE('',#5652,#5654,#3589,.T.);
#10884=ADVANCED_FACE('',(#10883),#10875,.F.);
#10891=EDGE_CURVE('',#5112,#5656,#3447,.T.);
#10893=EDGE_CURVE('',#5654,#5656,#3593,.T.);
#10898=ADVANCED_FACE('',(#10897),#10889,.F.);
#10905=EDGE_CURVE('',#5110,#5658,#3451,.T.);
#10907=EDGE_CURVE('',#5656,#5658,#3597,.T.);
#10912=ADVANCED_FACE('',(#10911),#10903,.F.);
#10919=EDGE_CURVE('',#5108,#5660,#3455,.T.);
#10921=EDGE_CURVE('',#5658,#5660,#3601,.T.);
#10926=ADVANCED_FACE('',(#10925),#10917,.F.);
#10933=EDGE_CURVE('',#5106,#5662,#3459,.T.);
#10935=EDGE_CURVE('',#5660,#5662,#3605,.T.);
#10940=ADVANCED_FACE('',(#10939),#10931,.F.);
#10947=EDGE_CURVE('',#5104,#5664,#3463,.T.);
#10949=EDGE_CURVE('',#5662,#5664,#3609,.T.);
#10954=ADVANCED_FACE('',(#10953),#10945,.F.);
#10961=EDGE_CURVE('',#5102,#5666,#3467,.T.);
#10963=EDGE_CURVE('',#5664,#5666,#3613,.T.);
#10968=ADVANCED_FACE('',(#10967),#10959,.F.);
#10975=EDGE_CURVE('',#5100,#5668,#3471,.T.);
#10977=EDGE_CURVE('',#5666,#5668,#3617,.T.);
#10982=ADVANCED_FACE('',(#10981),#10973,.F.);
#10989=EDGE_CURVE('',#5098,#5670,#3475,.T.);
#10991=EDGE_CURVE('',#5668,#5670,#3621,.T.);
#10996=ADVANCED_FACE('',(#10995),#10987,.F.);
#11003=EDGE_CURVE('',#5096,#5671,#3480,.T.);
#11005=EDGE_CURVE('',#5670,#5671,#3625,.T.);
#11010=ADVANCED_FACE('',(#11009),#11001,.F.);
#11017=EDGE_CURVE('',#5095,#5672,#3485,.T.);
#11019=EDGE_CURVE('',#5672,#5671,#3489,.T.);
#11024=ADVANCED_FACE('',(#11023),#11015,.F.);
#11031=EDGE_CURVE('',#5093,#5674,#3493,.T.);
#11033=EDGE_CURVE('',#5672,#5674,#3629,.T.);
#11038=ADVANCED_FACE('',(#11037),#11029,.F.);
#11045=EDGE_CURVE('',#5091,#5676,#3497,.T.);
#11047=EDGE_CURVE('',#5674,#5676,#3633,.T.);
#11052=ADVANCED_FACE('',(#11051),#11043,.F.);
#11059=EDGE_CURVE('',#5089,#5678,#3501,.T.);
#11061=EDGE_CURVE('',#5676,#5678,#3637,.T.);
#11066=ADVANCED_FACE('',(#11065),#11057,.F.);
#11073=EDGE_CURVE('',#5087,#5680,#3505,.T.);
#11075=EDGE_CURVE('',#5678,#5680,#3641,.T.);
#11080=ADVANCED_FACE('',(#11079),#11071,.F.);
#11087=EDGE_CURVE('',#5085,#5682,#3509,.T.);
#11089=EDGE_CURVE('',#5680,#5682,#3645,.T.);
#11094=ADVANCED_FACE('',(#11093),#11085,.F.);
#11101=EDGE_CURVE('',#5083,#5684,#3513,.T.);
#11103=EDGE_CURVE('',#5682,#5684,#3649,.T.);
#11108=ADVANCED_FACE('',(#11107),#11099,.F.);
#11115=EDGE_CURVE('',#5081,#5686,#3517,.T.);
#11117=EDGE_CURVE('',#5684,#5686,#3653,.T.);
#11122=ADVANCED_FACE('',(#11121),#11113,.F.);
#11129=EDGE_CURVE('',#5079,#5688,#3521,.T.);
#11131=EDGE_CURVE('',#5686,#5688,#3657,.T.);
#11136=ADVANCED_FACE('',(#11135),#11127,.F.);
#11143=EDGE_CURVE('',#5077,#5690,#3525,.T.);
#11145=EDGE_CURVE('',#5688,#5690,#3661,.T.);
#11150=ADVANCED_FACE('',(#11149),#11141,.F.);
#11158=EDGE_CURVE('',#5690,#5626,#3665,.T.);
#11163=ADVANCED_FACE('',(#11162),#11155,.F.);
#11207=EDGE_CURVE('',#5693,#5694,#3669,.T.);
#11209=EDGE_CURVE('',#5694,#5696,#3673,.T.);
#11211=EDGE_CURVE('',#5696,#5698,#3677,.T.);
#11213=EDGE_CURVE('',#5698,#5700,#3681,.T.);
#11215=EDGE_CURVE('',#5700,#5702,#3685,.T.);
#11217=EDGE_CURVE('',#5702,#5704,#3689,.T.);
#11219=EDGE_CURVE('',#5704,#5706,#3693,.T.);
#11221=EDGE_CURVE('',#5708,#5706,#3966,.T.);
#11223=EDGE_CURVE('',#5708,#5710,#3697,.T.);
#11225=EDGE_CURVE('',#5710,#5712,#3701,.T.);
#11227=EDGE_CURVE('',#5712,#5714,#3705,.T.);
#11229=EDGE_CURVE('',#5714,#5716,#3709,.T.);
#11231=EDGE_CURVE('',#5716,#5718,#3713,.T.);
#11233=EDGE_CURVE('',#5718,#5720,#3717,.T.);
#11235=EDGE_CURVE('',#5720,#5722,#3721,.T.);
#11237=EDGE_CURVE('',#5722,#5724,#3725,.T.);
#11239=EDGE_CURVE('',#5724,#5726,#3729,.T.);
#11241=EDGE_CURVE('',#5726,#5728,#3733,.T.);
#11243=EDGE_CURVE('',#5728,#5730,#3737,.T.);
#11245=EDGE_CURVE('',#5730,#5732,#3741,.T.);
#11247=EDGE_CURVE('',#5732,#5734,#3745,.T.);
#11249=EDGE_CURVE('',#5734,#5736,#3749,.T.);
#11251=EDGE_CURVE('',#5738,#5736,#3901,.T.);
#11253=EDGE_CURVE('',#5738,#5740,#3753,.T.);
#11255=EDGE_CURVE('',#5740,#5742,#3757,.T.);
#11257=EDGE_CURVE('',#5742,#5744,#3761,.T.);
#11259=EDGE_CURVE('',#5744,#5693,#3765,.T.);
#11263=ADVANCED_FACE('',(#11206,#11262),#11168,.T.);
#11269=EDGE_CURVE('',#5747,#5748,#3773,.T.);
#11271=EDGE_CURVE('',#5747,#5694,#3769,.T.);
#11274=EDGE_CURVE('',#5748,#5693,#3881,.T.);
#11278=ADVANCED_FACE('',(#11277),#11268,.F.);
#11285=EDGE_CURVE('',#5748,#5750,#3777,.T.);
#11287=EDGE_CURVE('',#5750,#5752,#3781,.T.);
#11289=EDGE_CURVE('',#5752,#5754,#3785,.T.);
#11291=EDGE_CURVE('',#5754,#5756,#3789,.T.);
#11293=EDGE_CURVE('',#5756,#5758,#3793,.T.);
#11295=EDGE_CURVE('',#5758,#5760,#3797,.T.);
#11297=EDGE_CURVE('',#5760,#5762,#3801,.T.);
#11299=EDGE_CURVE('',#5762,#5764,#3805,.T.);
#11301=EDGE_CURVE('',#5764,#5766,#3809,.T.);
#11303=EDGE_CURVE('',#5766,#5768,#3813,.T.);
#11305=EDGE_CURVE('',#5768,#5770,#3817,.T.);
#11307=EDGE_CURVE('',#5770,#5772,#3821,.T.);
#11309=EDGE_CURVE('',#5772,#5774,#3825,.T.);
#11311=EDGE_CURVE('',#5774,#5776,#3829,.T.);
#11313=EDGE_CURVE('',#5776,#5778,#3833,.T.);
#11315=EDGE_CURVE('',#5778,#5780,#3837,.T.);
#11317=EDGE_CURVE('',#5780,#5782,#3841,.T.);
#11319=EDGE_CURVE('',#5782,#5784,#3845,.T.);
#11321=EDGE_CURVE('',#5784,#5786,#3849,.T.);
#11323=EDGE_CURVE('',#5786,#5788,#3853,.T.);
#11325=EDGE_CURVE('',#5788,#5790,#3857,.T.);
#11327=EDGE_CURVE('',#5790,#5792,#3861,.T.);
#11329=EDGE_CURVE('',#5792,#5794,#3865,.T.);
#11331=EDGE_CURVE('',#5794,#5796,#3869,.T.);
#11333=EDGE_CURVE('',#5796,#5798,#3873,.T.);
#11335=EDGE_CURVE('',#5798,#5747,#3877,.T.);
#11339=ADVANCED_FACE('',(#11338),#11283,.T.);
#11348=EDGE_CURVE('',#5750,#5744,#3885,.T.);
#11352=ADVANCED_FACE('',(#11351),#11344,.F.);
#11361=EDGE_CURVE('',#5752,#5742,#3889,.T.);
#11365=ADVANCED_FACE('',(#11364),#11357,.F.);
#11374=EDGE_CURVE('',#5754,#5740,#3893,.T.);
#11378=ADVANCED_FACE('',(#11377),#11370,.F.);
#11387=EDGE_CURVE('',#5756,#5738,#3897,.T.);
#11391=ADVANCED_FACE('',(#11390),#11383,.F.);
#11400=EDGE_CURVE('',#5758,#5736,#3905,.T.);
#11404=ADVANCED_FACE('',(#11403),#11396,.F.);
#11413=EDGE_CURVE('',#5760,#5734,#3909,.T.);
#11417=ADVANCED_FACE('',(#11416),#11409,.F.);
#11426=EDGE_CURVE('',#5762,#5732,#3913,.T.);
#11430=ADVANCED_FACE('',(#11429),#11422,.F.);
#11439=EDGE_CURVE('',#5764,#5730,#3917,.T.);
#11443=ADVANCED_FACE('',(#11442),#11435,.F.);
#11452=EDGE_CURVE('',#5766,#5728,#3921,.T.);
#11456=ADVANCED_FACE('',(#11455),#11448,.F.);
#11465=EDGE_CURVE('',#5768,#5726,#3925,.T.);
#11469=ADVANCED_FACE('',(#11468),#11461,.F.);
#11478=EDGE_CURVE('',#5770,#5724,#3929,.T.);
#11482=ADVANCED_FACE('',(#11481),#11474,.F.);
#11491=EDGE_CURVE('',#5772,#5722,#3933,.T.);
#11495=ADVANCED_FACE('',(#11494),#11487,.F.);
#11504=EDGE_CURVE('',#5774,#5720,#3937,.T.);
#11508=ADVANCED_FACE('',(#11507),#11500,.F.);
#11517=EDGE_CURVE('',#5776,#5718,#3941,.T.);
#11521=ADVANCED_FACE('',(#11520),#11513,.F.);
#11530=EDGE_CURVE('',#5778,#5716,#3945,.T.);
#11534=ADVANCED_FACE('',(#11533),#11526,.F.);
#11543=EDGE_CURVE('',#5780,#5714,#3949,.T.);
#11547=ADVANCED_FACE('',(#11546),#11539,.F.);
#11556=EDGE_CURVE('',#5782,#5712,#3953,.T.);
#11560=ADVANCED_FACE('',(#11559),#11552,.F.);
#11569=EDGE_CURVE('',#5784,#5710,#3957,.T.);
#11573=ADVANCED_FACE('',(#11572),#11565,.F.);
#11582=EDGE_CURVE('',#5786,#5708,#3962,.T.);
#11586=ADVANCED_FACE('',(#11585),#11578,.F.);
#11595=EDGE_CURVE('',#5788,#5706,#3971,.T.);
#11599=ADVANCED_FACE('',(#11598),#11591,.F.);
#11608=EDGE_CURVE('',#5790,#5704,#3975,.T.);
#11612=ADVANCED_FACE('',(#11611),#11604,.F.);
#11621=EDGE_CURVE('',#5792,#5702,#3979,.T.);
#11625=ADVANCED_FACE('',(#11624),#11617,.F.);
#11634=EDGE_CURVE('',#5794,#5700,#3983,.T.);
#11638=ADVANCED_FACE('',(#11637),#11630,.F.);
#11647=EDGE_CURVE('',#5796,#5698,#3987,.T.);
#11651=ADVANCED_FACE('',(#11650),#11643,.F.);
#11660=EDGE_CURVE('',#5798,#5696,#3991,.T.);
#11664=ADVANCED_FACE('',(#11663),#11656,.F.);
#11676=ADVANCED_FACE('',(#11675),#11669,.F.);
#11683=EDGE_CURVE('',#5144,#5800,#3995,.T.);
#11685=EDGE_CURVE('',#5800,#5802,#3999,.T.);
#11687=EDGE_CURVE('',#5145,#5802,#4264,.T.);
#11691=ADVANCED_FACE('',(#11690),#11681,.F.);
#11698=EDGE_CURVE('',#5257,#5804,#4003,.T.);
#11700=EDGE_CURVE('',#5800,#5804,#4268,.T.);
#11705=ADVANCED_FACE('',(#11704),#11696,.F.);
#11712=EDGE_CURVE('',#5255,#5806,#4007,.T.);
#11714=EDGE_CURVE('',#5804,#5806,#4272,.T.);
#11719=ADVANCED_FACE('',(#11718),#11710,.F.);
#11726=EDGE_CURVE('',#5253,#5808,#4011,.T.);
#11728=EDGE_CURVE('',#5806,#5808,#4276,.T.);
#11733=ADVANCED_FACE('',(#11732),#11724,.F.);
#11740=EDGE_CURVE('',#5251,#5810,#4015,.T.);
#11742=EDGE_CURVE('',#5808,#5810,#4280,.T.);
#11747=ADVANCED_FACE('',(#11746),#11738,.F.);
#11754=EDGE_CURVE('',#5249,#5812,#4019,.T.);
#11756=EDGE_CURVE('',#5810,#5812,#4284,.T.);
#11761=ADVANCED_FACE('',(#11760),#11752,.F.);
#11768=EDGE_CURVE('',#5247,#5814,#4023,.T.);
#11770=EDGE_CURVE('',#5812,#5814,#4288,.T.);
#11775=ADVANCED_FACE('',(#11774),#11766,.F.);
#11782=EDGE_CURVE('',#5245,#5816,#4027,.T.);
#11784=EDGE_CURVE('',#5814,#5816,#4292,.T.);
#11789=ADVANCED_FACE('',(#11788),#11780,.F.);
#11796=EDGE_CURVE('',#5243,#5818,#4031,.T.);
#11798=EDGE_CURVE('',#5816,#5818,#4296,.T.);
#11803=ADVANCED_FACE('',(#11802),#11794,.F.);
#11810=EDGE_CURVE('',#5241,#5819,#4036,.T.);
#11812=EDGE_CURVE('',#5818,#5819,#4300,.T.);
#11817=ADVANCED_FACE('',(#11816),#11808,.F.);
#11824=EDGE_CURVE('',#5240,#5820,#4041,.T.);
#11826=EDGE_CURVE('',#5820,#5819,#4045,.T.);
#11831=ADVANCED_FACE('',(#11830),#11822,.F.);
#11838=EDGE_CURVE('',#5238,#5822,#4049,.T.);
#11840=EDGE_CURVE('',#5820,#5822,#4304,.T.);
#11845=ADVANCED_FACE('',(#11844),#11836,.F.);
#11852=EDGE_CURVE('',#5236,#5824,#4053,.T.);
#11854=EDGE_CURVE('',#5822,#5824,#4308,.T.);
#11859=ADVANCED_FACE('',(#11858),#11850,.F.);
#11866=EDGE_CURVE('',#5234,#5826,#4057,.T.);
#11868=EDGE_CURVE('',#5824,#5826,#4312,.T.);
#11873=ADVANCED_FACE('',(#11872),#11864,.F.);
#11880=EDGE_CURVE('',#5232,#5828,#4061,.T.);
#11882=EDGE_CURVE('',#5826,#5828,#4316,.T.);
#11887=ADVANCED_FACE('',(#11886),#11878,.F.);
#11894=EDGE_CURVE('',#5230,#5829,#4066,.T.);
#11896=EDGE_CURVE('',#5828,#5829,#4320,.T.);
#11901=ADVANCED_FACE('',(#11900),#11892,.F.);
#11908=EDGE_CURVE('',#5229,#5831,#4070,.T.);
#11910=EDGE_CURVE('',#5831,#5829,#4074,.T.);
#11915=ADVANCED_FACE('',(#11914),#11906,.F.);
#11922=EDGE_CURVE('',#5228,#5833,#4078,.T.);
#11924=EDGE_CURVE('',#5831,#5833,#4324,.T.);
#11929=ADVANCED_FACE('',(#11928),#11920,.F.);
#11936=EDGE_CURVE('',#5226,#5835,#4082,.T.);
#11938=EDGE_CURVE('',#5833,#5835,#4328,.T.);
#11943=ADVANCED_FACE('',(#11942),#11934,.F.);
#11950=EDGE_CURVE('',#5224,#5837,#4086,.T.);
#11952=EDGE_CURVE('',#5835,#5837,#4332,.T.);
#11957=ADVANCED_FACE('',(#11956),#11948,.F.);
#11964=EDGE_CURVE('',#5222,#5839,#4090,.T.);
#11966=EDGE_CURVE('',#5837,#5839,#4336,.T.);
#11971=ADVANCED_FACE('',(#11970),#11962,.F.);
#11978=EDGE_CURVE('',#5220,#5841,#4094,.T.);
#11980=EDGE_CURVE('',#5839,#5841,#4340,.T.);
#11985=ADVANCED_FACE('',(#11984),#11976,.F.);
#11992=EDGE_CURVE('',#5218,#5843,#4098,.T.);
#11994=EDGE_CURVE('',#5841,#5843,#4344,.T.);
#11999=ADVANCED_FACE('',(#11998),#11990,.F.);
#12006=EDGE_CURVE('',#5216,#5845,#4102,.T.);
#12008=EDGE_CURVE('',#5845,#5843,#4106,.T.);
#12013=ADVANCED_FACE('',(#12012),#12004,.F.);
#12020=EDGE_CURVE('',#5214,#5847,#4110,.T.);
#12022=EDGE_CURVE('',#5845,#5847,#4348,.T.);
#12027=ADVANCED_FACE('',(#12026),#12018,.F.);
#12034=EDGE_CURVE('',#5212,#5849,#4114,.T.);
#12036=EDGE_CURVE('',#5849,#5847,#4118,.T.);
#12041=ADVANCED_FACE('',(#12040),#12032,.F.);
#12048=EDGE_CURVE('',#5210,#5851,#4122,.T.);
#12050=EDGE_CURVE('',#5849,#5851,#4352,.T.);
#12055=ADVANCED_FACE('',(#12054),#12046,.F.);
#12062=EDGE_CURVE('',#5208,#5853,#4126,.T.);
#12064=EDGE_CURVE('',#5851,#5853,#4356,.T.);
#12069=ADVANCED_FACE('',(#12068),#12060,.F.);
#12076=EDGE_CURVE('',#5206,#5855,#4130,.T.);
#12078=EDGE_CURVE('',#5853,#5855,#4360,.T.);
#12083=ADVANCED_FACE('',(#12082),#12074,.F.);
#12090=EDGE_CURVE('',#5204,#5857,#4134,.T.);
#12092=EDGE_CURVE('',#5855,#5857,#4364,.T.);
#12097=ADVANCED_FACE('',(#12096),#12088,.F.);
#12104=EDGE_CURVE('',#5202,#5859,#4138,.T.);
#12106=EDGE_CURVE('',#5857,#5859,#4368,.T.);
#12111=ADVANCED_FACE('',(#12110),#12102,.F.);
#12118=EDGE_CURVE('',#5200,#5860,#4143,.T.);
#12120=EDGE_CURVE('',#5859,#5860,#4372,.T.);
#12125=ADVANCED_FACE('',(#12124),#12116,.F.);
#12132=EDGE_CURVE('',#5199,#5861,#4148,.T.);
#12134=EDGE_CURVE('',#5861,#5860,#4152,.T.);
#12139=ADVANCED_FACE('',(#12138),#12130,.F.);
#12146=EDGE_CURVE('',#5197,#5863,#4156,.T.);
#12148=EDGE_CURVE('',#5861,#5863,#4376,.T.);
#12153=ADVANCED_FACE('',(#12152),#12144,.F.);
#12160=EDGE_CURVE('',#5195,#5865,#4160,.T.);
#12162=EDGE_CURVE('',#5863,#5865,#4380,.T.);
#12167=ADVANCED_FACE('',(#12166),#12158,.F.);
#12174=EDGE_CURVE('',#5193,#5867,#4164,.T.);
#12176=EDGE_CURVE('',#5865,#5867,#4384,.T.);
#12181=ADVANCED_FACE('',(#12180),#12172,.F.);
#12188=EDGE_CURVE('',#5191,#5869,#4168,.T.);
#12190=EDGE_CURVE('',#5867,#5869,#4388,.T.);
#12195=ADVANCED_FACE('',(#12194),#12186,.F.);
#12202=EDGE_CURVE('',#5189,#5871,#4172,.T.);
#12204=EDGE_CURVE('',#5869,#5871,#4392,.T.);
#12209=ADVANCED_FACE('',(#12208),#12200,.F.);
#12216=EDGE_CURVE('',#5187,#5873,#4176,.T.);
#12218=EDGE_CURVE('',#5873,#5871,#4180,.T.);
#12223=ADVANCED_FACE('',(#12222),#12214,.F.);
#12230=EDGE_CURVE('',#5185,#5875,#4184,.T.);
#12232=EDGE_CURVE('',#5873,#5875,#4396,.T.);
#12237=ADVANCED_FACE('',(#12236),#12228,.F.);
#12244=EDGE_CURVE('',#5183,#5877,#4188,.T.);
#12246=EDGE_CURVE('',#5875,#5877,#4400,.T.);
#12251=ADVANCED_FACE('',(#12250),#12242,.F.);
#12258=EDGE_CURVE('',#5181,#5879,#4192,.T.);
#12260=EDGE_CURVE('',#5877,#5879,#4404,.T.);
#12265=ADVANCED_FACE('',(#12264),#12256,.F.);
#12272=EDGE_CURVE('',#5179,#5881,#4196,.T.);
#12274=EDGE_CURVE('',#5879,#5881,#4408,.T.);
#12279=ADVANCED_FACE('',(#12278),#12270,.F.);
#12286=EDGE_CURVE('',#5177,#5883,#4200,.T.);
#12288=EDGE_CURVE('',#5881,#5883,#4412,.T.);
#12293=ADVANCED_FACE('',(#12292),#12284,.F.);
#12300=EDGE_CURVE('',#5175,#5885,#4204,.T.);
#12302=EDGE_CURVE('',#5883,#5885,#4416,.T.);
#12307=ADVANCED_FACE('',(#12306),#12298,.F.);
#12314=EDGE_CURVE('',#5173,#5887,#4208,.T.);
#12316=EDGE_CURVE('',#5885,#5887,#4420,.T.);
#12321=ADVANCED_FACE('',(#12320),#12312,.F.);
#12328=EDGE_CURVE('',#5171,#5889,#4212,.T.);
#12330=EDGE_CURVE('',#5887,#5889,#4424,.T.);
#12335=ADVANCED_FACE('',(#12334),#12326,.F.);
#12342=EDGE_CURVE('',#5169,#5891,#4216,.T.);
#12344=EDGE_CURVE('',#5889,#5891,#4428,.T.);
#12349=ADVANCED_FACE('',(#12348),#12340,.F.);
#12356=EDGE_CURVE('',#5167,#5893,#4220,.T.);
#12358=EDGE_CURVE('',#5891,#5893,#4432,.T.);
#12363=ADVANCED_FACE('',(#12362),#12354,.F.);
#12370=EDGE_CURVE('',#5165,#5895,#4224,.T.);
#12372=EDGE_CURVE('',#5893,#5895,#4436,.T.);
#12377=ADVANCED_FACE('',(#12376),#12368,.F.);
#12384=EDGE_CURVE('',#5163,#5897,#4228,.T.);
#12386=EDGE_CURVE('',#5895,#5897,#4440,.T.);
#12391=ADVANCED_FACE('',(#12390),#12382,.F.);
#12398=EDGE_CURVE('',#5161,#5899,#4232,.T.);
#12400=EDGE_CURVE('',#5897,#5899,#4444,.T.);
#12405=ADVANCED_FACE('',(#12404),#12396,.F.);
#12412=EDGE_CURVE('',#5159,#5901,#4236,.T.);
#12414=EDGE_CURVE('',#5899,#5901,#4448,.T.);
#12419=ADVANCED_FACE('',(#12418),#12410,.F.);
#12426=EDGE_CURVE('',#5157,#5903,#4240,.T.);
#12428=EDGE_CURVE('',#5901,#5903,#4452,.T.);
#12433=ADVANCED_FACE('',(#12432),#12424,.F.);
#12440=EDGE_CURVE('',#5155,#5905,#4244,.T.);
#12442=EDGE_CURVE('',#5903,#5905,#4456,.T.);
#12447=ADVANCED_FACE('',(#12446),#12438,.F.);
#12454=EDGE_CURVE('',#5153,#5907,#4248,.T.);
#12456=EDGE_CURVE('',#5905,#5907,#4460,.T.);
#12461=ADVANCED_FACE('',(#12460),#12452,.F.);
#12468=EDGE_CURVE('',#5151,#5909,#4252,.T.);
#12470=EDGE_CURVE('',#5907,#5909,#4464,.T.);
#12475=ADVANCED_FACE('',(#12474),#12466,.F.);
#12482=EDGE_CURVE('',#5149,#5911,#4256,.T.);
#12484=EDGE_CURVE('',#5909,#5911,#4468,.T.);
#12489=ADVANCED_FACE('',(#12488),#12480,.F.);
#12496=EDGE_CURVE('',#5147,#5913,#4260,.T.);
#12498=EDGE_CURVE('',#5911,#5913,#4472,.T.);
#12503=ADVANCED_FACE('',(#12502),#12494,.F.);
#12511=EDGE_CURVE('',#5913,#5802,#4476,.T.);
#12516=ADVANCED_FACE('',(#12515),#12508,.F.);
#12584=ADVANCED_FACE('',(#12583),#12521,.T.);
#12591=EDGE_CURVE('',#5260,#5915,#4480,.T.);
#12593=EDGE_CURVE('',#5915,#5917,#4484,.T.);
#12595=EDGE_CURVE('',#5261,#5917,#4508,.T.);
#12599=ADVANCED_FACE('',(#12598),#12589,.F.);
#12606=EDGE_CURVE('',#5267,#5919,#4488,.T.);
#12608=EDGE_CURVE('',#5919,#5915,#4492,.T.);
#12613=ADVANCED_FACE('',(#12612),#12604,.F.);
#12620=EDGE_CURVE('',#5265,#5921,#4496,.T.);
#12622=EDGE_CURVE('',#5921,#5919,#4500,.T.);
#12627=ADVANCED_FACE('',(#12626),#12618,.F.);
#12634=EDGE_CURVE('',#5263,#5923,#4504,.T.);
#12636=EDGE_CURVE('',#5921,#5923,#4512,.T.);
#12641=ADVANCED_FACE('',(#12640),#12632,.F.);
#12649=EDGE_CURVE('',#5923,#5917,#4516,.T.);
#12654=ADVANCED_FACE('',(#12653),#12646,.F.);
#12667=EDGE_CURVE('',#5926,#5927,#4520,.T.);
#12669=EDGE_CURVE('',#5929,#5927,#4552,.T.);
#12671=EDGE_CURVE('',#5929,#5926,#4524,.T.);
#12675=ADVANCED_FACE('',(#12666,#12674),#12659,.T.);
#12681=EDGE_CURVE('',#5932,#5933,#4532,.T.);
#12683=EDGE_CURVE('',#5932,#5927,#4528,.T.);
#12686=EDGE_CURVE('',#5933,#5926,#4544,.T.);
#12690=ADVANCED_FACE('',(#12689),#12680,.F.);
#12697=EDGE_CURVE('',#5933,#5935,#4536,.T.);
#12699=EDGE_CURVE('',#5935,#5932,#4540,.T.);
#12703=ADVANCED_FACE('',(#12702),#12695,.T.);
#12712=EDGE_CURVE('',#5935,#5929,#4548,.T.);
#12716=ADVANCED_FACE('',(#12715),#12708,.F.);
#12728=ADVANCED_FACE('',(#12727),#12721,.F.);
#12746=ADVANCED_FACE('',(#12745),#12733,.F.);
#12764=ADVANCED_FACE('',(#12763),#12751,.T.);
#12771=EDGE_CURVE('',#4714,#5945,#4616,.T.);
#12773=EDGE_CURVE('',#4742,#5945,#4648,.T.);
#12778=ADVANCED_FACE('',(#12777),#12769,.F.);
#12785=EDGE_CURVE('',#4712,#5947,#4624,.T.);
#12787=EDGE_CURVE('',#5945,#5947,#4636,.T.);
#12792=ADVANCED_FACE('',(#12791),#12783,.F.);
#12800=EDGE_CURVE('',#5947,#4744,#4640,.T.);
#12805=ADVANCED_FACE('',(#12804),#12797,.F.);
#12817=ADVANCED_FACE('',(#12816),#12810,.F.);
#12829=ADVANCED_FACE('',(#12828),#12822,.T.);
#12843=CIRCLE('',#12842,1.399982226518E0);
#12848=CIRCLE('',#12847,1.399982226518E0);
#12893=CIRCLE('',#12892,1.600000000400E0);
#12946=CIRCLE('',#12945,9.499999999200E-1);
#12951=CIRCLE('',#12950,9.499999999200E-1);
#13098=B_SPLINE_CURVE_WITH_KNOTS('',3,(#13092,#13093,#13094,#13095,#13096,
#13097),.UNSPECIFIED.,.F.,.F.,(4,1,1,4),(0.E0,3.333333333333E-1,
6.666666666667E-1,1.E0),.UNSPECIFIED.);
#13103=CIRCLE('',#13102,1.599986065062E0);
#13108=CIRCLE('',#13107,1.599986065062E0);
#13115=B_SPLINE_CURVE_WITH_KNOTS('',3,(#13109,#13110,#13111,#13112,#13113,
#13114),.UNSPECIFIED.,.F.,.F.,(4,1,1,4),(0.E0,3.333333333333E-1,
6.666666666667E-1,1.E0),.UNSPECIFIED.);
#13124=CIRCLE('',#13123,9.499999999200E-1);
#13129=CIRCLE('',#13128,9.499999999200E-1);
#13334=CIRCLE('',#13333,5.000000007600E-1);
#13343=CIRCLE('',#13342,5.000000007600E-1);
#13372=CIRCLE('',#13371,1.999999987800E-1);
#13381=CIRCLE('',#13380,1.999999987800E-1);
#13591=EDGE_CURVE('',#13548,#13549,#12868,.T.);
#13593=EDGE_CURVE('',#13552,#13548,#13237,.T.);
#13595=EDGE_CURVE('',#13552,#13553,#12872,.T.);
#13597=EDGE_CURVE('',#13553,#13549,#12876,.T.);
#13601=EDGE_CURVE('',#13408,#13409,#12834,.T.);
#13603=EDGE_CURVE('',#13409,#13411,#12838,.T.);
#13605=EDGE_CURVE('',#13411,#13413,#12843,.T.);
#13607=EDGE_CURVE('',#13413,#13415,#12848,.T.);
#13609=EDGE_CURVE('',#13415,#13417,#12852,.T.);
#13611=EDGE_CURVE('',#13417,#13419,#12856,.T.);
#13613=EDGE_CURVE('',#13421,#13419,#12959,.T.);
#13615=EDGE_CURVE('',#13423,#13421,#12967,.T.);
#13617=EDGE_CURVE('',#13425,#13423,#12975,.T.);
#13619=EDGE_CURVE('',#13425,#13427,#12860,.T.);
#13621=EDGE_CURVE('',#13429,#13427,#12987,.T.);
#13623=EDGE_CURVE('',#13429,#13431,#12864,.T.);
#13625=EDGE_CURVE('',#13433,#13431,#13003,.T.);
#13627=EDGE_CURVE('',#13435,#13433,#13011,.T.);
#13629=EDGE_CURVE('',#13408,#13435,#13023,.T.);
#13633=ADVANCED_FACE('',(#13600,#13632),#13590,.T.);
#13639=EDGE_CURVE('',#13462,#13463,#12901,.T.);
#13641=EDGE_CURVE('',#13465,#13462,#13087,.T.);
#13643=EDGE_CURVE('',#13465,#13409,#12880,.T.);
#13646=EDGE_CURVE('',#13463,#13408,#13019,.T.);
#13650=ADVANCED_FACE('',(#13649),#13638,.T.);
#13656=EDGE_CURVE('',#13468,#13469,#12884,.T.);
#13658=EDGE_CURVE('',#13469,#13471,#12888,.T.);
#13660=EDGE_CURVE('',#13471,#13473,#12893,.T.);
#13662=EDGE_CURVE('',#13473,#13462,#12897,.T.);
#13665=EDGE_CURVE('',#13463,#13475,#12905,.T.);
#13667=EDGE_CURVE('',#13475,#13477,#12909,.T.);
#13669=EDGE_CURVE('',#13477,#13479,#12913,.T.);
#13671=EDGE_CURVE('',#13479,#13481,#12917,.T.);
#13673=EDGE_CURVE('',#13481,#13483,#12921,.T.);
#13675=EDGE_CURVE('',#13485,#13483,#13047,.T.);
#13677=EDGE_CURVE('',#13487,#13485,#13039,.T.);
#13679=EDGE_CURVE('',#13489,#13487,#13031,.T.);
#13681=EDGE_CURVE('',#13489,#13491,#12925,.T.);
#13683=EDGE_CURVE('',#13491,#13493,#12929,.T.);
#13685=EDGE_CURVE('',#13493,#13495,#12933,.T.);
#13687=EDGE_CURVE('',#13495,#13497,#12937,.T.);
#13689=EDGE_CURVE('',#13497,#13468,#12941,.T.);
#13693=EDGE_CURVE('',#13500,#13501,#12946,.T.);
#13695=EDGE_CURVE('',#13501,#13500,#12951,.T.);
#13699=ADVANCED_FACE('',(#13692,#13698),#13655,.F.);
#13706=EDGE_CURVE('',#13419,#13468,#12963,.T.);
#13709=EDGE_CURVE('',#13417,#13503,#12955,.T.);
#13711=EDGE_CURVE('',#13469,#13503,#13075,.T.);
#13715=ADVANCED_FACE('',(#13714),#13704,.T.);
#13722=EDGE_CURVE('',#13421,#13497,#12971,.T.);
#13728=ADVANCED_FACE('',(#13727),#13720,.T.);
#13735=EDGE_CURVE('',#13423,#13495,#12979,.T.);
#13741=ADVANCED_FACE('',(#13740),#13733,.T.);
#13748=EDGE_CURVE('',#13425,#13493,#12983,.T.);
#13754=ADVANCED_FACE('',(#13753),#13746,.T.);
#13761=EDGE_CURVE('',#13427,#13491,#12991,.T.);
#13767=ADVANCED_FACE('',(#13766),#13759,.T.);
#13774=EDGE_CURVE('',#13429,#13481,#12999,.T.);
#13779=EDGE_CURVE('',#13489,#13505,#12995,.T.);
#13781=EDGE_CURVE('',#13507,#13505,#13063,.T.);
#13783=EDGE_CURVE('',#13483,#13507,#13051,.T.);
#13787=ADVANCED_FACE('',(#13786),#13772,.T.);
#13794=EDGE_CURVE('',#13431,#13479,#13007,.T.);
#13800=ADVANCED_FACE('',(#13799),#13792,.T.);
#13807=EDGE_CURVE('',#13433,#13477,#13015,.T.);
#13813=ADVANCED_FACE('',(#13812),#13805,.T.);
#13820=EDGE_CURVE('',#13435,#13475,#13027,.T.);
#13826=ADVANCED_FACE('',(#13825),#13818,.T.);
#13838=ADVANCED_FACE('',(#13837),#13831,.T.);
#13845=EDGE_CURVE('',#13487,#13509,#13035,.T.);
#13847=EDGE_CURVE('',#13505,#13509,#13067,.T.);
#13852=ADVANCED_FACE('',(#13851),#13843,.F.);
#13859=EDGE_CURVE('',#13485,#13511,#13043,.T.);
#13861=EDGE_CURVE('',#13509,#13511,#13055,.T.);
#13866=ADVANCED_FACE('',(#13865),#13857,.F.);
#13874=EDGE_CURVE('',#13511,#13507,#13059,.T.);
#13879=ADVANCED_FACE('',(#13878),#13871,.F.);
#13891=ADVANCED_FACE('',(#13890),#13884,.F.);
#13897=EDGE_CURVE('',#13513,#13503,#13071,.T.);
#13901=EDGE_CURVE('',#13513,#13415,#13115,.T.);
#13905=ADVANCED_FACE('',(#13904),#13896,.F.);
#13914=EDGE_CURVE('',#13471,#13513,#13083,.T.);
#13918=ADVANCED_FACE('',(#13917),#13910,.T.);
#13924=EDGE_CURVE('',#13515,#13473,#13079,.T.);
#13928=EDGE_CURVE('',#13517,#13513,#13108,.T.);
#13930=EDGE_CURVE('',#13515,#13517,#13103,.T.);
#13934=ADVANCED_FACE('',(#13933),#13923,.T.);
#13942=EDGE_CURVE('',#13465,#13515,#13091,.T.);
#13947=ADVANCED_FACE('',(#13946),#13939,.T.);
#13954=EDGE_CURVE('',#13515,#13411,#13098,.T.);
#13960=ADVANCED_FACE('',(#13959),#13952,.F.);
#13974=ADVANCED_FACE('',(#13973),#13965,.T.);
#13980=EDGE_CURVE('',#13520,#13521,#13124,.T.);
#13982=EDGE_CURVE('',#13501,#13520,#13149,.T.);
#13985=EDGE_CURVE('',#13500,#13521,#13119,.T.);
#13989=ADVANCED_FACE('',(#13988),#13979,.T.);
#13996=EDGE_CURVE('',#13521,#13520,#13129,.T.);
#14000=EDGE_CURVE('',#13524,#13525,#13133,.T.);
#14002=EDGE_CURVE('',#13525,#13527,#13137,.T.);
#14004=EDGE_CURVE('',#13527,#13529,#13141,.T.);
#14006=EDGE_CURVE('',#13529,#13524,#13145,.T.);
#14010=ADVANCED_FACE('',(#13999,#14009),#13994,.F.);
#14022=ADVANCED_FACE('',(#14021),#14015,.T.);
#14028=EDGE_CURVE('',#13532,#13533,#13161,.T.);
#14030=EDGE_CURVE('',#13532,#13525,#13153,.T.);
#14033=EDGE_CURVE('',#13533,#13524,#13185,.T.);
#14037=ADVANCED_FACE('',(#14036),#14027,.F.);
#14043=EDGE_CURVE('',#13535,#13532,#13157,.T.);
#14046=EDGE_CURVE('',#13533,#13537,#13165,.T.);
#14048=EDGE_CURVE('',#13535,#13537,#13209,.T.);
#14052=ADVANCED_FACE('',(#14051),#14042,.F.);
#14058=EDGE_CURVE('',#13540,#13541,#13177,.T.);
#14060=EDGE_CURVE('',#13532,#13540,#13193,.T.);
#14063=EDGE_CURVE('',#13541,#13535,#13205,.T.);
#14067=ADVANCED_FACE('',(#14066),#14057,.F.);
#14073=EDGE_CURVE('',#13544,#13545,#13169,.T.);
#14075=EDGE_CURVE('',#13545,#13540,#13173,.T.);
#14078=EDGE_CURVE('',#13544,#13541,#13201,.T.);
#14082=ADVANCED_FACE('',(#14081),#14072,.T.);
#14088=EDGE_CURVE('',#13545,#13533,#13181,.T.);
#14091=EDGE_CURVE('',#13537,#13544,#13213,.T.);
#14096=ADVANCED_FACE('',(#14095),#14087,.T.);
#14105=EDGE_CURVE('',#13545,#13529,#13189,.T.);
#14109=ADVANCED_FACE('',(#14108),#14101,.F.);
#14118=EDGE_CURVE('',#13540,#13527,#13197,.T.);
#14122=ADVANCED_FACE('',(#14121),#14114,.T.);
#14134=ADVANCED_FACE('',(#14133),#14127,.F.);
#14146=ADVANCED_FACE('',(#14145),#14139,.T.);
#14153=EDGE_CURVE('',#13549,#13555,#13217,.T.);
#14155=EDGE_CURVE('',#13555,#13559,#13397,.T.);
#14157=EDGE_CURVE('',#13559,#13563,#13389,.T.);
#14159=EDGE_CURVE('',#13563,#13567,#13372,.T.);
#14161=EDGE_CURVE('',#13567,#13571,#13359,.T.);
#14163=EDGE_CURVE('',#13571,#13575,#13351,.T.);
#14165=EDGE_CURVE('',#13575,#13579,#13334,.T.);
#14167=EDGE_CURVE('',#13579,#13583,#13257,.T.);
#14169=EDGE_CURVE('',#13583,#13548,#13229,.T.);
#14173=ADVANCED_FACE('',(#14172),#14151,.T.);
#14181=EDGE_CURVE('',#13553,#13557,#13221,.T.);
#14183=EDGE_CURVE('',#13557,#13555,#13225,.T.);
#14187=ADVANCED_FACE('',(#14186),#14178,.T.);
#14194=EDGE_CURVE('',#13585,#13552,#13233,.T.);
#14196=EDGE_CURVE('',#13581,#13585,#13261,.T.);
#14198=EDGE_CURVE('',#13577,#13581,#13343,.T.);
#14200=EDGE_CURVE('',#13573,#13577,#13355,.T.);
#14202=EDGE_CURVE('',#13569,#13573,#13363,.T.);
#14204=EDGE_CURVE('',#13565,#13569,#13381,.T.);
#14206=EDGE_CURVE('',#13561,#13565,#13393,.T.);
#14208=EDGE_CURVE('',#13557,#13561,#13401,.T.);
#14213=ADVANCED_FACE('',(#14212),#14192,.T.);
#14220=EDGE_CURVE('',#13585,#13583,#13265,.T.);
#14226=ADVANCED_FACE('',(#14225),#14218,.T.);
#14233=EDGE_CURVE('',#13581,#13579,#13347,.T.);
#14239=EDGE_CURVE('',#13438,#13439,#13241,.T.);
#14241=EDGE_CURVE('',#13439,#13441,#13245,.T.);
#14243=EDGE_CURVE('',#13441,#13443,#13249,.T.);
#14245=EDGE_CURVE('',#13443,#13438,#13253,.T.);
#14249=ADVANCED_FACE('',(#14238,#14248),#14231,.T.);
#14255=EDGE_CURVE('',#13446,#13447,#13273,.T.);
#14257=EDGE_CURVE('',#13446,#13439,#13269,.T.);
#14260=EDGE_CURVE('',#13447,#13438,#13309,.T.);
#14264=ADVANCED_FACE('',(#14263),#14254,.T.);
#14270=EDGE_CURVE('',#13446,#13449,#13285,.T.);
#14273=EDGE_CURVE('',#13451,#13447,#13305,.T.);
#14275=EDGE_CURVE('',#13449,#13451,#13321,.T.);
#14279=ADVANCED_FACE('',(#14278),#14269,.T.);
#14285=EDGE_CURVE('',#13454,#13455,#13277,.T.);
#14287=EDGE_CURVE('',#13455,#13446,#13281,.T.);
#14290=EDGE_CURVE('',#13449,#13454,#13289,.T.);
#14294=ADVANCED_FACE('',(#14293),#14284,.F.);
#14300=EDGE_CURVE('',#13458,#13459,#13301,.T.);
#14302=EDGE_CURVE('',#13458,#13455,#13293,.T.);
#14305=EDGE_CURVE('',#13459,#13454,#13329,.T.);
#14309=ADVANCED_FACE('',(#14308),#14299,.F.);
#14315=EDGE_CURVE('',#13447,#13458,#13297,.T.);
#14318=EDGE_CURVE('',#13451,#13459,#13325,.T.);
#14323=ADVANCED_FACE('',(#14322),#14314,.T.);
#14332=EDGE_CURVE('',#13458,#13443,#13313,.T.);
#14336=ADVANCED_FACE('',(#14335),#14328,.F.);
#14345=EDGE_CURVE('',#13455,#13441,#13317,.T.);
#14349=ADVANCED_FACE('',(#14348),#14341,.F.);
#14361=ADVANCED_FACE('',(#14360),#14354,.F.);
#14373=ADVANCED_FACE('',(#14372),#14366,.F.);
#14380=EDGE_CURVE('',#13575,#13577,#13338,.T.);
#14386=ADVANCED_FACE('',(#14385),#14378,.T.);
#14393=EDGE_CURVE('',#13573,#13571,#13367,.T.);
#14399=ADVANCED_FACE('',(#14398),#14391,.T.);
#14406=EDGE_CURVE('',#13569,#13567,#13385,.T.);
#14412=ADVANCED_FACE('',(#14411),#14404,.T.);
#14419=EDGE_CURVE('',#13563,#13565,#13376,.T.);
#14425=ADVANCED_FACE('',(#14424),#14417,.T.);
#14432=EDGE_CURVE('',#13561,#13559,#13405,.T.);
#14438=ADVANCED_FACE('',(#14437),#14430,.T.);
#14450=ADVANCED_FACE('',(#14449),#14443,.T.);
#14457=(LENGTH_UNIT()NAMED_UNIT(*)SI_UNIT(.MILLI.,.METRE.));
#14458=(NAMED_UNIT(*)PLANE_ANGLE_UNIT()SI_UNIT($,.RADIAN.));
#14461=(NAMED_UNIT(*)SI_UNIT($,.STERADIAN.)SOLID_ANGLE_UNIT());
#14463=(GEOMETRIC_REPRESENTATION_CONTEXT(3)GLOBAL_UNCERTAINTY_ASSIGNED_CONTEXT((
#14462))GLOBAL_UNIT_ASSIGNED_CONTEXT((#14457,#14460,#14461))REPRESENTATION_CONTEXT('ID1','3'));
#14464=ADVANCED_BREP_SHAPE_REPRESENTATION('',(#14452),#14463);
#14465=MANIFOLD_SURFACE_SHAPE_REPRESENTATION('',(#14453),#14463);
#14469=AXIS2_PLACEMENT_3D('',#14466,#14467,#14468);
#14470=SHAPE_REPRESENTATION('',(#14469),#14463);
#14479=PRODUCT_DEFINITION('part definition','',#14478,#14475);
#14480=PRODUCT_DEFINITION_SHAPE('','SHAPE FOR 15EDGVC-3_81-03P-1Y-00A_H_.',
#14479);
#14481=SHAPE_ASPECT('','solid data associated with 15EDGVC-3_81-03P-1Y-00A_H_',
#14480,.F.);
#14482=PROPERTY_DEFINITION('',
'shape for solid data with which properties are associated',#14481);
#14483=SHAPE_REPRESENTATION('',(#14452),#14463);
#14484=SHAPE_DEFINITION_REPRESENTATION(#14482,#14483);
#14485=(LENGTH_UNIT()NAMED_UNIT(*)SI_UNIT(.MILLI.,.METRE.));
#14489=PROPERTY_DEFINITION('geometric validation property',
'area of 15EDGVC-3_81-03P-1Y-00A_H_',#14481);
#14490=REPRESENTATION('surface area',(#14488),#14463);
#14491=PROPERTY_DEFINITION_REPRESENTATION(#14489,#14490);
#14492=(LENGTH_UNIT()NAMED_UNIT(*)SI_UNIT(.MILLI.,.METRE.));
#14496=PROPERTY_DEFINITION('geometric validation property',
'volume of 15EDGVC-3_81-03P-1Y-00A_H_',#14481);
#14497=REPRESENTATION('volume',(#14495),#14463);
#14498=PROPERTY_DEFINITION_REPRESENTATION(#14496,#14497);
#14500=PROPERTY_DEFINITION('geometric validation property',
'centroid of 15EDGVC-3_81-03P-1Y-00A_H_',#14481);
#14501=REPRESENTATION('centroid',(#14499),#14463);
#14502=PROPERTY_DEFINITION_REPRESENTATION(#14500,#14501);
#14503=SHAPE_ASPECT('',
'surface data associated with 15EDGVC-3_81-03P-1Y-00A_H_',#14480,.F.);
#14504=PROPERTY_DEFINITION('',
'shape for surface data with which properties are associated',#14503);
#14505=SHAPE_REPRESENTATION('',(#14453),#14463);
#14506=SHAPE_DEFINITION_REPRESENTATION(#14504,#14505);
#14507=(LENGTH_UNIT()NAMED_UNIT(*)SI_UNIT(.MILLI.,.METRE.));
#14511=PROPERTY_DEFINITION('geometric validation property',
'area of 15EDGVC-3_81-03P-1Y-00A_H_',#14503);
#14512=REPRESENTATION('surface area',(#14510),#14463);
#14513=PROPERTY_DEFINITION_REPRESENTATION(#14511,#14512);
#14514=(LENGTH_UNIT()NAMED_UNIT(*)SI_UNIT(.MILLI.,.METRE.));
#14518=PROPERTY_DEFINITION('geometric validation property',
'area of 15EDGVC-3_81-03P-1Y-00A_H_',#14480);
#14519=REPRESENTATION('surface area',(#14517),#14463);
#14520=PROPERTY_DEFINITION_REPRESENTATION(#14518,#14519);
#14521=(LENGTH_UNIT()NAMED_UNIT(*)SI_UNIT(.MILLI.,.METRE.));
#14525=PROPERTY_DEFINITION('geometric validation property',
'volume of 15EDGVC-3_81-03P-1Y-00A_H_',#14480);
#14526=REPRESENTATION('volume',(#14524),#14463);
#14527=PROPERTY_DEFINITION_REPRESENTATION(#14525,#14526);
#14529=PROPERTY_DEFINITION('geometric validation property',
'centroid of 15EDGVC-3_81-03P-1Y-00A_H_',#14480);
#14530=REPRESENTATION('centroid',(#14528),#14463);
#14531=PROPERTY_DEFINITION_REPRESENTATION(#14529,#14530);
#14532=SHAPE_DEFINITION_REPRESENTATION(#14480,#14470);
#14534=PROPERTY_DEFINITION('DESCRIPTION','user defined attribute',#14479);
#14538=REPRESENTATION('',(#14537),#14463);
#14539=PROPERTY_DEFINITION_REPRESENTATION(#14534,#14538);
#14540=PROPERTY_DEFINITION('MODELED_BY','user defined attribute',#14479);
#14544=REPRESENTATION('',(#14543),#14463);
#14545=PROPERTY_DEFINITION_REPRESENTATION(#14540,#14544);
ENDSEC;
END-ISO-10303-21;
